F1 INTEREST RATES AND YIELDS – MONEY MARKET,,,,,,,,,,,,,,,,,
Title,Cash Rate Target,Change in the Cash Rate Target ,Interbank Overnight Cash Rate,Highest Interbank Overnight Cash Rate,Lowest Interbank Overnight Cash Rate,Volume of Cash Market Transactions,Number of Cash Market Transactions,Total Return Index,EOD 1-month BABs/NCDs,EOD 3-month BABs/NCDs,EOD 6-month BABs/NCDs,1-month OIS,3-month OIS,6-month OIS,1-month Treasury Note,3- month Treasury Note,6- month Treasury Note
Description,Cash Rate Target on date,Change in the Cash Rate Target (in percentage points),Interbank Overnight Cash Rate on date,Highest Interbank Overnight Cash Rate on date,Lowest Interbank Overnight Cash Rate on date,Volume of Interbank Overnight Cash Market Transactions on date,Number of Interbank Overnight Cash Market Transactions on date,Cash Rate Total Return Index on date,Bank Accepted Bills/Negotiable Certificates of Deposit-1 month,Bank Accepted Bills/Negotiable Certificates of Deposit-3 months,Bank Accepted Bills/Negotiable Certificates of Deposit- 6 months,Overnight Indexed Swaps-1 month,Overnight Indexed Swaps-3 months,Overnight Indexed Swaps-6 months,Treasury Note-1 month,Treasury Note-3 month,Treasury Note-6 month
Frequency,Daily,as announced,Daily,Daily,Daily,Daily,Daily,Daily,Daily,Daily,Daily,Daily,Daily,Daily,Daily,Daily,Daily
Type,Original,Original,Original,Original,Original,Original,Original,Original,Original,Original,Original,Original,Original,Original,Original,Original,Original
Units,Per cent,Per cent,Per cent,Per cent,Per cent,$m,Number ,Index 04-Jan-2011=100,Per cent,Per cent,Per cent,Per cent,Per cent,Per cent,Per cent,Per cent,Per cent
,,,,,,,,,,,,,,,,,
,,,,,,,,,,,,,,,,,
Source,RBA,RBA,RBA,RBA,RBA,RBA,RBA,RBA,ASX,ASX,ASX,FENICS,FENICS,FENICS,RBA,RBA,RBA
Publication date,21-Feb-2025,21-Feb-2025,21-Feb-2025,21-Feb-2025,21-Feb-2025,21-Feb-2025,21-Feb-2025,21-Feb-2025,21-Feb-2025,21-Feb-2025,21-Feb-2025,21-Feb-2025,21-Feb-2025,21-Feb-2025,21-Feb-2025,21-Feb-2025,21-Feb-2025
Series ID,FIRMMCRTD,FIRMMCCRT,FIRMMCRID,FIRMMCRIH,FIRMMCRIL,FIRMMCRIV,FIRMMCRIN,FIRMMCTRI,FIRMMBAB30D,FIRMMBAB90D,FIRMMBAB180D,FIRMMOIS1D,FIRMMOIS3D,FIRMMOIS6D,FIRMMTN1D,FIRMMTN3D,FIRMMTN6D
2011/01/04,4.75,,4.75,,,,,100,4.825,4.97,5.14,4.753,4.793,4.86,4.805,4.84,
2011/01/05,4.75,,4.75,,,,,100.013014,4.83,4.985,5.14,4.76,4.7875,4.85,4.805,4.835,
2011/01/06,4.75,,4.75,,,,,100.026029,4.83,4.98,5.15,4.76,4.7865,4.85,4.8,4.83,
2011/01/07,4.75,,4.75,,,,,100.039046,4.83,5.01,5.15,4.76,4.79,4.86,4.805,4.83,
2011/01/10,4.75,,4.75,,,,,100.078103,4.83,5,5.145,4.7565,4.784,4.8465,4.805,,
2011/01/11,4.75,,4.75,,,,,100.091126,4.82,4.94,5.075,4.75,4.77,4.8,4.79,,
2011/01/12,4.75,,4.75,,,,,100.104152,4.83,4.95,5.09,4.7475,4.765,4.8075,4.795,,
2011/01/13,4.75,,4.75,,,,,100.117179,4.83,4.985,5.14,4.76,4.78,4.84,4.795,4.83,
2011/01/14,4.75,,4.75,,,,,100.130208,4.815,4.955,5.1,4.76,4.78,4.83,4.795,4.835,
2011/01/17,4.75,,4.75,,,,,100.1693,4.81,4.97,5.095,4.75,4.773,4.84,4.8,4.835,
2011/01/18,4.75,,4.75,,,,,100.182336,4.815,4.935,5.065,4.76,4.77,4.83,4.8,4.825,
2011/01/19,4.75,,4.75,,,,,100.195373,4.82,4.92,5.07,4.75,4.769,4.83,4.79,4.815,
2011/01/20,4.75,,4.75,,,,,100.208412,4.82,4.925,5.065,4.75,4.77,4.83,4.785,4.805,
2011/01/21,4.75,,4.75,,,,,100.221453,4.81,4.93,5.085,4.75,4.78,4.84,4.775,4.8,
2011/01/24,4.75,,4.75,,,,,100.260581,4.82,4.93,5.13,4.76,4.79,4.85,4.775,4.8,
2011/01/25,4.75,,4.75,,,,,100.273628,4.82,4.955,5.13,4.75,4.78,4.84,4.77,4.79,
2011/01/27,4.75,,4.75,,,,,100.299727,4.835,4.945,5.095,4.75,4.77,4.83,4.765,4.8,
2011/01/28,4.75,,4.75,,,,,100.31278,4.835,4.95,5.095,4.75,4.77,4.8075,4.76,4.8,
2011/01/31,4.75,,4.75,,,,,100.351943,4.82,4.92,5.08,4.75,4.77,4.82,4.77,4.8,
2011/02/01,4.75,,4.75,,,,,100.365002,4.825,4.915,5.07,4.75,4.768,4.82,4.78,4.805,
2011/02/02,4.75,,4.75,,,,,100.378064,4.82,4.905,5.07,4.75,4.7665,4.8175,4.785,4.81,
2011/02/03,4.75,,4.75,,,,,100.391126,4.82,4.91,5.09,4.755,4.78,4.83,4.785,4.815,
2011/02/04,4.75,,4.75,,,,,100.404191,4.82,4.92,5.105,4.753,4.78,4.85,4.785,4.815,
2011/02/07,4.75,,4.75,,,,,100.44339,4.82,4.91,5.105,4.7515,4.7775,4.86,4.785,4.815,
2011/02/08,4.75,,4.75,,,,,100.456461,4.83,4.92,5.12,4.76,4.78,4.86,4.785,4.81,
2011/02/09,4.75,,4.75,,,,,100.469534,4.83,4.925,5.12,4.76,4.779,4.86,4.78,4.81,
2011/02/10,4.75,,4.75,,,,,100.482609,4.83,4.935,5.11,4.76,4.79,4.86,4.78,4.805,
2011/02/11,4.75,,4.75,,,,,100.495686,4.83,4.9,5.075,4.75,4.78,4.84,4.78,4.8,
2011/02/14,4.75,,4.75,,,,,100.53492,4.83,4.92,5.085,4.754,4.7765,4.839,4.78,4.8,
2011/02/15,4.75,,4.75,,,,,100.548004,4.82,4.905,5.08,4.76,4.78,4.84,4.79,4.805,
2011/02/16,4.75,,4.75,,,,,100.561089,4.81,4.91,5.085,4.754,4.7765,4.835,4.79,4.805,
2011/02/17,4.75,,4.75,,,,,100.574175,4.82,4.91,5.07,4.754,4.775,4.833,4.79,4.805,
2011/02/18,4.75,,4.75,,,,,100.587264,4.82,4.92,5.065,4.75,4.7765,4.84,4.79,4.815,
2011/02/21,4.75,,4.75,,,,,100.626534,4.82,4.91,5.07,4.753,4.775,4.835,4.79,4.815,
2011/02/22,4.75,,4.75,,,,,100.639629,4.82,4.91,5.06,4.753,4.775,4.833,4.785,4.815,
2011/02/23,4.75,,4.75,,,,,100.652726,4.82,4.915,5.06,4.753,4.775,4.83,4.775,4.815,
2011/02/24,4.75,,4.75,,,,,100.665825,4.82,4.92,5.075,4.76,4.79,4.86,4.77,4.805,
2011/02/25,4.75,,4.75,,,,,100.678925,4.825,4.93,5.08,4.755,4.785,4.845,4.76,4.795,
2011/02/28,4.75,,4.75,,,,,100.718232,4.835,4.96,5.095,4.755,4.785,4.85,4.755,4.785,
2011/03/01,4.75,,4.75,,,,,100.731339,4.85,4.95,5.1,4.755,4.7875,4.855,4.75,4.775,
2011/03/02,4.75,,4.75,,,,,100.744448,4.85,4.95,5.1,4.755,4.785,4.848,4.75,4.775,
2011/03/03,4.75,,4.75,,,,,100.757558,4.84,4.945,5.105,4.755,4.785,4.848,4.75,4.77,
2011/03/04,4.75,,4.75,,,,,100.77067,4.83,4.975,5.12,4.755,4.788,4.858,4.75,4.77,
2011/03/07,4.75,,4.75,,,,,100.810012,4.82,4.97,5.12,4.76,4.79,4.86,4.745,4.765,
2011/03/08,4.75,,4.75,,,,,100.823132,4.83,4.965,5.12,4.755,4.788,4.85,4.745,4.76,
2011/03/09,4.75,,4.75,,,,,100.836252,4.84,4.97,5.11,4.76,4.79,4.85,4.745,4.76,
2011/03/10,4.75,,4.75,,,,,100.849375,4.84,4.97,5.11,4.755,4.785,4.84,,4.75,4.755
2011/03/11,4.75,,4.75,,,,,100.862499,4.835,4.985,5.115,4.76,4.78,4.83,,4.75,4.76
2011/03/14,4.75,,4.75,,,,,100.901877,4.82,4.94,5.075,4.755,4.768,4.808,4.735,,4.755
2011/03/15,4.75,,4.75,,,,,100.915008,4.805,4.85,4.9,4.7,4.69,4.7,4.685,,4.69
2011/03/16,4.75,,4.75,,,,,100.928141,4.82,4.87,4.94,4.73,4.719,4.73,4.69,,4.69
2011/03/17,4.75,,4.75,,,,,100.941275,4.815,4.84,4.89,4.715,4.6955,4.6925,4.68,,4.67
2011/03/18,4.75,,4.75,,,,,100.954411,4.82,4.87,4.97,4.73,4.7275,4.748,4.695,,4.69
2011/03/21,4.75,,4.75,,,,,100.993825,4.81,4.855,4.955,4.73,4.74,4.765,4.705,,4.7
2011/03/22,4.75,,4.75,,,,,101.006968,4.815,4.88,5,4.7375,4.739,4.77,4.705,,4.7
2011/03/23,4.75,,4.75,,,,,101.020113,4.81,4.895,5,4.73,4.75,4.79,4.71,,4.7
2011/03/24,4.75,,4.75,,,,,101.033259,4.81,4.88,5,4.735,4.738,4.7625,4.7,4.705,4.73
2011/03/25,4.75,,4.75,,,,,101.046408,4.82,4.9,5.01,4.74,4.74,4.7675,4.7,4.715,4.74
2011/03/28,4.75,,4.75,,,,,101.085857,4.82,4.93,5.02,4.74,4.76,4.79,4.705,,
2011/03/29,4.75,,4.75,,,,,101.099012,4.82,4.93,5.01,4.7375,4.7455,4.7775,4.705,,
2011/03/30,4.75,,4.75,,,,,101.112169,4.82,4.925,5.02,4.74,4.7425,4.785,4.705,,
2011/03/31,4.75,,4.75,,,,,101.125327,4.845,4.915,5.01,4.74,4.745,4.7775,4.705,,
2011/04/01,4.75,,4.75,,,,,101.138487,4.81,4.9,5,4.74,4.749,4.79,4.705,,
2011/04/04,4.75,,4.75,,,,,101.177973,4.82,4.885,5,4.743,4.75,4.788,4.71,,
2011/04/05,4.75,,4.75,,,,,101.19114,4.81,4.9,5,4.75,4.76,4.795,4.72,,
2011/04/06,4.75,,4.75,,,,,101.204309,4.8,4.895,5,4.753,4.76,4.795,4.725,,
2011/04/07,4.75,,4.75,,,,,101.217479,4.8,4.91,5.035,4.755,4.77,4.8275,4.73,4.755,
2011/04/08,4.75,,4.75,,,,,101.230651,4.8,4.925,5.035,4.75,4.78,4.84,4.735,4.765,
2011/04/11,4.75,,4.75,,,,,101.270173,4.78,4.9,5.03,4.76,4.7765,4.835,4.745,4.775,
2011/04/12,4.75,,4.75,,,,,101.283352,4.79,4.89,5.01,4.753,4.77,4.815,4.77,4.8,
2011/04/13,4.75,,4.75,,,,,101.296533,4.79,4.92,5.01,4.755,4.773,4.83,4.775,4.8,
2011/04/14,4.75,,4.75,,,,,101.309715,4.79,4.91,5.015,4.754,4.7655,4.815,4.775,4.79,
2011/04/15,4.75,,4.75,,,,,101.322899,4.79,4.9,5.02,4.7515,4.765,4.815,4.77,4.785,
2011/04/18,4.75,,4.75,,,,,101.362457,4.79,4.88,5.01,4.75,4.77,4.82,4.75,4.77,
2011/04/19,4.75,,4.75,,,,,101.375648,4.79,4.87,4.985,4.75,4.7585,4.8,4.74,4.755,
2011/04/20,4.75,,4.75,,,,,101.38884,4.79,4.84,4.99,4.75,4.77,4.81,4.735,4.755,
2011/04/21,4.75,,4.75,,,,,101.402035,4.78,4.905,5.015,4.75,4.76,4.805,4.725,4.735,
2011/04/27,4.75,,4.75,,,,,101.481212,4.8,4.93,5.05,4.76,4.79,4.86,4.715,4.735,
2011/04/28,4.75,,4.75,,,,,101.494418,4.825,4.93,5.05,4.76,4.8,4.87,4.71,4.72,
2011/04/29,4.75,,4.75,,,,,101.507626,4.815,4.92,5.055,4.76,4.81,4.88,4.705,4.725,
2011/05/02,4.75,,4.75,,,,,101.547256,4.825,4.935,5.09,4.77,4.82,4.9,4.71,4.735,
2011/05/03,4.75,,4.75,,,,,101.560471,4.805,4.94,5.1,4.76,4.8,4.88,4.71,4.745,
2011/05/04,4.75,,4.75,,,,,101.573688,4.82,4.96,5.135,4.76,4.82,4.92,4.715,4.74,
2011/05/05,4.75,,4.75,,,,,101.586906,4.81,4.95,5.11,4.76,4.82,4.91,4.72,4.745,
2011/05/06,4.75,,4.75,,,,,101.600127,4.83,5.02,5.175,4.76,4.86,4.96,4.74,4.775,
2011/05/09,4.75,,4.75,,,,,101.639792,4.82,5.04,5.2,4.77,4.86,4.965,4.75,4.785,
2011/05/10,4.75,,4.75,,,,,101.65302,4.82,5.04,5.2,4.77,4.85,4.9405,4.75,4.775,
2011/05/11,4.75,,4.75,,,,,101.666248,4.82,5.03,5.2,4.77,4.853,4.9525,4.75,4.78,
2011/05/12,4.75,,4.75,,,,,101.679479,4.82,5.03,5.16,4.765,4.835,4.92,4.75,4.785,
2011/05/13,4.75,,4.75,,,,,101.692711,4.81,5.03,5.16,4.77,4.84,4.928,4.745,4.77,
2011/05/16,4.75,,4.75,,,,,101.732413,4.81,4.975,5.15,4.77,4.85,4.93,4.75,4.775,
2011/05/17,4.75,,4.75,,,,,101.745652,4.82,5.005,5.19,4.775,4.845,4.935,4.745,4.775,
2011/05/18,4.75,,4.75,,,,,101.758893,4.815,4.99,5.175,4.77,4.83,4.913,4.74,4.77,
2011/05/19,4.75,,4.75,,,,,101.772136,4.82,5.01,5.17,4.773,4.839,4.9175,4.74,4.77,
2011/05/20,4.75,,4.75,,,,,101.78538,4.825,5.01,5.165,4.778,4.84,4.92,4.735,4.765,
2011/05/23,4.75,,4.75,,,,,101.825118,4.815,4.985,5.155,4.77,4.82,4.89,4.735,4.755,
2011/05/24,4.75,,4.75,,,,,101.838369,4.83,5.005,5.17,4.773,4.82,4.885,4.73,4.75,
2011/05/25,4.75,,4.75,,,,,101.851622,4.83,5.01,5.16,4.77,4.82,4.88,4.72,4.75,
2011/05/26,4.75,,4.75,,,,,101.864877,4.83,5.04,5.175,4.775,4.833,4.9055,,4.755,
2011/05/27,4.75,,4.75,,,,,101.878133,4.84,5.03,5.16,4.775,4.828,4.89,,4.77,
2011/05/30,4.75,,4.75,,,,,101.917908,4.835,5.03,5.155,4.775,4.82,4.875,,4.765,
2011/05/31,4.75,,4.75,,,,,101.931171,4.825,5.005,5.135,4.77,4.815,4.865,,4.765,
2011/06/01,4.75,,4.75,,,,,101.944436,4.83,5.01,5.155,4.775,4.86,4.925,,4.775,
2011/06/02,4.75,,4.75,,,,,101.957703,4.84,5.02,5.16,4.78,4.86,4.925,,4.78,
2011/06/03,4.75,,4.75,,,,,101.970971,4.84,5,5.155,4.79,4.86,4.923,,4.78,
2011/06/06,4.75,,4.75,,,,,102.010782,4.84,5.015,5.2,4.798,4.868,4.935,4.75,4.78,
2011/06/07,4.75,,4.75,,,,,102.024057,4.825,5,5.13,4.76,4.815,4.878,4.75,4.77,
2011/06/08,4.75,,4.75,,,,,102.037334,4.82,5,5.16,4.76,4.82,4.88,4.75,4.78,
2011/06/09,4.75,,4.75,,,,,102.050613,4.82,4.98,5.105,4.758,4.793,4.8325,4.74,4.765,
2011/06/10,4.75,,4.75,,,,,102.063894,4.82,4.99,5.11,4.76,4.79,4.83,4.725,4.75,
2011/06/14,4.75,,4.75,,,,,102.117023,4.83,5,5.11,4.7565,4.7925,4.838,4.71,4.745,
2011/06/15,4.75,,4.75,,,,,102.130312,4.81,5,5.13,4.76,4.805,4.863,4.715,4.75,
2011/06/16,4.75,,4.75,,,,,102.143603,4.83,4.96,5.05,4.74,4.76,4.79,4.685,4.695,
2011/06/17,4.75,,4.75,,,,,102.156896,4.84,4.98,5.09,4.745,4.76,4.785,4.69,4.7,
2011/06/20,4.75,,4.75,,,,,102.196779,4.85,4.97,5.065,4.7425,4.754,4.77,4.685,4.7,
2011/06/21,4.75,,4.75,,,,,102.210078,4.85,4.97,5.07,4.74,4.743,4.753,4.68,4.705,
2011/06/22,4.75,,4.75,,,,,102.22338,4.875,4.98,5.07,4.75,4.76,4.77,4.685,4.71,
2011/06/23,4.75,,4.75,,,,,102.236683,4.87,5.005,5.07,4.743,4.743,4.755,4.69,4.71,
2011/06/24,4.75,,4.75,,,,,102.249988,4.88,5,5.09,4.74,4.74,4.76,4.685,4.705,
2011/06/27,4.75,,4.75,,,,,102.289907,4.88,4.98,5.03,4.73,4.68,4.65,4.655,,
2011/06/28,4.75,,4.75,,,,,102.303219,4.89,4.995,5.025,4.73,4.69,4.665,4.65,,
2011/06/29,4.75,,4.75,,,,,102.316532,4.91,4.98,5.05,4.75,4.725,4.725,4.645,,
2011/06/30,4.75,,4.75,,,,,102.329847,4.905,4.99,5.055,4.75,4.74,4.75,4.645,,
2011/07/01,4.75,,4.75,,,,,102.343164,4.83,4.98,5.04,4.75,4.76,4.78,4.67,,
2011/07/04,4.75,,4.75,,,,,102.38312,4.82,4.965,5.03,4.75,4.743,4.743,4.69,,
2011/07/05,4.75,,4.75,,,,,102.396444,4.83,4.95,5.02,4.75,4.75,4.74,4.695,,
2011/07/06,4.75,,4.75,,,,,102.40977,4.835,4.97,5.01,4.75,4.75,4.74,4.7,,
2011/07/07,4.75,,4.75,,,,,102.423097,4.83,4.97,5.03,4.755,4.75,4.745,4.7,4.725,
2011/07/08,4.75,,4.75,,,,,102.436426,4.825,4.97,5.035,4.7555,4.753,4.76,4.7,4.725,
2011/07/11,4.75,,4.75,,,,,102.476418,4.83,4.955,4.985,4.74,4.72,4.7,4.69,4.71,
2011/07/12,4.75,,4.75,,,,,102.489754,4.82,4.935,4.94,4.71,4.64,4.58,4.675,4.675,
2011/07/13,4.75,,4.75,,,,,102.503092,4.835,4.94,4.92,4.72,4.66,4.58,4.68,4.68,
2011/07/14,4.75,,4.75,,,,,102.516431,4.835,4.975,4.955,4.72,4.66,4.59,4.685,4.67,
2011/07/15,4.75,,4.75,,,,,102.529772,4.835,4.93,4.9,4.72,4.64,4.54,4.675,4.655,
2011/07/18,4.75,,4.75,,,,,102.569801,4.82,4.865,4.865,4.73,4.65,4.55,4.68,4.655,
2011/07/19,4.75,,4.75,,,,,102.583149,4.83,4.865,4.875,4.735,4.674,4.58,4.68,4.66,
2011/07/20,4.75,,4.75,,,,,102.596499,4.84,4.895,4.9,4.74,4.695,4.63,4.68,4.66,
2011/07/21,4.75,,4.75,,,,,102.609851,4.84,4.9,4.95,4.74,4.7025,4.6375,4.65,4.63,
2011/07/22,4.75,,4.75,,,,,102.623204,4.86,4.95,4.98,4.75,4.72,4.67,4.64,4.62,
2011/07/25,4.75,,4.75,,,,,102.663269,4.86,4.96,4.98,4.74,4.7,4.65,4.635,4.615,
2011/07/26,4.75,,4.75,,,,,102.67663,4.86,4.98,5,4.75,4.72,4.67,4.62,4.61,
2011/07/27,4.75,,4.75,,,,,102.689992,4.87,5.03,5.07,4.7675,4.7725,4.7675,4.665,4.665,
2011/07/28,4.75,,4.75,,,,,102.703355,4.86,5.02,5.1,4.7975,4.8125,4.8155,4.67,4.66,
2011/07/29,4.75,,4.75,,,,,102.716721,4.855,5.035,5.085,4.78,4.79,4.78,4.67,4.66,
2011/08/01,4.75,,4.75,,,,,102.756823,,,,,,,,,
2011/08/02,4.75,,4.75,,,,,102.770195,4.84,4.95,4.995,4.75,4.72,4.67,4.65,4.615,
2011/08/03,4.75,,4.75,,,,,102.783569,4.875,4.925,4.865,4.73,4.62,4.47,4.595,4.555,
2011/08/04,4.75,,4.75,,,,,102.796945,4.89,4.99,4.94,4.74,4.65,4.53,4.57,4.555,
2011/08/05,4.75,,4.75,,,,,102.810323,4.91,4.865,4.605,4.57,4.24,3.94,4.395,4.155,
2011/08/08,4.75,,4.75,,,,,102.850461,4.9,4.885,4.625,4.65,4.28,3.96,4.4,4.16,
2011/08/09,4.75,,4.75,,,,,102.863846,4.9,4.77,4.52,4.6,4.185,3.855,4.405,4.11,
2011/08/10,4.75,,4.75,,,,,102.877232,4.865,4.85,4.6,4.65,4.33,4.04,4.45,4.155,
2011/08/11,4.75,,4.75,,,,,102.89062,4.87,4.83,4.555,4.64,4.25,3.94,4.415,4.08,
2011/08/12,4.75,,4.75,,,,,102.90401,4.9,4.86,4.57,4.62,4.24,3.93,4.395,4.07,
2011/08/15,4.75,,4.75,,,,,102.944185,4.9,4.895,4.67,4.67,4.36,4.06,4.4,4.125,
2011/08/16,4.75,,4.75,,,,,102.957582,4.87,4.84,4.7,4.66,4.37,4.07,4.405,4.14,
2011/08/17,4.75,,4.75,,,,,102.970981,4.89,4.88,4.75,4.68,4.39,4.09,4.41,4.165,
2011/08/18,4.75,,4.75,,,,,102.984381,4.88,4.81,4.69,4.68,4.38,4.08,4.42,4.16,
2011/08/19,4.75,,4.75,,,,,102.997783,4.88,4.79,4.56,4.625,4.28,3.95,4.395,4.125,
2011/08/22,4.75,,4.75,,,,,103.037994,4.86,4.79,4.56,4.62,4.28,3.95,4.42,4.15,
2011/08/23,4.75,,4.75,,,,,103.051404,4.85,4.83,4.63,4.66,4.37,4.05,4.41,4.195,
2011/08/24,4.75,,4.75,,,,,103.064814,4.84,4.815,4.65,4.67,4.34,4.04,4.41,4.18,
2011/08/25,4.75,,4.75,,,,,103.078227,4.845,4.825,4.655,4.68,4.36,4.08,,4.295,
2011/08/26,4.75,,4.75,,,,,103.091641,4.84,4.85,4.66,4.69,4.39,4.12,,4.315,
2011/08/29,4.75,,4.75,,,,,103.131889,4.83,4.875,4.75,4.7,4.43,4.17,,,
2011/08/30,4.75,,4.75,,,,,103.145311,4.81,4.88,4.795,4.7,4.47,4.21,,,
2011/08/31,4.75,,4.75,,,,,103.158734,4.815,4.86,4.76,4.71,4.47,4.21,,,
2011/09/01,4.75,,4.75,,,,,103.172158,4.82,4.835,4.75,4.72,4.52,4.28,,4.36,
2011/09/02,4.75,,4.75,,,,,103.185585,4.8,4.815,4.73,4.7,4.48,4.23,,4.355,
2011/09/05,4.75,,4.75,,,,,103.22587,4.785,4.77,4.65,4.7,4.44,4.16,4.42,4.33,
2011/09/06,4.75,,4.75,,,,,103.239303,4.8,4.8,4.67,4.71,4.44,4.16,4.41,4.32,
2011/09/07,4.75,,4.75,,,,,103.252738,4.81,4.83,4.72,4.71,4.52,4.28,4.445,4.36,
2011/09/08,4.75,,4.75,,,,,103.266175,4.81,4.825,4.735,4.7,4.49,4.22,4.45,4.36,
2011/09/09,4.75,,4.75,,,,,103.279614,4.825,4.88,4.72,4.7,4.49,4.24,4.46,4.365,
2011/09/12,4.75,,4.75,,,,,103.319936,4.81,4.86,4.695,4.63,4.36,4.08,4.41,4.295,
2011/09/13,4.75,,4.75,,,,,103.333381,4.81,4.86,4.64,4.63,4.35,4.05,4.405,4.29,
2011/09/14,4.75,,4.75,,,,,103.346829,4.81,4.825,4.54,4.59,4.26,3.92,4.385,4.25,
2011/09/15,4.75,,4.75,,,,,103.360278,4.83,4.845,4.555,4.63,4.32,3.99,4.455,4.305,
2011/09/16,4.75,,4.75,,,,,103.373729,4.8,4.78,4.565,4.65,4.36,4.05,4.485,4.3,
2011/09/19,4.75,,4.75,,,,,103.414087,4.78,4.75,4.55,4.62,4.31,3.99,4.47,4.285,
2011/09/20,4.75,,4.75,,,,,103.427545,4.79,4.75,4.55,4.67,4.38,4.05,4.485,4.26,
2011/09/21,4.75,,4.75,,,,,103.441005,4.78,4.77,4.585,4.68,4.43,4.12,4.505,4.27,
2011/09/22,4.75,,4.75,,,,,103.454467,4.785,4.755,4.605,4.68,4.42,4.11,4.55,4.455,
2011/09/23,4.75,,4.75,,,,,103.46793,4.79,4.76,4.56,4.67,4.37,4.06,4.535,4.415,
2011/09/26,4.75,,4.75,,,,,103.508325,4.79,4.77,4.57,4.67,4.37,4.05,4.535,4.41,
2011/09/27,4.75,,4.75,,,,,103.521795,4.805,4.82,4.63,4.69,4.44,4.15,4.59,4.43,
2011/09/28,4.75,,4.75,,,,,103.535267,4.84,4.82,4.66,4.69,4.43,4.15,4.6,4.455,
2011/09/29,4.75,,4.75,,,,,103.548741,4.86,4.835,4.64,4.68,4.41,4.12,4.63,4.545,
2011/09/30,4.75,,4.75,,,,,103.562216,4.86,4.86,4.635,4.66,4.4,4.11,4.64,4.565,
2011/10/03,4.75,,4.75,,,,,103.602648,,,,,,,,,
2011/10/04,4.75,,4.75,,,,,103.616131,4.77,4.69,4.47,4.66,4.35,4.01,4.59,,
2011/10/05,4.75,,4.75,,,,,103.629615,4.785,4.72,4.49,4.66,4.36,4.02,4.615,,
2011/10/06,4.75,,4.75,,,,,103.643101,4.79,4.72,4.54,4.67,4.39,4.07,4.64,,
2011/10/07,4.75,,4.75,,,,,103.656589,4.81,4.72,4.56,4.66,4.41,4.11,4.65,,
2011/10/10,4.75,,4.75,,,,,103.697058,4.795,4.71,4.61,4.65,4.4,4.11,4.655,,
2011/10/11,4.75,,4.75,,,,,103.710552,4.8,4.72,4.62,4.63,4.4,4.12,4.665,,
2011/10/12,4.75,,4.75,,,,,103.724049,4.78,4.72,4.6,4.63,4.3775,4.1,4.66,,
2011/10/13,4.75,,4.75,,,,,103.737547,4.81,4.795,4.69,4.69,4.5,4.25,4.69,,
2011/10/14,4.75,,4.75,,,,,103.751047,4.785,4.785,4.685,4.67,4.47,4.21,4.69,,
2011/10/17,4.75,,4.75,,,,,103.791553,4.77,4.77,4.71,4.68,4.51,4.28,4.695,,
2011/10/18,4.75,,4.75,,,,,103.80506,4.785,4.74,4.67,4.67,4.49,4.25,4.675,,
2011/10/19,4.75,,4.75,,,,,103.818569,4.795,4.74,4.7,4.65,4.48,4.24,4.665,,
2011/10/20,4.75,,4.75,,,,,103.83208,4.81,4.73,4.71,4.64,4.47,4.23,4.655,4.56,
2011/10/21,4.75,,4.75,,,,,103.845592,4.815,4.72,4.7,4.63,4.455,4.22,4.65,4.56,
2011/10/24,4.75,,4.75,,,,,103.886134,4.82,4.72,4.715,4.62,4.45,4.23,4.66,4.565,
2011/10/25,4.75,,4.75,,,,,103.899654,4.81,4.735,4.72,4.62,4.45,4.23,4.665,4.555,
2011/10/26,4.75,,4.75,,,,,103.913175,4.74,4.63,4.57,4.54,4.34,4.08,4.67,4.485,
2011/10/27,4.75,,4.75,,,,,103.926698,4.78,4.7,4.665,4.58,4.43,4.21,,4.48,
2011/10/28,4.75,,4.75,,,,,103.940223,4.79,4.72,4.66,4.565,4.42,4.21,,4.495,
2011/10/31,4.75,,4.75,,,,,103.980802,4.79,4.71,4.65,4.57,4.41,4.2,4.57,4.48,
2011/11/01,4.75,,4.75,,,,,103.994334,4.63,4.625,4.56,4.5,4.38,4.14,4.51,4.46,
2011/11/02,4.5,-0.25,4.5,,,,,104.007867,4.64,4.63,4.53,4.49,4.33,4.08,4.505,4.425,
2011/11/03,4.5,,4.5,,,,,104.02069,4.64,4.64,4.54,4.49,4.29,4.04,4.47,4.365,
2011/11/04,4.5,,4.5,,,,,104.033515,4.66,4.65,4.58,4.48,4.32,4.06,4.475,4.355,
2011/11/07,4.5,,4.5,,,,,104.071993,4.675,4.655,4.59,4.46,4.31,4.04,4.48,4.37,
2011/11/08,4.5,,4.5,,,,,104.084824,4.685,4.68,4.565,4.46,4.3,4,4.47,4.365,
2011/11/09,4.5,,4.5,,,,,104.097656,4.7,4.68,4.55,4.45,4.31,4.01,4.475,4.36,
2011/11/10,4.5,,4.5,,,,,104.11049,4.71,4.63,4.45,4.42,4.22,3.88,4.39,4.225,
2011/11/11,4.5,,4.5,,,,,104.123326,4.74,4.66,4.475,4.41,4.23,3.88,4.4,4.23,
2011/11/14,4.5,,4.5,,,,,104.161837,4.76,4.66,4.48,4.42,4.26,3.94,4.425,4.29,
2011/11/15,4.5,,4.5,,,,,104.174679,4.76,4.635,4.435,4.41,4.25,3.89,4.375,4.215,
2011/11/16,4.5,,4.5,,,,,104.187522,4.66,4.59,4.4,4.38,4.22,3.855,4.36,4.225,
2011/11/17,4.5,,4.5,,,,,104.200367,4.655,4.595,4.37,4.38,4.21,3.84,4.315,4.165,
2011/11/18,4.5,,4.5,,,,,104.213214,4.64,4.61,4.36,4.35,4.18,3.78,4.295,4.145,
2011/11/21,4.5,,4.5,,,,,104.251759,4.65,4.61,4.35,4.36,4.2,3.79,4.3,4.175,
2011/11/22,4.5,,4.5,,,,,104.264611,4.64,4.605,4.345,4.34,4.17,3.75,4.29,4.165,
2011/11/23,4.5,,4.5,,,,,104.277466,4.645,4.61,4.31,4.3,4.14,3.71,4.265,4.14,
2011/11/24,4.5,,4.5,,,,,104.290322,4.65,4.595,4.31,4.29,4.11,3.69,4.25,4.11,
2011/11/25,4.5,,4.5,,,,,104.30318,4.645,4.585,4.28,4.26,4.1,3.66,4.235,4.095,
2011/11/28,4.5,,4.5,,,,,104.341758,4.65,4.595,4.34,4.29,4.12,3.685,4.245,4.13,
2011/11/29,4.5,,4.5,,,,,104.354622,4.66,4.58,4.37,4.29,4.13,3.71,4.245,4.12,
2011/11/30,4.5,,4.5,,,,,104.367487,4.635,4.575,4.34,4.28,4.135,3.72,4.255,4.125,
2011/12/01,4.5,,4.5,,,,,104.380355,4.575,4.56,4.32,4.28,4.16,3.77,,4.135,
2011/12/02,4.5,,4.5,,,,,104.393223,4.605,4.565,4.35,4.28,4.17,3.78,,4.04,
2011/12/05,4.5,,4.5,,,,,104.431835,4.6,4.56,4.36,4.29,4.17,3.78,,4.04,
2011/12/06,4.5,,4.5,,,,,104.44471,4.49,4.49,4.3,4.21,4.1,3.71,,3.965,
2011/12/07,4.25,-0.25,4.25,,,,,104.457587,4.48,4.52,4.33,4.22,4.1,3.73,,3.975,
2011/12/08,4.25,,4.25,,,,,104.469749,4.45,4.505,4.32,4.22,4.09,3.71,,4.015,
2011/12/09,4.25,,4.25,,,,,104.481914,4.425,4.515,4.32,4.18,4.04,3.67,,3.99,
2011/12/12,4.25,,4.25,,,,,104.518411,4.41,4.54,4.38,4.2,4.06,3.71,,3.995,
2011/12/13,4.25,,4.25,,,,,104.530581,4.42,4.53,4.365,4.19,4.05,3.69,,3.99,
2011/12/14,4.25,,4.25,,,,,104.542752,4.42,4.53,4.35,4.19,4.05,3.68,,3.99,
2011/12/15,4.25,,4.25,,,,,104.554925,4.4,4.525,4.33,4.18,4.02,3.64,,3.995,
2011/12/16,4.25,,4.25,,,,,104.567099,4.385,4.44,4.25,4.18,4,3.62,,4.005,
2011/12/19,4.25,,4.25,,,,,104.603626,4.4,4.44,4.22,4.19,3.9775,3.595,4.07,4,
2011/12/20,4.25,,4.25,,,,,104.615806,4.43,4.45,4.22,4.21,3.99,3.61,4.075,4.005,
2011/12/21,4.25,,4.25,,,,,104.627987,4.43,4.47,4.3,4.22,4.015,3.67,4.08,4.015,
2011/12/22,4.25,,4.25,,,,,104.64017,4.43,4.47,4.31,4.21,4,3.64,4.09,4.02,
2011/12/23,4.25,,4.25,,,,,104.652354,4.43,4.53,4.38,4.218,3.99,3.645,4.1,4.025,
2011/12/28,4.25,,4.25,,,,,104.713282,4.45,4.52,4.44,4.23,4.03,3.7,4.11,,
2011/12/29,4.25,,4.25,,,,,104.725474,4.47,4.505,4.385,4.23,4.01,3.67,4.1,,
2011/12/30,4.25,,4.25,,,,,104.737668,4.485,4.495,4.37,4.205,3.955,3.63,4.095,,
2012/01/03,4.25,,4.25,,,,,104.78645,4.44,4.43,4.37,4.2,4.02,3.75,4.105,,
2012/01/04,4.25,,4.25,,,,,104.798652,4.43,4.45,4.425,4.23,4.04,3.77,4.115,,
2012/01/05,4.25,,4.25,,,,,104.810854,4.44,4.445,4.44,4.23,4.01,3.76,4.14,,
2012/01/06,4.25,,4.25,,,,,104.823058,4.45,4.45,4.41,4.22,3.98,3.72,4.13,,
2012/01/09,4.25,,4.25,,,,,104.859674,4.45,4.44,4.44,4.21,3.985,3.7125,4.13,,
2012/01/10,4.25,,4.25,,,,,104.871884,4.47,4.47,4.455,4.2,4.01,3.76,4.155,,
2012/01/11,4.25,,4.25,,,,,104.884095,4.48,4.47,4.43,4.21,4.01,3.77,4.16,,
2012/01/12,4.25,,4.25,,,,,104.896308,4.47,4.47,4.42,4.2,4,3.76,4.145,,
2012/01/13,4.25,,4.25,,,,,104.908522,4.48,4.465,4.41,4.2,4.01,3.79,4.145,3.965,
2012/01/16,4.25,,4.25,,,,,104.945168,4.395,4.39,4.315,4.18,3.97,3.72,4.125,3.955,
2012/01/17,4.25,,4.25,,,,,104.957387,4.4,4.4,4.335,4.18,4,3.77,4.14,3.975,
2012/01/18,4.25,,4.25,,,,,104.969609,4.43,4.39,4.325,4.17,3.99,3.76,4.15,3.98,
2012/01/19,4.25,,4.25,,,,,104.981831,4.41,4.36,4.31,4.17,3.98,3.76,4.155,3.99,
2012/01/20,4.25,,4.25,,,,,104.994055,4.405,4.37,4.33,4.16,3.98,3.77,4.16,4.005,
2012/01/23,4.25,,4.25,,,,,105.030731,4.41,4.36,4.33,4.15,3.9625,3.76,4.155,4,
2012/01/24,4.25,,4.25,,,,,105.042961,4.405,4.36,4.32,4.14,3.96,3.75,4.16,4,
2012/01/25,4.25,,4.25,,,,,105.055192,4.405,4.4,4.39,4.15,4.01,3.83,4.175,4.03,
2012/01/27,4.25,,4.25,,,,,105.079656,4.37,4.37,4.29,4.12,3.94,3.77,4.16,4.02,
2012/01/30,4.25,,4.25,,,,,105.116362,4.37,4.37,4.285,4.1,3.93,3.74,4.16,4.03,
2012/01/31,4.25,,4.25,,,,,105.128602,4.34,4.34,4.27,4.1,3.92,3.73,4.1,3.985,
2012/02/01,4.25,,4.25,,,,,105.140843,4.35,4.31,4.25,4.093,3.915,3.723,4.1,3.975,
2012/02/02,4.25,,4.25,,,,,105.153085,4.34,4.31,4.275,4.09,3.93,3.75,4.075,3.955,
2012/02/03,4.25,,4.25,,,,,105.165329,4.325,4.29,4.26,4.07,3.92,3.74,4.07,3.925,
2012/02/06,4.25,,4.25,,,,,105.202065,4.32,4.28,4.28,4.08,3.95,3.805,4.07,3.945,
2012/02/07,4.25,,4.25,,,,,105.214315,4.43,4.395,4.395,4.24,4.1,3.96,4.19,4.07,
2012/02/08,4.25,,4.25,,,,,105.226566,4.4,4.42,4.42,4.24,4.13,4,4.21,4.08,
2012/02/09,4.25,,4.25,,,,,105.238818,4.41,4.39,4.43,4.23,4.13,4.03,4.215,4.125,
2012/02/10,4.25,,4.25,,,,,105.251072,4.39,4.36,4.385,4.21,4.09,3.96,4.22,4.13,
2012/02/13,4.25,,4.25,,,,,105.287838,4.36,4.38,4.385,4.21,4.09,3.97,4.205,4.13,
2012/02/14,4.25,,4.25,,,,,105.300097,4.365,4.355,4.365,4.2,4.08,3.95,4.205,4.14,
2012/02/15,4.25,,4.25,,,,,105.312358,4.35,4.35,4.37,4.2,4.09,3.98,4.205,4.14,
2012/02/16,4.25,,4.25,,,,,105.324621,4.36,4.37,4.4,4.22,4.13,4.01,4.21,4.145,
2012/02/17,4.25,,4.25,,,,,105.336884,4.35,4.36,4.388,4.2175,4.135,4.05,4.205,4.15,
2012/02/20,4.25,,4.25,,,,,105.37368,4.33,4.36,4.427,4.22,4.17,4.08,4.21,4.155,
2012/02/21,4.25,,4.25,,,,,105.38595,4.34,4.35,4.44,4.22,4.15,4.06,4.215,4.155,
2012/02/22,4.25,,4.25,,,,,105.398221,4.34,4.357,4.43,4.22,4.15,4.06,4.215,4.15,
2012/02/23,4.25,,4.25,,,,,105.410493,4.35,4.38,4.433,4.22,4.15,4.06,,4.155,
2012/02/24,4.25,,4.25,,,,,105.422767,4.362,4.412,4.467,4.22,4.17,4.08,,4.145,
2012/02/27,4.25,,4.25,,,,,105.459593,4.362,4.45,4.49,4.22,4.17,4.08,,4.15,
2012/02/28,4.25,,4.25,,,,,105.471872,4.362,4.45,4.468,4.22,4.15,4.05,,4.15,
2012/02/29,4.25,,4.25,,,,,105.484153,4.368,4.452,4.458,4.22,4.15,4.05,,4.15,
2012/03/01,4.25,,4.25,,,,,105.496436,4.38,4.44,4.49,4.23,4.17,4.08,,4.175,
2012/03/02,4.25,,4.25,,,,,105.508719,4.38,4.453,4.503,4.22,4.17,4.1,,4.18,
2012/03/05,4.25,,4.25,,,,,105.545575,4.37,4.45,4.525,4.22,4.18,4.1,,4.18,
2012/03/06,4.25,,4.25,,,,,105.557865,4.38,4.492,4.52,4.24,4.18,4.09,,4.185,
2012/03/07,4.25,,4.25,,,,,105.570156,4.37,4.48,4.5,4.23,4.16,4.05,,4.17,
2012/03/08,4.25,,4.25,,,,,105.582448,4.358,4.48,4.498,4.24,4.16,4.06,,4.17,
2012/03/09,4.25,,4.25,,,,,105.594742,4.367,4.51,4.51,4.23,4.17,4.07,,4.175,
2012/03/12,4.25,,4.25,,,,,105.631628,4.36,4.52,4.53,4.23,4.15,4.04,4.22,4.175,
2012/03/13,4.25,,4.25,,,,,105.643927,4.35,4.49,4.5,4.22,4.15,4.04,4.22,4.175,
2012/03/14,4.25,,4.25,,,,,105.656228,4.383,4.48,4.5,4.23,4.17,4.08,4.235,4.185,
2012/03/15,4.25,,4.25,,,,,105.668531,4.4,4.457,4.48,4.24,4.18,4.11,4.235,4.185,
2012/03/16,4.25,,4.25,,,,,105.680835,4.355,4.43,4.47,4.23,4.17,4.09,4.235,4.18,
2012/03/19,4.25,,4.25,,,,,105.717751,4.368,4.43,4.46,4.23,4.17,4.1,4.23,4.18,
2012/03/20,4.25,,4.25,,,,,105.73006,4.36,4.43,4.47,4.23,4.17,4.08,4.225,4.175,
2012/03/21,4.25,,4.25,,,,,105.742371,4.37,4.43,4.45,4.23,4.16,4.07,4.225,4.175,
2012/03/22,4.25,,4.25,,,,,105.754684,4.37,4.42,4.44,4.22,4.13,4.04,4.225,4.17,
2012/03/23,4.25,,4.25,,,,,105.766998,4.36,4.45,4.42,4.21,4.12,4.02,4.22,4.165,
2012/03/26,4.25,,4.25,,,,,105.803944,4.37,4.43,4.42,4.21,4.12,4.02,4.225,,
2012/03/27,4.25,,4.25,,,,,105.816263,4.37,4.43,4.43,4.21,4.12,4.02,4.225,,
2012/03/28,4.25,,4.25,,,,,105.828584,4.37,4.42,4.417,4.2,4.1,3.99,4.22,,
2012/03/29,4.25,,4.25,,,,,105.840907,4.36,4.332,4.33,4.17,4.06,3.93,4.215,,
2012/03/30,4.25,,4.25,,,,,105.853231,4.33,4.3,4.28,4.15,4.04,3.89,4.205,,
2012/04/02,4.25,,4.25,,,,,105.890207,4.31,4.26,4.27,4.155,4.04,3.9,4.205,,
2012/04/03,4.25,,4.25,,,,,105.902537,4.37,4.31,4.31,4.23,4.08,3.92,4.175,,
2012/04/04,4.25,,4.25,,,,,105.914868,4.33,4.31,4.29,4.22,4.07,3.9,4.175,,
2012/04/05,4.25,,4.25,,,,,105.9272,4.302,4.297,4.26,4.19,4.043,3.88,4.165,,
2012/04/10,4.25,,4.25,,,,,105.98887,4.308,4.26,4.228,4.19,4.02,3.83,4.15,,
2012/04/11,4.25,,4.25,,,,,106.001211,4.31,4.252,4.232,4.17,4.01,3.82,4.145,,
2012/04/12,4.25,,4.25,,,,,106.013554,4.328,4.28,4.26,4.18,4.04,3.87,4.145,4.02,
2012/04/13,4.25,,4.25,,,,,106.025898,4.3,4.257,4.233,4.16,4.01,3.84,4.14,4.01,
2012/04/16,4.25,,4.25,,,,,106.062934,4.292,4.21,4.2,4.14,3.98,3.8,4.125,3.985,
2012/04/17,4.25,,4.25,,,,,106.075284,4.29,4.21,4.2,4.14,3.965,3.79,4.115,3.975,
2012/04/18,4.25,,4.25,,,,,106.087635,4.29,4.19,4.2,4.1175,3.959,3.8,4.125,3.98,
2012/04/19,4.25,,4.25,,,,,106.099988,4.29,4.16,4.17,4.1125,3.953,3.78,4.12,3.96,
2012/04/20,4.25,,4.25,,,,,106.112342,4.267,4.17,4.168,4.095,3.9325,3.78,4.115,3.965,
2012/04/23,4.25,,4.25,,,,,106.149409,4.217,4.16,4.15,4.088,3.9225,3.74,4.1,3.94,
2012/04/24,4.25,,4.25,,,,,106.161769,4.13,4.08,4.05,4,3.818,3.63,3.955,3.835,
2012/04/26,4.25,,4.25,,,,,106.186491,4.13,4.11,4.047,3.9915,3.8165,3.63,3.96,3.83,
2012/04/27,4.25,,4.25,,,,,106.198856,4.103,4.08,4.01,3.95,3.78,3.58,3.93,3.81,
2012/04/30,4.25,,4.25,,,,,106.235952,4.098,4.04,3.987,3.934,3.7615,3.58,3.91,3.8,
2012/05/01,4.25,,4.25,,,,,106.248322,3.85,3.827,3.79,3.75,3.59,3.4,3.72,3.61,
2012/05/02,3.75,-0.5,3.75,,,,,106.260694,3.887,3.87,3.84,3.7515,3.615,3.42,3.73,3.635,
2012/05/03,3.75,,3.75,,,,,106.271611,3.89,3.867,3.82,3.753,3.59,3.4,3.75,3.625,
2012/05/04,3.75,,3.75,,,,,106.282529,3.88,3.845,3.82,3.74,3.6,3.39,3.745,3.61,
2012/05/07,3.75,,3.75,,,,,106.315288,3.79,3.76,3.69,3.733,3.535,3.3,3.715,3.58,
2012/05/08,3.75,,3.75,,,,,106.32621,3.78,3.76,3.7,3.71,3.543,3.31,3.72,3.59,
2012/05/09,3.75,,3.75,,,,,106.337134,3.78,3.72,3.69,3.71,3.53,3.28,3.705,3.535,
2012/05/10,3.75,,3.75,,,,,106.348059,3.81,3.772,3.753,3.73,3.57,3.34,3.715,3.505,
2012/05/11,3.75,,3.75,,,,,106.358985,3.79,3.785,3.73,3.71,3.55,3.31,3.71,3.48,
2012/05/14,3.75,,3.75,,,,,106.391767,3.802,3.77,3.7,3.71,3.53,3.3,3.71,3.475,
2012/05/15,3.75,,3.75,,,,,106.402698,3.8,3.76,3.7,3.69,3.52,3.27,3.7,3.465,
2012/05/16,3.75,,3.75,,,,,106.41363,3.76,3.71,3.65,3.67,3.46,3.2,3.695,3.44,
2012/05/17,3.75,,3.75,,,,,106.424563,3.79,3.71,3.64,3.67,3.46,3.21,3.695,3.425,
2012/05/18,3.75,,3.75,,,,,106.435497,3.73,3.527,3.415,3.54,3.24,2.94,3.635,3.32,
2012/05/21,3.75,,3.75,,,,,106.468302,3.705,3.47,3.37,3.53,3.2,2.9,3.615,3.285,
2012/05/22,3.75,,3.75,,,,,106.479241,3.677,3.48,3.39,3.55,3.24,2.94,3.615,3.3,
2012/05/23,3.75,,3.75,,,,,106.49018,3.67,3.46,3.33,3.53,3.19,2.88,3.6,3.26,
2012/05/24,3.75,,3.75,,,,,106.501121,3.66,3.475,3.35,3.55,3.2,2.89,,3.26,
2012/05/25,3.75,,3.75,,,,,106.512063,3.668,3.51,3.37,3.53,3.2,2.89,,3.145,
2012/05/28,3.75,,3.75,,,,,106.544892,3.67,3.527,3.38,3.53,3.2075,2.92,,3.16,
2012/05/29,3.75,,3.75,,,,,106.555838,3.658,3.53,3.398,3.52,3.19,2.9,,3.14,
2012/05/30,3.75,,3.75,,,,,106.566786,3.65,3.51,3.363,3.5,3.15,2.86,,3.13,
2012/05/31,3.75,,3.75,,,,,106.577735,3.627,3.44,3.25,3.45,3.07,2.77,,3.07,
2012/06/01,3.75,,3.75,,,,,106.588684,3.53,3.36,3.23,3.38,3.04,2.73,,3.05,
2012/06/04,3.75,,3.75,,,,,106.621537,3.48,3.27,3.103,3.35,2.96,2.64,,2.98,
2012/06/05,3.75,,3.75,,,,,106.632491,3.6,3.418,3.3,3.45,3.12,2.83,,3.095,
2012/06/06,3.5,-0.25,3.5,,,,,106.643447,3.6,3.45,3.38,3.44,3.17,2.9,,3.15,
2012/06/07,3.5,,3.5,,,,,106.653673,3.62,3.515,3.43,3.45,3.24,2.98,,3.235,
2012/06/08,3.5,,3.5,,,,,106.6639,3.61,3.532,3.432,3.44,3.21,2.95,,3.22,
2012/06/12,3.5,,3.5,,,,,106.704812,3.61,3.52,3.45,3.43,3.2,2.93,3.36,3.205,
2012/06/13,3.5,,3.5,,,,,106.715044,3.63,3.53,3.47,3.43,3.22,2.96,3.36,3.215,
2012/06/14,3.5,,3.5,,,,,106.725277,3.615,3.537,3.448,3.43,3.19,2.92,3.37,3.205,
2012/06/15,3.5,,3.5,,,,,106.735511,3.62,3.545,3.47,3.41,3.17,2.9,3.385,3.21,
2012/06/18,3.5,,3.5,,,,,106.766216,3.61,3.5,3.445,3.44,3.22,2.97,3.375,3.245,
2012/06/19,3.5,,3.5,,,,,106.776454,3.6,3.49,3.403,3.43,3.21,2.95,3.385,3.23,
2012/06/20,3.5,,3.5,,,,,106.786692,3.593,3.53,3.462,3.44,3.25,3.01,3.38,3.265,
2012/06/21,3.5,,3.5,,,,,106.796932,3.6,3.528,3.5,3.45,3.25,3.02,3.43,3.335,
2012/06/22,3.5,,3.5,,,,,106.807173,3.58,3.504,3.44,3.43,3.21,2.97,3.375,3.305,
2012/06/25,3.5,,3.5,,,,,106.837898,3.59,3.51,3.44,3.44,3.23,2.98,3.4,,
2012/06/26,3.5,,3.5,,,,,106.848143,3.59,3.51,3.43,3.45,3.24,2.99,3.41,,
2012/06/27,3.5,,3.5,,,,,106.858389,3.59,3.537,3.46,3.45,3.26,3.02,3.43,,
2012/06/28,3.5,,3.5,,,,,106.868635,3.59,3.518,3.438,3.46,3.27,3.03,3.445,,
2012/06/29,3.5,,3.5,,,,,106.878883,3.59,3.54,3.485,3.46,3.29,3.07,3.455,,
2012/07/02,3.5,,3.5,,,,,106.909629,3.59,3.55,3.54,3.47,3.32,3.14,3.47,,
2012/07/03,3.5,,3.5,,,,,106.919881,3.608,3.57,3.56,3.495,3.355,3.17,3.475,,
2012/07/04,3.5,,3.5,,,,,106.930133,3.61,3.58,3.58,3.5,3.37,3.18,3.49,,
2012/07/05,3.5,,3.5,,,,,106.940387,3.592,3.55,3.55,3.49,3.34,3.15,3.485,,
2012/07/06,3.5,,3.5,,,,,106.950641,3.58,3.577,3.56,3.49,3.34,3.14,3.485,,
2012/07/09,3.5,,3.5,,,,,106.981408,3.57,3.55,3.548,3.49,3.33,3.11,3.48,,
2012/07/10,3.5,,3.5,,,,,106.991667,3.58,3.56,3.54,3.48,3.325,3.12,3.48,,
2012/07/11,3.5,,3.5,,,,,107.001926,3.58,3.56,3.54,3.47,3.33,3.12,3.49,,
2012/07/12,3.5,,3.5,,,,,107.012186,3.57,3.537,3.47,3.47,3.28,3.04,3.47,3.32,
2012/07/13,3.5,,3.5,,,,,107.022448,3.57,3.53,3.46,3.45,3.28,3.04,3.475,3.325,
2012/07/16,3.5,,3.5,,,,,107.053235,3.57,3.503,3.448,3.46,3.29,3.05,3.485,3.32,
2012/07/17,3.5,,3.5,,,,,107.063501,3.59,3.54,3.49,3.46,3.31,3.08,3.485,3.33,
2012/07/18,3.5,,3.5,,,,,107.073767,3.57,3.54,3.497,3.46,3.32,3.1,3.495,3.33,
2012/07/19,3.5,,3.5,,,,,107.084034,3.57,3.532,3.503,3.46,3.31,3.1,3.495,3.325,
2012/07/20,3.5,,3.5,,,,,107.094303,3.57,3.52,3.49,3.45,3.29,3.07,3.49,3.315,
2012/07/23,3.5,,3.5,,,,,107.125111,3.558,3.48,3.41,3.42,3.23,2.98,3.45,3.265,
2012/07/24,3.5,,3.5,,,,,107.135383,3.57,3.52,3.43,3.43,3.25,3,3.365,3.26,
2012/07/25,3.5,,3.5,,,,,107.145656,3.57,3.5,3.42,3.46,3.27,3.01,3.395,3.255,
2012/07/26,3.5,,3.5,,,,,107.15593,3.58,3.54,3.47,3.46,3.29,3.06,3.4,3.22,
2012/07/27,3.5,,3.5,,,,,107.166206,3.58,3.58,3.53,3.47,3.33,3.13,3.425,3.255,
2012/07/30,3.5,,3.5,,,,,107.197034,3.588,3.59,3.58,3.47,3.35,3.17,3.45,3.295,
2012/07/31,3.5,,3.5,,,,,107.207313,3.58,3.575,3.553,3.47,3.33,3.15,3.45,3.285,
2012/08/01,3.5,,3.5,,,,,107.217594,3.56,3.556,3.53,3.47,3.33,3.15,3.455,3.275,
2012/08/02,3.5,,3.5,,,,,107.227875,3.598,3.58,3.56,3.47,3.34,3.16,3.455,3.3,
2012/08/03,3.5,,3.5,,,,,107.238157,3.6,3.58,3.55,3.46,3.32,3.14,3.45,3.28,
2012/08/06,3.5,,3.5,,,,,107.269006,,,,,,,3.47,3.37,
2012/08/07,3.5,,3.5,,,,,107.279292,3.63,3.63,3.63,3.49,3.38,3.24,3.475,3.365,
2012/08/08,3.5,,3.5,,,,,107.289579,3.624,3.63,3.63,3.48,3.37,3.23,3.475,3.365,
2012/08/09,3.5,,3.5,,,,,107.299867,3.64,3.64,3.64,3.49,3.39,3.26,3.48,3.39,
2012/08/10,3.5,,3.5,,,,,107.310156,3.63,3.63,3.61,3.48,3.38,3.22,3.48,3.39,
2012/08/13,3.5,,3.5,,,,,107.341026,3.63,3.64,3.61,3.48,3.38,3.22,3.475,3.38,
2012/08/14,3.5,,3.5,,,,,107.351319,3.63,3.648,3.642,3.49,3.4,3.25,3.47,3.395,
2012/08/15,3.5,,3.5,,,,,107.361613,3.63,3.63,3.627,3.49,3.4,3.26,3.49,3.41,
2012/08/16,3.5,,3.5,,,,,107.371908,3.63,3.63,3.63,3.48,3.41,3.29,3.5,3.43,
2012/08/17,3.5,,3.5,,,,,107.382204,3.63,3.63,3.626,3.48,3.4,3.27,3.5,3.435,
2012/08/20,3.5,,3.5,,,,,107.413095,3.62,3.62,3.62,3.48,3.4,3.275,3.495,3.45,
2012/08/21,3.5,,3.5,,,,,107.423395,3.62,3.62,3.62,3.48,3.4075,3.29,3.505,3.455,
2012/08/22,3.5,,3.5,,,,,107.433696,3.62,3.61,3.6,3.48,3.39,3.26,3.505,3.44,
2012/08/23,3.5,,3.5,,,,,107.443998,3.62,3.619,3.6,3.48,3.38,3.24,,3.445,
2012/08/24,3.5,,3.5,,,,,107.4543,3.62,3.618,3.6,3.47,3.37,3.22,,3.445,
2012/08/27,3.5,,3.5,,,,,107.485212,3.62,3.62,3.6,3.48,3.37,3.21,,,
2012/08/28,3.5,,3.5,,,,,107.495519,3.62,3.62,3.61,3.48,3.37,3.21,,,
2012/08/29,3.5,,3.5,,,,,107.505827,3.62,3.62,3.6,3.47,3.37,3.2,,,
2012/08/30,3.5,,3.5,,,,,107.516135,3.62,3.62,3.58,3.47,3.36,3.18,,3.39,
2012/08/31,3.5,,3.5,,,,,107.526445,3.627,3.608,3.542,3.47,3.35,3.16,,3.38,
2012/09/03,3.5,,3.5,,,,,107.557377,3.56,3.55,3.48,3.46,3.32,3.12,,3.37,
2012/09/04,3.5,,3.5,,,,,107.567691,3.57,3.56,3.502,3.49,3.33,3.13,,3.38,
2012/09/05,3.5,,3.5,,,,,107.578006,3.56,3.54,3.46,3.47,3.32,3.09,,3.36,
2012/09/06,3.5,,3.5,,,,,107.588321,3.58,3.565,3.49,3.48,3.35,3.13,,3.365,
2012/09/07,3.5,,3.5,,,,,107.598638,3.59,3.58,3.51,3.47,3.35,3.17,,3.39,
2012/09/10,3.5,,3.5,,,,,107.629591,3.583,3.57,3.5,3.46,3.33,3.14,3.465,3.375,
2012/09/11,3.5,,3.5,,,,,107.639912,3.58,3.57,3.51,3.46,3.33,3.15,3.46,3.37,
2012/09/12,3.5,,3.5,,,,,107.650233,3.59,3.58,3.52,3.46,3.34,3.18,3.465,3.385,
2012/09/13,3.5,,3.5,,,,,107.660556,3.58,3.57,3.5,3.46,3.35,3.2,3.47,3.385,
2012/09/14,3.5,,3.5,,,,,107.67088,3.608,3.56,3.507,3.46,3.35,3.21,3.48,3.385,
2012/09/17,3.5,,3.5,,,,,107.701854,3.567,3.54,3.52,3.45,3.34,3.22,3.485,3.395,
2012/09/18,3.5,,3.5,,,,,107.712181,3.57,3.5,3.46,3.42,3.27,3.085,3.46,3.345,
2012/09/19,3.5,,3.5,,,,,107.72251,3.54,3.45,3.428,3.41,3.27,3.13,3.46,3.345,
2012/09/20,3.5,,3.5,,,,,107.732839,3.52,3.4,3.37,3.4,3.24,3.08,3.44,3.31,
2012/09/21,3.5,,3.5,,,,,107.74317,3.52,3.4,3.368,3.4,3.24,3.1,3.44,3.33,
2012/09/24,3.5,,3.5,,,,,107.774164,3.503,3.39,3.356,3.38,3.22,3.07,3.43,3.31,
2012/09/25,3.5,,3.5,,,,,107.784499,3.51,3.39,3.36,3.375,3.21,3.06,3.425,3.31,
2012/09/26,3.5,,3.5,,,,,107.794834,3.497,3.38,3.31,3.355,3.19,3.02,3.42,3.3,
2012/09/27,3.5,,3.5,,,,,107.805171,3.49,3.36,3.28,3.35,3.175,3.01,3.415,3.3,
2012/09/28,3.5,,3.5,,,,,107.815508,3.5,3.36,3.34,3.345,3.155,3.01,3.42,3.295,
2012/10/01,3.5,,3.5,,,,,107.846524,,,,3.345,3.155,2.993,3.425,,
2012/10/02,3.5,,3.5,,,,,107.856865,3.338,3.23,3.18,3.25,3.1,2.94,3.29,,
2012/10/03,3.25,-0.25,3.25,,,,,107.867208,3.32,3.17,3.16,3.245,3.085,2.91,3.27,,
2012/10/04,3.25,,3.25,,,,,107.876812,3.33,3.183,3.16,3.25,3.08,2.92,3.275,,
2012/10/05,3.25,,3.25,,,,,107.886418,3.31,3.21,3.17,3.25,3.07,2.91,3.265,,
2012/10/08,3.25,,3.25,,,,,107.915237,3.302,3.18,3.15,3.24,3.07,2.9,3.26,,
2012/10/09,3.25,,3.25,,,,,107.924846,3.3,3.16,3.15,3.225,3.0625,2.91,3.265,,
2012/10/10,3.25,,3.25,,,,,107.934455,3.32,3.18,3.16,3.225,3.0665,2.904,3.27,,
2012/10/11,3.25,,3.25,,,,,107.944066,3.32,3.187,3.152,3.22,3.07,2.91,3.26,3.11,
2012/10/12,3.25,,3.25,,,,,107.953677,3.32,3.2,3.15,3.2,3.05,2.89,3.255,3.105,
2012/10/15,3.25,,3.25,,,,,107.982514,3.31,3.177,3.12,3.195,3.035,2.87,3.255,3.095,
2012/10/16,3.25,,3.25,,,,,107.992129,3.29,3.13,3.11,3.18,3.05,2.89,3.26,3.095,
2012/10/17,3.25,,3.25,,,,,108.001745,3.3,3.15,3.11,3.18,3.05,2.9,3.26,3.095,
2012/10/18,3.25,,3.25,,,,,108.011362,3.313,3.163,3.12,3.19,3.068,2.915,3.27,3.115,
2012/10/19,3.25,,3.25,,,,,108.020979,3.26,3.13,3.11,3.17,3.04,2.89,3.26,3.1,
2012/10/22,3.25,,3.25,,,,,108.049834,3.22,3.087,3.08,3.14,3.02,2.86,3.26,3.07,
2012/10/23,3.25,,3.25,,,,,108.059455,3.23,3.102,3.088,3.14,3.015,2.865,3.235,3.045,
2012/10/24,3.25,,3.25,,,,,108.069077,3.25,3.17,3.117,3.168,3.06,2.92,3.235,3.05,
2012/10/25,3.25,,3.25,,,,,108.078699,3.263,3.19,3.12,3.17,3.0765,2.953,,3.06,
2012/10/26,3.25,,3.25,,,,,108.088323,3.25,3.17,3.105,3.15,3.055,2.92,,3.035,
2012/10/29,3.25,,3.25,,,,,108.117196,3.23,3.143,3.11,3.15,3.05,2.91,3.105,3.025,
2012/10/30,3.25,,3.25,,,,,108.126822,3.23,3.14,3.11,3.13,3.04,2.895,3.09,3.02,
2012/10/31,3.25,,3.25,,,,,108.13645,3.24,3.138,3.105,3.14,3.05,2.905,3.09,3.01,
2012/11/01,3.25,,3.25,,,,,108.146079,3.22,3.13,3.11,3.14,3.04,2.91,3.085,3.015,
2012/11/02,3.25,,3.25,,,,,108.155708,3.22,3.133,3.108,3.12,3.04,2.91,3.085,2.995,
2012/11/05,3.25,,3.25,,,,,108.184599,3.21,3.14,3.11,3.12,3.04,2.92,3.085,2.995,
2012/11/06,3.25,,3.25,,,,,108.194232,3.31,3.243,3.2,3.23,3.16,3.03,3.205,3.1,
2012/11/07,3.25,,3.25,,,,,108.203866,3.3,3.23,3.19,3.23,3.15,3.03,3.2,3.12,
2012/11/08,3.25,,3.25,,,,,108.2135,3.31,3.263,3.21,3.23,3.15,3.03,3.2,3.115,
2012/11/09,3.25,,3.25,,,,,108.223136,3.29,3.247,3.2,3.215,3.14,3.01,3.195,3.1,
2012/11/12,3.25,,3.25,,,,,108.252045,3.29,3.26,3.23,3.21,3.143,3.02,3.195,3.1,
2012/11/13,3.25,,3.25,,,,,108.261684,3.308,3.267,3.22,3.21,3.13,3,3.185,3.075,
2012/11/14,3.25,,3.25,,,,,108.271323,3.312,3.28,3.232,3.2,3.13,3.01,3.195,3.08,
2012/11/15,3.25,,3.25,,,,,108.280964,3.317,3.27,3.208,3.19,3.118,2.99,3.18,3.065,
2012/11/16,3.25,,3.25,,,,,108.290605,3.293,3.253,3.22,3.173,3.11,2.99,3.19,3.08,
2012/11/19,3.25,,3.25,,,,,108.319532,3.293,3.235,3.22,3.18,3.12,3.01,3.195,3.09,
2012/11/20,3.25,,3.25,,,,,108.329177,3.29,3.235,3.22,3.17,3.115,3.01,3.195,3.09,
2012/11/21,3.25,,3.25,,,,,108.338823,3.29,3.25,3.22,3.16,3.1025,3,3.195,3.085,
2012/11/22,3.25,,3.25,,,,,108.348469,3.29,3.26,3.245,3.154,3.0965,3.01,3.19,3.09,
2012/11/23,3.25,,3.25,,,,,108.358117,3.29,3.26,3.25,3.16,3.1,3.01,3.195,3.085,
2012/11/26,3.25,,3.25,,,,,108.387062,3.29,3.27,3.27,3.15,3.1,3.01,3.195,,
2012/11/27,3.25,,3.25,,,,,108.396713,3.305,3.29,3.272,3.15,3.11,3.02,3.195,,
2012/11/28,3.25,,3.25,,,,,108.406365,3.31,3.29,3.26,3.14,3.09,2.99,3.195,,
2012/11/29,3.25,,3.25,,,,,108.416017,3.308,3.28,3.222,3.1,3.06,2.96,,,
2012/11/30,3.25,,3.25,,,,,108.425671,3.28,3.238,3.16,3.06,3.01,2.9,,,
2012/12/03,3.25,,3.25,,,,,108.454634,3.13,3.112,3.09,3.04,2.98,2.86,,,
2012/12/04,3.25,,3.25,,,,,108.464291,3.12,3.09,3.09,3.01,2.97,2.86,,,
2012/12/05,3,-0.25,3,,,,,108.473948,3.13,3.097,3.08,3,2.96,2.86,,,
2012/12/06,3,,3,,,,,108.482864,3.12,3.098,3.079,3,2.96,2.85,,2.96,
2012/12/07,3,,3,,,,,108.49178,3.11,3.094,3.07,3,2.95,2.83,,2.97,
2012/12/10,3,,3,,,,,108.518532,3.104,3.11,3.08,2.9975,2.9525,2.83,3.025,2.965,
2012/12/11,3,,3,,,,,108.527451,3.11,3.11,3.07,3,2.94,2.82,3.015,2.955,
2012/12/12,3,,3,,,,,108.536371,3.11,3.11,3.09,3,2.94,2.82,3.02,2.945,
2012/12/13,3,,3,,,,,108.545292,3.12,3.12,3.1,3,2.94,2.83,3.025,2.975,
2012/12/14,3,,3,,,,,108.554214,3.14,3.14,3.13,3,2.94,2.84,3.03,2.975,
2012/12/17,3,,3,,,,,108.58098,3.12,3.1,3.085,3,2.93,2.82,3.03,2.97,
2012/12/18,3,,3,,,,,108.589905,3.11,3.12,3.093,3,2.93,2.81,3.03,2.965,
2012/12/19,3,,3,,,,,108.59883,3.14,3.13,3.09,3,2.92,2.81,3.03,2.96,
2012/12/20,3,,3,,,,,108.607756,3.135,3.134,3.09,3,2.92,2.8,3.03,2.97,
2012/12/21,3,,3,,,,,108.616683,3.143,3.13,3.07,3,2.91,2.78,3.03,2.965,
2012/12/24,3,,3,,,,,108.643465,3.133,3.14,3.066,2.998,2.9,2.765,3.035,2.965,
2012/12/27,3,,3,,,,,108.670254,3.116,3.131,3.08,3,2.89,2.75,3.025,2.96,
2012/12/28,3,,3,,,,,108.679185,3.12,3.11,3.05,3,2.89,2.74,3.025,2.96,
2012/12/31,3,,3,,,,,108.705983,3.111,3.07,3.006,2.995,2.878,2.728,3.015,2.94,
2013/01/02,3,,3,,,,,108.723853,3.068,3.04,2.95,2.99,2.89,2.78,2.99,2.92,
2013/01/03,3,,3,,,,,108.732789,3.07,3,2.95,3,2.9,2.78,2.985,2.91,
2013/01/04,3,,3,,,,,108.741726,3.07,3.01,2.978,3,2.9,2.81,3,2.925,
2013/01/07,3,,3,,,,,108.768539,3.06,3.003,2.995,2.99,2.91,2.81,3,2.935,
2013/01/08,3,,3,,,,,108.777479,3.05,3.03,2.998,2.99,2.91,2.81,3,2.94,
2013/01/09,3,,3,,,,,108.786419,3.05,3.015,3,2.99,2.9,2.8,3.01,2.94,
2013/01/10,3,,3,,,,,108.795361,3.07,3.05,3.02,2.99,2.91,2.82,3.01,2.945,
2013/01/11,3,,3,,,,,108.804303,3.07,3.06,3.04,2.98,2.91,2.83,3.005,2.945,
2013/01/14,3,,3,,,,,108.831131,3.07,3.04,3.03,2.98,2.9,2.82,3,2.945,
2013/01/15,3,,3,,,,,108.840076,3.07,3.04,3.008,2.97,2.9,2.8,3.015,2.94,
2013/01/16,3,,3,,,,,108.849022,3.05,2.99,2.97,2.97,2.89,2.78,3.01,2.93,
2013/01/17,3,,3,,,,,108.857968,3.05,2.97,2.94,2.96,2.87,2.75,2.995,2.93,
2013/01/18,3,,3,,,,,108.866916,3.048,3.005,2.94,2.96,2.87,2.78,3.005,2.945,
2013/01/21,3,,3,,,,,108.89376,3.02,2.98,2.94,2.96,2.86,2.76,2.995,2.93,
2013/01/22,3,,3,,,,,108.90271,3.02,2.97,2.93,2.96,2.87,2.77,2.995,2.925,
2013/01/23,3,,3,,,,,108.911661,3.002,2.97,2.93,2.95,2.85,2.75,2.99,2.925,
2013/01/24,3,,3,,,,,108.920612,3,2.97,2.93,2.94,2.84,2.73,,2.895,
2013/01/25,3,,3,,,,,108.929565,3.01,2.98,2.93,2.94,2.84,2.74,,2.895,
2013/01/29,3,,3,,,,,108.965377,3.02,2.99,2.95,2.96,2.86,2.77,,,
2013/01/30,3,,3,,,,,108.974333,3.03,2.988,2.97,2.96,2.865,2.78,,,
2013/01/31,3,,3,,,,,108.98329,3.028,2.95,2.938,2.95,2.85,2.76,,,
2013/02/01,3,,3,,,,,108.992247,3.02,2.95,2.93,2.96,2.86,2.78,,,
2013/02/04,3,,3,,,,,109.019122,3.02,2.95,2.96,2.97,2.88,2.81,2.945,,
2013/02/05,3,,3,,,,,109.028083,3.037,2.96,2.95,3,2.89,2.8,2.955,,
2013/02/06,3,,3,,,,,109.037044,3.02,2.94,2.91,2.99,2.89,2.78,2.95,,
2013/02/07,3,,3,,,,,109.046006,3.03,2.94,2.91,2.99,2.89,2.78,2.955,2.88,
2013/02/08,3,,3,,,,,109.054969,3.03,2.95,2.92,2.98,2.88,2.77,2.94,2.865,
2013/02/11,3,,3,,,,,109.081859,3.03,2.94,2.9,2.97,2.87,2.74,2.935,2.855,
2013/02/12,3,,3,,,,,109.090824,3.03,2.95,2.912,2.97,2.86,2.75,2.94,2.86,
2013/02/13,3,,3,,,,,109.099791,3.04,2.95,2.92,2.97,2.9,2.79,2.935,2.865,
2013/02/14,3,,3,,,,,109.108758,3.04,2.94,2.93,2.98,2.91,2.81,2.935,2.875,
2013/02/15,3,,3,,,,,109.117726,3.04,2.92,2.9,2.97,2.89,2.79,2.93,2.875,
2013/02/18,3,,3,,,,,109.144632,3.01,2.91,2.9,2.97,2.9,2.81,2.93,2.88,
2013/02/19,3,,3,,,,,109.153602,3.01,2.92,2.91,2.97,2.91,2.82,2.935,2.89,
2013/02/20,3,,3,,,,,109.162574,3.02,2.94,2.94,2.97,2.91,2.82,2.93,2.885,
2013/02/21,3,,3,,,,,109.171546,3.013,2.93,2.93,2.96,2.89,2.8,2.94,2.885,
2013/02/22,3,,3,,,,,109.180519,3.017,2.96,2.957,2.96,2.9,2.82,2.95,2.9,
2013/02/25,3,,3,,,,,109.20744,3.015,2.973,2.961,2.96,2.9,2.81,2.945,2.895,
2013/02/26,3,,3,,,,,109.216416,3.01,2.94,2.92,2.94,2.86,2.74,2.925,2.87,
2013/02/27,3,,3,,,,,109.225393,3.013,2.946,2.92,2.93,2.85,2.73,2.92,2.86,
2013/02/28,3,,3,,,,,109.23437,3.03,2.97,2.93,2.97,2.89,2.78,2.945,2.88,
2013/03/01,3,,3,,,,,109.243349,3.007,2.955,2.95,2.96,2.89,2.79,2.95,2.87,
2013/03/04,3,,3,,,,,109.270285,3.02,2.951,2.95,2.96,2.89,2.78,2.935,2.87,
2013/03/05,3,,3,,,,,109.279266,3.04,2.98,2.971,2.99,2.92,2.84,2.965,2.9,
2013/03/06,3,,3,,,,,109.288248,3.03,2.99,3,2.99,2.94,2.86,2.975,2.91,
2013/03/07,3,,3,,,,,109.297231,3.03,3,2.99,2.99,2.94,2.86,2.97,2.915,
2013/03/08,3,,3,,,,,109.306214,3.04,3.03,3.03,2.99,2.94,2.88,2.97,2.92,
2013/03/11,3,,3,,,,,109.333166,3.05,3.062,3.06,2.99,2.949,2.89,2.97,2.92,
2013/03/12,3,,3,,,,,109.342153,3.05,3.08,3.061,2.99,2.95,2.9,2.98,2.935,
2013/03/13,3,,3,,,,,109.35114,3.05,3.06,3.056,2.99,2.95,2.9,2.985,2.94,
2013/03/14,3,,3,,,,,109.360128,3.064,3.106,3.128,3,2.99,2.97,3,2.975,
2013/03/15,3,,3,,,,,109.369116,3.06,3.11,3.13,2.99,2.98,2.96,2.985,2.955,
2013/03/18,3,,3,,,,,109.396084,3.03,3.04,3.05,2.98,2.95,2.9,2.97,2.935,
2013/03/19,3,,3,,,,,109.405075,3.042,3.05,3.07,2.99,2.96,2.93,2.97,2.945,
2013/03/20,3,,3,,,,,109.414067,3.042,3.06,3.095,2.98,2.95,2.91,2.96,2.94,
2013/03/21,3,,3,,,,,109.42306,3.03,3.06,3.105,2.99,2.955,2.93,2.975,2.945,
2013/03/22,3,,3,,,,,109.432054,3.033,3.077,3.12,2.98,2.95,2.92,2.96,2.93,
2013/03/25,3,,3,,,,,109.459037,3.012,3.068,3.11,2.99,2.96,2.94,2.955,,
2013/03/26,3,,3,,,,,109.468034,3.02,3.05,3.12,2.98,2.96,2.93,2.96,,
2013/03/27,3,,3,,,,,109.477031,3.05,3.097,3.13,2.99,2.96,2.92,2.96,,
2013/03/28,3,,3,,,,,109.486029,3.05,3.088,3.108,2.99,2.95,2.89,,,
2013/04/02,3,,3,,,,,109.531024,3.04,3.06,3.11,3,2.97,2.92,,,
2013/04/03,3,,3,,,,,109.540026,3.04,3.07,3.11,3,2.97,2.93,,,
2013/04/04,3,,3,,,,,109.549029,3.05,3.07,3.117,3,2.97,2.93,,,
2013/04/05,3,,3,,,,,109.558034,3.05,3.07,3.112,3,2.97,2.93,,,
2013/04/08,3,,3,,,,,109.585048,3.04,3.075,3.1,3,2.96,2.92,2.965,,
2013/04/09,3,,3,,,,,109.594055,3.05,3.06,3.084,3,2.9615,2.91,2.965,,
2013/04/10,3,,3,,,,,109.603063,3.05,3.09,3.09,3,2.96,2.92,2.97,,
2013/04/11,3,,3,,,,,109.612071,3.05,3.07,3.07,2.99,2.95,2.88,2.96,2.885,
2013/04/12,3,,3,,,,,109.62108,3.05,3.06,3.058,2.99,2.94,2.87,2.96,2.885,
2013/04/15,3,,3,,,,,109.64811,3.048,3.04,3.035,2.99,2.92,2.85,2.95,2.875,
2013/04/16,3,,3,,,,,109.657122,3.06,3.02,3.013,2.98,2.91,2.84,2.945,2.87,
2013/04/17,3,,3,,,,,109.666135,3.051,3.013,3.01,2.98,2.91,2.84,2.945,2.865,
2013/04/18,3,,3,,,,,109.675149,3.044,2.989,2.963,2.97,2.9,2.81,2.94,2.85,
2013/04/19,3,,3,,,,,109.684163,3.04,2.99,2.97,2.97,2.89,2.8,2.94,2.845,
2013/04/22,3,,3,,,,,109.711209,3.02,2.96,2.965,2.96,2.89,2.81,2.945,2.845,
2013/04/23,3,,3,,,,,109.720226,3.01,2.96,2.943,2.96,2.87,2.77,2.945,2.83,
2013/04/24,3,,3,,,,,109.729244,2.983,2.946,2.89,2.94,2.85,2.73,2.925,2.795,
2013/04/26,3,,3,,,,,109.747282,3.011,2.946,2.905,2.93,2.84,2.72,2.925,2.79,
2013/04/29,3,,3,,,,,109.774343,3.026,2.932,2.879,2.93,2.83,2.72,2.925,2.79,
2013/04/30,3,,3,,,,,109.783365,3.012,2.93,2.87,2.93,2.83,2.71,2.88,2.785,
2013/05/01,3,,3,,,,,109.792389,2.975,2.908,2.84,2.93,2.83,2.72,2.88,2.785,
2013/05/02,3,,3,,,,,109.801413,2.96,2.88,2.79,2.89,2.78,2.68,2.865,2.77,
2013/05/03,3,,3,,,,,109.810437,2.959,2.86,2.78,2.87,2.77,2.65,2.845,2.745,
2013/05/06,3,,3,,,,,109.837514,2.957,2.89,2.814,2.88,2.77,2.67,2.85,2.75,
2013/05/07,3,,3,,,,,109.846542,2.8,2.787,2.723,2.74,2.67,2.57,2.72,2.655,
2013/05/08,2.75,-0.25,2.75,,,,,109.85557,2.799,2.79,2.72,2.73,2.65,2.55,2.71,2.63,
2013/05/09,2.75,,2.75,,,,,109.863847,2.81,2.798,2.75,2.75,2.68,2.59,2.71,2.63,
2013/05/10,2.75,,2.75,,,,,109.872124,2.822,2.825,2.77,2.74,2.69,2.61,2.71,2.61,
2013/05/13,2.75,,2.75,,,,,109.896958,2.82,2.81,2.77,2.74,2.67,2.59,2.705,2.6,
2013/05/14,2.75,,2.75,,,,,109.905238,2.82,2.81,2.77,2.74,2.67,2.59,2.7,2.59,
2013/05/15,2.75,,2.75,,,,,109.913519,2.815,2.795,2.758,2.74,2.68,2.6,2.705,2.6,
2013/05/16,2.75,,2.75,,,,,109.9218,2.81,2.794,2.774,2.73,2.67,2.58,2.69,2.57,
2013/05/17,2.75,,2.75,,,,,109.930082,2.824,2.793,2.761,2.73,2.66,2.58,2.685,2.56,
2013/05/20,2.75,,2.75,2.75,2.75,5968,,109.954929,2.805,2.78,2.76,2.73,2.67,2.59,,,
2013/05/21,2.75,,2.75,2.75,2.75,4864,,109.963213,2.81,2.8,2.78,2.73,2.68,2.62,,,
2013/05/22,2.75,,2.75,2.75,2.75,4815,,109.971498,2.803,2.8,2.77,2.73,2.67,2.61,,,
2013/05/23,2.75,,2.75,2.75,2.75,4132,,109.979784,2.8,2.795,2.767,2.72,2.66,2.59,,,
2013/05/24,2.75,,2.75,2.75,2.75,4908,,109.98807,2.81,2.803,2.77,2.72,2.66,2.59,,,
2013/05/27,2.75,,2.75,2.75,2.75,5131,,110.01293,2.81,2.808,2.777,2.71,2.65,2.57,,,
2013/05/28,2.75,,2.75,2.75,2.75,4265,,110.021219,2.82,2.82,2.78,2.71,2.65,2.58,,,
2013/05/29,2.75,,2.75,2.75,2.75,6346,,110.029508,2.82,2.82,2.78,2.71,2.64,2.57,,,
2013/05/30,2.75,,2.75,2.75,2.75,4232,,110.037798,2.82,2.82,2.78,2.72,2.65,2.57,,,
2013/05/31,2.75,,2.75,2.75,2.75,5672,,110.046089,2.814,2.816,2.78,2.72,2.655,2.57,,,
2013/06/03,2.75,,2.75,2.75,2.75,4968,,110.070962,2.78,2.78,2.77,2.72,2.655,2.58,,,
2013/06/04,2.75,,2.75,2.75,2.75,5285,,110.079255,2.81,2.81,2.8,2.75,2.68,2.6,,,
2013/06/05,2.75,,2.75,2.75,2.75,4863,,110.087549,2.81,2.79,2.78,2.74,2.66,2.57,,,
2013/06/06,2.75,,2.75,2.75,2.75,3541,,110.095843,2.79,2.78,2.749,2.73,2.64,2.54,,,
2013/06/07,2.75,,2.75,2.75,2.75,5874,,110.104138,2.8,2.784,2.735,2.71,2.61,2.51,,,
2013/06/11,2.75,,2.75,2.75,2.75,3584,,110.13732,2.8,2.78,2.75,2.72,2.62,2.53,,,
2013/06/12,2.75,,2.75,2.75,2.75,4975,,110.145618,2.81,2.79,2.77,2.71,2.63,2.54,,,
2013/06/13,2.75,,2.75,2.75,2.75,7443,,110.153917,2.82,2.82,2.79,2.72,2.64,2.54,,,
2013/06/14,2.75,,2.75,2.75,2.75,6133,,110.162216,2.811,2.811,2.785,2.72,2.65,2.55,,,
2013/06/17,2.75,,2.75,2.8,2.75,5236,,110.187115,2.813,2.78,2.74,2.72,2.65,2.55,,,
2013/06/18,2.75,,2.75,2.75,2.75,4780,,110.195417,2.81,2.79,2.759,2.72,2.64,2.54,,,
2013/06/19,2.75,,2.75,2.75,2.75,8246,,110.20372,2.8,2.78,2.763,2.72,2.65,2.54,,,
2013/06/20,2.75,,2.75,2.75,2.75,7568,,110.212023,2.807,2.799,2.783,2.73,2.67,2.58,,,
2013/06/21,2.75,,2.75,2.75,2.75,4900,,110.220326,2.811,2.809,2.806,2.72,2.67,2.6,,,
2013/06/24,2.75,,2.75,2.75,2.75,5109,,110.245239,2.81,2.82,2.83,2.72,2.68,2.62,,,
2013/06/25,2.75,,2.75,2.75,2.75,7359,,110.253545,2.822,2.829,2.818,2.71,2.66,2.59,,,
2013/06/26,2.75,,2.75,2.75,2.75,4909,,110.261852,2.83,2.83,2.829,2.7,2.65,2.58,,,
2013/06/27,2.75,,2.75,2.75,2.75,6556,,110.270159,2.83,2.83,2.827,2.71,2.63,2.54,,,
2013/06/28,2.75,,2.75,2.75,2.75,4391,,110.278467,2.818,2.817,2.808,2.71,2.64,2.54,,,
2013/07/01,2.75,,2.75,2.75,2.75,8553,,110.303393,2.809,2.81,2.8,2.71,2.64,2.55,,,
2013/07/02,2.75,,2.75,2.75,2.75,6267,,110.311704,2.82,2.82,2.813,2.75,2.67,2.57,,,
2013/07/03,2.75,,2.75,2.75,2.75,5920,,110.320015,2.825,2.818,2.79,2.75,2.64,2.53,,,
2013/07/04,2.75,,2.75,2.75,2.75,6343,,110.328327,2.83,2.827,2.812,2.75,2.66,2.56,,,
2013/07/05,2.75,,2.75,2.75,2.75,5849,,110.336639,2.831,2.827,2.81,2.75,2.67,2.58,,,
2013/07/08,2.75,,2.75,2.75,2.75,5917,,110.361578,2.83,2.831,2.816,2.74,2.66,2.58,,,
2013/07/09,2.75,,2.75,2.75,2.75,4431,,110.369893,2.81,2.79,2.782,2.73,2.63,2.53,,,
2013/07/10,2.75,,2.75,2.75,2.75,5348,,110.378209,2.815,2.8,2.76,2.73,2.62,2.52,,,
2013/07/11,2.75,,2.75,2.75,2.75,4495,,110.386525,2.82,2.779,2.74,2.72,2.61,2.51,,,
2013/07/12,2.75,,2.75,2.75,2.75,5196,,110.394842,2.815,2.75,2.71,2.71,2.59,2.49,,,
2013/07/15,2.75,,2.75,2.75,2.75,5442,,110.419794,2.82,2.73,2.69,2.7,2.59,2.48,,,
2013/07/16,2.75,,2.75,2.75,2.75,5557,,110.428113,2.82,2.751,2.72,2.7,2.62,2.52,,,
2013/07/17,2.75,,2.75,2.75,2.75,3824,,110.436433,2.813,2.744,2.711,2.7,2.62,2.52,,,
2013/07/18,2.75,,2.75,2.75,2.75,3710,,110.444754,2.8,2.73,2.7,2.69,2.6,2.5,,,
2013/07/19,2.75,,2.75,2.75,2.75,4398,,110.453075,2.78,2.72,2.698,2.68,2.59,2.49,,,
2013/07/22,2.75,,2.75,2.75,2.75,4703,,110.47804,2.762,2.71,2.68,2.66,2.56,2.465,,,
2013/07/23,2.75,,2.75,2.75,2.75,3955,,110.486364,2.75,2.729,2.686,2.66,2.565,2.46,,,
2013/07/24,2.75,,2.75,2.75,2.73,4633,,110.494688,2.75,2.741,2.7,2.66,2.58,2.48,,,
2013/07/25,2.75,,2.75,2.75,2.75,3989,,110.503013,2.739,2.73,2.682,2.64,2.55,2.46,,,
2013/07/26,2.75,,2.75,2.75,2.73,5371,,110.511339,2.733,2.73,2.68,2.62,2.54,2.45,,,
2013/07/29,2.75,,2.75,2.75,2.73,5368,,110.536318,2.71,2.71,2.674,2.61,2.52,2.42,,,
2013/07/30,2.75,,2.75,2.75,2.7,6081,,110.544646,2.69,2.68,2.63,2.58,2.49,2.38,,,
2013/07/31,2.75,,2.75,2.75,2.75,5149,,110.552974,2.677,2.662,2.597,2.56,2.47,2.364,,,
2013/08/01,2.75,,2.75,2.75,2.75,5737,,110.561304,2.639,2.615,2.577,2.56,2.47,2.36,,,
2013/08/02,2.75,,2.75,2.75,2.74,5222,,110.569634,2.615,2.6,2.568,2.53,2.45,2.36,,,
2013/08/05,2.75,,2.75,2.75,2.74,3714,,110.594625,,,,,,,,,
2013/08/06,2.75,,2.75,2.75,2.74,5129,,110.602958,2.6,2.598,2.548,2.5,2.45,2.36,,,
2013/08/07,2.5,-0.25,2.5,2.5,2.5,5949,,110.611291,2.59,2.59,2.542,2.5,2.45,2.35,,,
2013/08/08,2.5,,2.5,2.5,2.5,5814,,110.618867,2.6,2.6,2.55,2.5,2.45,2.36,,,
2013/08/09,2.5,,2.5,2.5,2.5,3966,,110.626444,2.6,2.597,2.553,2.5,2.45,2.37,,,
2013/08/12,2.5,,2.5,2.5,2.5,5282,,110.649175,2.608,2.603,2.588,2.5,2.4465,2.37,,,
2013/08/13,2.5,,2.5,2.5,2.5,5005,,110.656754,2.618,2.618,2.58,2.49,2.45,2.38,,,
2013/08/14,2.5,,2.5,2.5,2.5,6385,,110.664333,2.63,2.622,2.611,2.49,2.45,2.39,,,
2013/08/15,2.5,,2.5,2.5,2.5,5754,,110.671913,2.619,2.618,2.596,2.49,2.45,2.4,,,
2013/08/16,2.5,,2.5,2.5,2.5,4081,,110.679493,2.6,2.588,2.577,2.49,2.45,2.4,,,
2013/08/19,2.5,,2.5,2.5,2.5,5182,,110.702235,2.6,2.586,2.56,2.49,2.46,2.4,,,
2013/08/20,2.5,,2.5,2.5,2.5,4651,,110.709818,2.603,2.588,2.57,2.495,2.45,2.38,,,
2013/08/21,2.5,,2.5,2.5,2.5,6381,,110.717401,2.596,2.589,2.576,2.495,2.45,2.385,,,
2013/08/22,2.5,,2.5,2.5,2.5,4950,,110.724984,2.605,2.6,2.59,2.495,2.46,2.405,,,
2013/08/23,2.5,,2.5,2.5,2.5,5181,,110.732568,2.61,2.599,2.59,2.49,2.455,2.4,,,
2013/08/26,2.5,,2.5,2.5,2.5,5031,,110.755321,2.6,2.6,2.581,2.49,2.45,2.39,,,
2013/08/27,2.5,,2.5,2.5,2.5,7164,,110.762907,2.6,2.593,2.59,2.49,2.445,2.38,,,
2013/08/28,2.5,,2.5,2.5,2.5,6177,,110.770494,2.6,2.6,2.58,2.49,2.435,2.375,,,
2013/08/29,2.5,,2.5,2.5,2.5,5645,,110.778081,2.6,2.59,2.578,2.49,2.435,2.375,,,
2013/08/30,2.5,,2.5,2.5,2.5,4958,,110.785668,2.595,2.585,2.57,2.49,2.43,2.37,,,
2013/09/02,2.5,,2.5,2.5,2.5,5689,,110.808432,2.57,2.56,2.555,2.495,2.44,2.385,,,
2013/09/03,2.5,,2.5,2.5,2.5,5089,,110.816022,2.58,2.57,2.57,2.495,2.45,2.405,,,
2013/09/04,2.5,,2.5,2.5,2.5,3591,,110.823612,2.59,2.58,2.58,2.495,2.465,2.43,,,
2013/09/05,2.5,,2.5,2.5,2.5,4496,,110.831203,2.6,2.59,2.59,2.495,2.465,2.435,,,
2013/09/06,2.5,,2.5,2.5,2.5,5283,,110.838794,2.588,2.59,2.593,2.495,2.465,2.44,,,
2013/09/09,2.5,,2.5,2.5,2.5,5348,,110.861569,2.58,2.58,2.589,2.49,2.46,2.43,,,
2013/09/10,2.5,,2.5,2.5,2.5,4283,,110.869162,2.588,2.6,2.6,2.495,2.47,2.445,,,
2013/09/11,2.5,,2.5,2.5,2.5,4046,,110.876756,2.58,2.58,2.594,2.49,2.47,2.45,,,
2013/09/12,2.5,,2.5,2.5,2.5,5383,,110.884351,2.58,2.58,2.588,2.49,2.455,2.425,,,
2013/09/13,2.5,,2.5,2.5,2.5,4052,,110.891945,2.59,2.59,2.595,2.495,2.465,2.43,,,
2013/09/16,2.5,,2.5,2.5,2.5,4604,,110.914731,2.58,2.57,2.57,2.495,2.46,2.425,,,
2013/09/17,2.5,,2.5,2.5,2.5,5839,,110.922328,2.58,2.58,2.596,2.495,2.475,2.45,,,
2013/09/18,2.5,,2.5,2.5,2.5,6101,,110.929926,2.57,2.56,2.59,2.495,2.47,2.45,,,
2013/09/19,2.5,,2.5,2.5,2.5,5017,,110.937524,2.56,2.55,2.55,2.49,2.45,2.415,,,
2013/09/20,2.5,,2.5,2.5,2.5,5891,,110.945122,2.56,2.55,2.57,2.49,2.455,2.42,,,
2013/09/23,2.5,,2.5,2.5,2.5,4475,,110.967919,2.57,2.58,2.58,2.485,2.45,2.415,,,
2013/09/24,2.5,,2.5,2.5,2.5,5126,,110.97552,2.574,2.57,2.571,2.485,2.44,2.405,,,
2013/09/25,2.5,,2.5,2.5,2.5,4874,,110.983121,2.571,2.571,2.571,2.485,2.44,2.4,,,
2013/09/26,2.5,,2.5,2.5,2.5,4522,,110.990722,2.59,2.58,2.575,2.485,2.44,2.4,,,
2013/09/27,2.5,,2.5,2.5,2.5,4447,,110.998324,2.588,2.586,2.58,2.49,2.435,2.395,,,
2013/09/30,2.5,,2.5,2.5,2.5,3775,,111.021132,2.583,2.578,2.57,2.485,2.43,2.38,,,
2013/10/01,2.5,,2.5,2.5,2.5,4469,,111.028736,2.57,2.58,2.58,2.5,2.455,2.415,,,
2013/10/02,2.5,,2.5,2.5,2.5,4984,,111.036341,2.57,2.57,2.58,2.5,2.46,2.425,,,
2013/10/03,2.5,,2.5,2.5,2.5,3717,,111.043946,2.561,2.564,2.58,2.5,2.465,2.43,,,
2013/10/04,2.5,,2.5,2.5,2.5,5120,,111.051552,2.57,2.57,2.58,2.495,2.465,2.4325,,,
2013/10/07,2.5,,2.5,2.5,2.5,3601,,111.074371,,,,2.498,2.465,2.433,,,
2013/10/08,2.5,,2.5,2.5,2.5,4133,,111.081979,2.56,2.57,2.58,2.495,2.465,2.44,,,
2013/10/09,2.5,,2.5,2.5,2.5,5043,,111.089587,2.563,2.56,2.6,2.49,2.465,2.4375,,,
2013/10/10,2.5,,2.5,2.5,2.5,4579,,111.097196,2.58,2.588,2.62,2.495,2.48,2.465,,,
2013/10/11,2.5,,2.5,2.5,2.5,6619,,111.104805,2.58,2.6,2.623,2.49,2.475,2.46,,,
2013/10/14,2.5,,2.5,2.5,2.5,4528,,111.127635,2.578,2.58,2.61,2.49,2.47,2.45,,,
2013/10/15,2.5,,2.5,2.5,2.5,4868,,111.135247,2.58,2.58,2.615,2.49,2.475,2.46,,,
2013/10/16,2.5,,2.5,2.5,2.5,4863,,111.142859,2.57,2.59,2.618,2.49,2.47,2.455,,,
2013/10/17,2.5,,2.5,2.5,2.5,4520,,111.150471,2.58,2.58,2.61,2.49,2.47,2.445,,,
2013/10/18,2.5,,2.5,2.5,2.5,4445,,111.158084,2.57,2.57,2.61,2.485,2.47,2.45,,,
2013/10/21,2.5,,2.5,2.5,2.5,6479,,111.180925,2.56,2.56,2.598,2.485,2.465,2.45,,,
2013/10/22,2.5,,2.5,2.5,2.5,6265,,111.18854,2.57,2.58,2.62,2.49,2.47,2.455,,,
2013/10/23,2.5,,2.5,2.5,2.5,4402,,111.196156,2.58,2.59,2.62,2.49,2.48,2.455,,,
2013/10/24,2.5,,2.5,2.5,2.5,3073,,111.203772,2.58,2.591,2.63,2.49,2.48,2.46,,,
2013/10/25,2.5,,2.5,2.5,2.5,4778,,111.211388,2.58,2.591,2.618,2.49,2.48,2.455,,,
2013/10/28,2.5,,2.5,2.5,2.5,6640,,111.23424,2.58,2.605,2.62,2.49,2.48,2.455,,,
2013/10/29,2.5,,2.5,2.5,2.5,5918,,111.241859,2.588,2.605,2.62,2.49,2.475,2.45,,,
2013/10/30,2.5,,2.5,2.5,2.5,5231,,111.249478,2.58,2.59,2.61,2.485,2.475,2.45,,,
2013/10/31,2.5,,2.5,2.5,2.5,4524,,111.257098,2.573,2.585,2.605,2.495,2.485,2.465,,,
2013/11/01,2.5,,2.5,2.5,2.5,6035,,111.264718,2.57,2.58,2.62,2.495,2.485,2.47,,,
2013/11/04,2.5,,2.5,2.5,2.5,5089,,111.287581,2.58,2.58,2.63,2.495,2.49,2.48,,,
2013/11/05,2.5,,2.5,2.5,2.5,5103,,111.295203,2.58,2.58,2.618,2.5,2.49,2.485,,,
2013/11/06,2.5,,2.5,2.5,2.5,4610,,111.302826,2.58,2.58,2.628,2.495,2.495,2.485,,,
2013/11/07,2.5,,2.5,2.5,2.5,4556,,111.31045,2.58,2.58,2.61,2.495,2.485,2.475,,,
2013/11/08,2.5,,2.5,2.5,2.5,3928,,111.318074,2.58,2.58,2.61,2.495,2.485,2.47,,,
2013/11/11,2.5,,2.5,2.5,2.5,3002,,111.340947,2.58,2.58,2.63,2.495,2.49,2.475,,,
2013/11/12,2.5,,2.5,2.5,2.5,7091,,111.348574,2.59,2.59,2.62,2.495,2.49,2.48,,,
2013/11/13,2.5,,2.5,2.5,2.5,5406,,111.3562,2.59,2.59,2.623,2.495,2.49,2.4775,,,
2013/11/14,2.5,,2.5,2.5,2.5,3877,,111.363827,2.584,2.58,2.619,2.49,2.49,2.48,,,
2013/11/15,2.5,,2.5,2.5,2.5,5054,,111.371455,2.588,2.58,2.605,2.49,2.49,2.48,,,
2013/11/18,2.5,,2.5,2.5,2.5,4939,,111.39434,2.579,2.58,2.61,2.495,2.49,2.475,,,
2013/11/19,2.5,,2.5,2.5,2.5,3935,,111.401969,2.58,2.58,2.61,2.49,2.49,2.48,,,
2013/11/20,2.5,,2.5,2.5,2.5,4960,,111.4096,2.578,2.579,2.61,2.49,2.49,2.475,,,
2013/11/21,2.5,,2.5,2.5,2.5,2997,,111.41723,2.578,2.58,2.62,2.49,2.485,2.475,,,
2013/11/22,2.5,,2.5,2.5,2.5,4051,,111.424862,2.57,2.58,2.616,2.49,2.485,2.475,,,
2013/11/25,2.5,,2.5,2.5,2.5,3849,,111.447757,2.56,2.584,2.61,2.485,2.485,2.465,,,
2013/11/26,2.5,,2.5,2.5,2.5,4594,,111.455391,2.561,2.59,2.609,2.49,2.485,2.46,,,
2013/11/27,2.5,,2.5,2.5,2.5,4023,,111.463025,2.561,2.6,2.616,2.485,2.48,2.455,,,
2013/11/28,2.5,,2.5,2.5,2.5,4691,,111.470659,2.57,2.61,2.611,2.49,2.48,2.465,,,
2013/11/29,2.5,,2.5,2.5,2.5,4527,,111.478294,2.57,2.59,2.614,2.49,2.48,2.455,,,
2013/12/02,2.5,,2.5,2.5,2.5,4703,,111.5012,2.57,2.58,2.59,2.49,2.48,2.465,,,
2013/12/03,2.5,,2.5,2.5,2.5,5706,,111.508838,2.57,2.59,2.616,2.5,2.49,2.475,,,
2013/12/04,2.5,,2.5,2.5,2.5,4665,,111.516475,2.571,2.596,2.62,2.5,2.485,2.46,,,
2013/12/05,2.5,,2.5,2.5,2.5,4121,,111.524113,2.58,2.6,2.613,2.5,2.485,2.465,,,
2013/12/06,2.5,,2.5,2.5,2.5,4553,,111.531752,2.58,2.59,2.61,2.5,2.485,2.465,,,
2013/12/09,2.5,,2.5,2.5,2.5,5944,,111.554669,2.589,2.59,2.62,2.5,2.485,2.46,,,
2013/12/10,2.5,,2.5,2.5,2.5,7821,,111.56231,2.59,2.59,2.6,2.5,2.485,2.46,,,
2013/12/11,2.5,,2.5,2.5,2.5,4795,,111.569951,2.6,2.591,2.625,2.495,2.48,2.45,,,
2013/12/12,2.5,,2.5,2.5,2.5,5454,,111.577593,2.61,2.609,2.621,2.495,2.48,2.445,,,
2013/12/13,2.5,,2.5,2.5,2.5,5886,,111.585235,2.61,2.611,2.616,2.5,2.485,2.45,,,
2013/12/16,2.5,,2.5,2.5,2.5,6561,,111.608164,2.584,2.59,2.61,2.5,2.485,2.4525,,,
2013/12/17,2.5,,2.5,2.5,2.5,4544,,111.615808,2.58,2.59,2.61,2.5,2.485,2.45,,,
2013/12/18,2.5,,2.5,2.5,2.5,7313,,111.623453,2.598,2.6,2.621,2.5,2.485,2.455,,,
2013/12/19,2.5,,2.5,2.5,2.5,6017,,111.631099,2.619,2.613,2.635,2.5,2.49,2.465,,,
2013/12/20,2.5,,2.5,2.5,2.5,7321,,111.638745,2.61,2.611,2.634,2.5,2.4925,2.47,,,
2013/12/23,2.5,,2.5,2.5,2.5,6350,,111.661684,2.591,2.616,2.623,2.5,2.49,2.475,,,
2013/12/24,2.5,,2.5,2.5,2.5,5700,,111.669332,2.6,2.621,2.633,2.498,2.49,2.47,,,
2013/12/27,2.5,,2.5,2.5,2.5,4738,,111.692278,2.6,2.63,2.641,2.5,2.49,2.475,,,
2013/12/30,2.5,,2.5,2.5,2.5,5357,,111.715228,2.62,2.64,2.66,2.498,2.49,2.485,,,
2013/12/31,2.5,,2.5,2.5,2.5,6808,,111.72288,2.623,2.633,2.648,2.5,2.488,2.473,,,
2014/01/02,2.5,,2.5,2.5,2.5,6480,,111.738185,2.588,2.601,2.633,2.5,2.49,2.48,,,
2014/01/03,2.5,,2.5,2.5,2.5,6372,,111.745838,2.59,2.6,2.64,2.5,2.485,2.48,,,
2014/01/06,2.5,,2.5,2.5,2.5,5939,,111.768799,2.608,2.623,2.65,2.5,2.49,2.485,,,
2014/01/07,2.5,,2.5,2.5,2.5,4980,,111.776455,2.616,2.62,2.65,2.5,2.49,2.48,,,
2014/01/08,2.5,,2.5,2.5,2.5,5580,,111.784111,2.62,2.625,2.649,2.5,2.49,2.48,,,
2014/01/09,2.5,,2.5,2.5,2.5,5759,,111.791767,2.62,2.634,2.664,2.495,2.49,2.485,,,
2014/01/10,2.5,,2.5,2.5,2.5,4525,,111.799424,2.621,2.64,2.66,2.495,2.495,2.485,,,
2014/01/13,2.5,,2.5,2.5,2.5,4868,,111.822397,2.62,2.64,2.654,2.495,2.485,2.48,,,
2014/01/14,2.5,,2.5,2.5,2.5,3436,,111.830056,2.62,2.64,2.65,2.495,2.485,2.475,,,
2014/01/15,2.5,,2.5,2.5,2.5,4474,,111.837715,2.62,2.638,2.648,2.495,2.485,2.475,,,
2014/01/16,2.5,,2.5,2.5,2.5,4240,,111.845375,2.6,2.6,2.61,2.49,2.465,2.435,,,
2014/01/17,2.5,,2.5,2.5,2.5,5203,,111.853036,2.6,2.6,2.606,2.485,2.455,2.42,,,
2014/01/20,2.5,,2.5,2.5,2.5,5894,,111.876019,2.59,2.59,2.6,2.485,2.455,2.42,,,
2014/01/21,2.5,,2.5,2.5,2.5,6133,,111.883682,2.591,2.591,2.604,2.485,2.46,2.43,,,
2014/01/22,2.5,,2.5,2.5,2.5,4947,,111.891346,2.6,2.611,2.64,2.495,2.49,2.48,,,
2014/01/23,2.5,,2.5,2.5,2.5,6548,,111.899009,2.601,2.623,2.64,2.495,2.49,2.4775,,,
2014/01/24,2.5,,2.5,2.5,2.5,6002,,111.906674,2.608,2.613,2.621,2.495,2.48,2.46,,,
2014/01/28,2.5,,2.5,2.5,2.5,5773,,111.937333,2.61,2.63,2.64,2.495,2.485,2.465,,,
2014/01/29,2.5,,2.5,2.5,2.5,5396,,111.945,2.61,2.63,2.65,2.495,2.485,2.47,,,
2014/01/30,2.5,,2.5,2.5,2.5,5636,,111.952667,2.61,2.63,2.66,2.49,2.485,2.465,,,
2014/01/31,2.5,,2.5,2.5,2.5,4258,,111.960335,2.61,2.628,2.654,2.495,2.485,2.4725,,,
2014/02/03,2.5,,2.5,2.5,2.5,5496,,111.983341,2.61,2.61,2.644,2.495,2.485,2.475,,,
2014/02/04,2.5,,2.5,2.5,2.5,5099,,111.991011,2.61,2.62,2.65,2.5,2.495,2.485,,,
2014/02/05,2.5,,2.5,2.5,2.5,5041,,111.998682,2.61,2.62,2.66,2.5,2.495,2.485,,,
2014/02/06,2.5,,2.5,2.5,2.5,5970,,112.006353,2.61,2.628,2.66,2.5,2.495,2.49,,,
2014/02/07,2.5,,2.5,2.5,2.5,6154,,112.014024,2.61,2.63,2.66,2.495,2.495,2.495,,,
2014/02/10,2.5,,2.5,2.5,2.5,5872,,112.037041,2.61,2.63,2.67,2.498,2.495,2.4905,,,
2014/02/11,2.5,,2.5,2.5,2.5,4371,,112.044715,2.61,2.63,2.67,2.498,2.495,2.493,,,
2014/02/12,2.5,,2.5,2.5,2.5,4065,,112.052389,2.62,2.64,2.678,2.498,2.495,2.495,,,
2014/02/13,2.5,,2.5,2.5,2.5,5118,,112.060064,2.62,2.63,2.64,2.495,2.495,2.49,,,
2014/02/14,2.5,,2.5,2.5,2.5,7263,,112.067739,2.618,2.628,2.648,2.495,2.495,2.49,,,
2014/02/17,2.5,,2.5,2.5,2.5,6020,,112.090767,2.603,2.62,2.655,2.495,2.495,2.495,,,
2014/02/18,2.5,,2.5,2.5,2.5,5538,,112.098444,2.61,2.62,2.66,2.495,2.495,2.5,,,
2014/02/19,2.5,,2.5,2.5,2.5,6094,,112.106122,2.608,2.62,2.65,2.495,2.495,2.5,,,
2014/02/20,2.5,,2.5,2.5,2.5,4946,,112.113801,2.61,2.621,2.66,2.495,2.495,2.495,,,
2014/02/21,2.5,,2.5,2.5,2.5,4856,,112.12148,2.61,2.63,2.67,2.495,2.495,2.5,,,
2014/02/24,2.5,,2.5,2.5,2.5,6178,,112.144518,2.618,2.63,2.661,2.495,2.495,2.4925,,,
2014/02/25,2.5,,2.5,2.5,2.5,4975,,112.1522,2.62,2.626,2.656,2.495,2.495,2.495,,,
2014/02/26,2.5,,2.5,2.5,2.5,4571,,112.159881,2.62,2.629,2.65,2.495,2.495,2.49,,,
2014/02/27,2.5,,2.5,2.5,2.5,6534,,112.167563,2.61,2.625,2.645,2.495,2.495,2.49,,,
2014/02/28,2.5,,2.5,2.5,2.5,5051,,112.175246,2.61,2.62,2.652,2.495,2.48,2.47,,,
2014/03/03,2.5,,2.5,2.5,2.5,7294,,112.198296,2.61,2.62,2.64,2.495,2.48,2.47,,,
2014/03/04,2.5,,2.5,2.5,2.5,6434,,112.205981,2.61,2.63,2.655,2.5,2.49,2.485,,,
2014/03/05,2.5,,2.5,2.5,2.5,8996,,112.213666,2.62,2.64,2.667,2.5,2.495,2.49,,,
2014/03/06,2.5,,2.5,2.5,2.5,5264,,112.221352,2.62,2.65,2.68,2.5,2.495,2.495,,,
2014/03/07,2.5,,2.5,2.5,2.5,4857,,112.229038,2.63,2.65,2.675,2.5,2.495,2.5,,,
2014/03/10,2.5,,2.5,2.5,2.5,4910,,112.252099,2.633,2.643,2.667,2.5,2.495,2.5,,,
2014/03/11,2.5,,2.5,2.5,2.5,4919,,112.259788,2.63,2.64,2.67,2.495,2.495,2.5,,,
2014/03/12,2.5,,2.5,2.5,2.5,4898,,112.267477,2.63,2.65,2.67,2.495,2.495,2.495,,,
2014/03/13,2.5,,2.5,2.5,2.5,4610,,112.275166,2.63,2.653,2.67,2.495,2.5,2.505,,,
2014/03/14,2.5,,2.5,2.5,2.5,5614,,112.282856,2.63,2.65,2.67,2.495,2.495,2.49,,,
2014/03/17,2.5,,2.5,2.5,2.5,5397,,112.305928,2.63,2.655,2.67,2.495,2.495,2.505,,,
2014/03/18,2.5,,2.5,2.5,2.5,6158,,112.31362,2.643,2.653,2.683,2.495,2.5,2.505,,,
2014/03/19,2.5,,2.5,2.5,2.5,6678,,112.321313,2.64,2.66,2.695,2.495,2.5,2.505,,,
2014/03/20,2.5,,2.5,2.5,2.5,5563,,112.329006,2.64,2.658,2.69,2.4975,2.5,2.505,,,
2014/03/21,2.5,,2.5,2.5,2.5,5850,,112.3367,2.64,2.653,2.7,2.5,2.5,2.505,,,
2014/03/24,2.5,,2.5,2.5,2.5,5378,,112.359783,2.64,2.66,2.71,2.5,2.5,2.51,,,
2014/03/25,2.5,,2.5,2.5,2.5,5522,,112.367479,2.64,2.65,2.7,2.5,2.5,2.505,,,
2014/03/26,2.5,,2.5,2.5,2.5,4397,,112.375175,2.64,2.673,2.72,2.5,2.5,2.51,,,
2014/03/27,2.5,,2.5,2.5,2.5,5205,,112.382872,2.64,2.677,2.72,2.5,2.5,2.51,,,
2014/03/28,2.5,,2.5,2.5,2.5,5888,,112.390569,2.65,2.7,2.73,2.495,2.5,2.51,,,
2014/03/31,2.5,,2.5,2.5,2.5,5678,,112.413663,2.64,2.668,2.702,2.5,2.5,2.505,,,
2014/04/01,2.5,,2.5,2.5,2.5,7078,,112.421363,2.64,2.66,2.7,2.5,2.5,2.51,,,
2014/04/02,2.5,,2.5,2.5,2.5,7088,,112.429063,2.64,2.66,2.71,2.5,2.5,2.505,,,
2014/04/03,2.5,,2.5,2.5,2.5,8353,,112.436764,2.64,2.67,2.72,2.5,2.5,2.505,,,
2014/04/04,2.5,,2.5,2.5,2.5,7004,,112.444465,2.64,2.68,2.72,2.5,2.5,2.5075,,,
2014/04/07,2.5,,2.5,2.5,2.5,5567,,112.46757,2.65,2.69,2.73,2.5,2.5,2.505,,,
2014/04/08,2.5,,2.5,2.5,2.5,5698,,112.475273,2.657,2.69,2.72,2.5,2.5,2.505,,,
2014/04/09,2.5,,2.5,2.5,2.5,4547,,112.482977,2.653,2.68,2.72,2.5,2.5,2.505,,,
2014/04/10,2.5,,2.5,2.5,2.5,5717,,112.490681,2.657,2.7,2.73,2.5,2.5,2.51,,,
2014/04/11,2.5,,2.5,2.5,2.5,5509,,112.498386,2.66,2.7,2.73,2.5,2.5,2.51,,,
2014/04/14,2.5,,2.5,2.5,2.5,3487,,112.521502,2.66,2.7,2.73,2.5,2.5,2.51,,,
2014/04/15,2.5,,2.5,2.5,2.5,3919,,112.529209,2.65,2.69,2.72,2.5,2.5,2.51,,,
2014/04/16,2.5,,2.5,2.5,2.5,5945,,112.536917,2.64,2.66,2.71,2.5,2.5,2.51,,,
2014/04/17,2.5,,2.5,2.5,2.5,5988,,112.544625,2.64,2.67,2.713,2.5,2.5,2.51,,,
2014/04/22,2.5,,2.5,2.5,2.5,6438,,112.583167,2.64,2.67,2.728,2.495,2.495,2.51,,,
2014/04/23,2.5,,2.5,2.5,2.5,6216,,112.590878,2.64,2.67,2.725,2.5,2.5,2.51,,,
2014/04/24,2.5,,2.5,2.5,2.5,5137,,112.59859,2.65,2.68,2.722,2.495,2.5,2.505,,,
2014/04/28,2.5,,2.5,2.5,2.5,5354,,112.629439,2.66,2.678,2.715,2.495,2.5,2.505,,,
2014/04/29,2.5,,2.5,2.5,2.5,4855,,112.637153,2.657,2.68,2.72,2.495,2.5,2.505,,,
2014/04/30,2.5,,2.5,2.5,2.5,5643,,112.644868,2.657,2.677,2.71,2.5,2.5,2.505,,,
2014/05/01,2.5,,2.5,2.5,2.5,5656,,112.652584,2.65,2.67,2.707,2.5,2.5,2.505,,,
2014/05/02,2.5,,2.5,2.5,2.5,5920,,112.6603,2.65,2.68,2.7,2.5,2.5,2.505,,,
2014/05/05,2.5,,2.5,2.5,2.5,4645,,112.683449,2.66,2.68,2.71,2.5,2.495,2.505,,,
2014/05/06,2.5,,2.5,2.5,2.5,5716,,112.691167,2.657,2.67,2.71,2.5,2.5,2.5,,,
2014/05/07,2.5,,2.5,2.5,2.5,5834,,112.698886,2.65,2.67,2.71,2.5,2.5,2.5,,,
2014/05/08,2.5,,2.5,2.5,2.5,5982,,112.706605,2.65,2.675,2.71,2.5,2.5,2.505,,,
2014/05/09,2.5,,2.5,2.5,2.5,5715,,112.714324,2.65,2.67,2.707,2.5,2.5,2.505,,,
2014/05/12,2.5,,2.5,2.5,2.5,7088,,112.737485,2.65,2.67,2.7,2.495,2.5,2.505,,,
2014/05/13,2.5,,2.5,2.5,2.5,5637,,112.745207,2.65,2.69,2.7,2.495,2.5,2.505,,,
2014/05/14,2.5,,2.5,2.5,2.5,6389,,112.752929,2.663,2.7,2.71,2.495,2.5,2.505,,,
2014/05/15,2.5,,2.5,2.5,2.5,6274,,112.760652,2.66,2.69,2.703,2.495,2.5,2.5,,,
2014/05/16,2.5,,2.5,2.5,2.5,4805,,112.768375,2.66,2.69,2.72,2.495,2.495,2.5,,,
2014/05/19,2.5,,2.5,2.5,2.5,5096,,112.791547,2.66,2.682,2.712,2.495,2.495,2.505,,,
2014/05/20,2.5,,2.5,2.5,2.5,5982,,112.799272,2.66,2.68,2.72,2.495,2.495,2.5,,,
2014/05/21,2.5,,2.5,2.5,2.5,4777,,112.806998,2.66,2.68,2.71,2.495,2.495,2.49,,,
2014/05/22,2.5,,2.5,2.5,2.5,6256,,112.814725,2.66,2.698,2.72,2.495,2.495,2.495,,,
2014/05/23,2.5,,2.5,2.5,2.5,9105,,112.822452,2.66,2.7,2.722,2.495,2.495,2.49,,,
2014/05/26,2.5,,2.5,2.5,2.5,7801,,112.845634,2.66,2.7,2.717,2.495,2.495,2.49,,,
2014/05/27,2.5,,2.5,2.5,2.5,6676,,112.853363,2.66,2.7,2.72,2.495,2.49,2.49,,,
2014/05/28,2.5,,2.5,2.5,2.5,6950,,112.861093,2.66,2.71,2.72,2.495,2.4925,2.485,,,
2014/05/29,2.5,,2.5,2.5,2.5,4442,,112.868823,2.66,2.707,2.7,2.495,2.49,2.485,,,
2014/05/30,2.5,,2.5,2.5,2.5,6706,,112.876554,2.66,2.697,2.71,2.495,2.495,2.49,,,
2014/06/02,2.5,,2.5,2.5,2.5,6416,,112.899748,2.66,2.69,2.71,2.5,2.495,2.49,,,
2014/06/03,2.5,,2.5,2.5,2.5,4069,,112.907481,2.66,2.688,2.717,2.5,2.5,2.495,,,
2014/06/04,2.5,,2.5,2.5,2.5,5254,,112.915214,2.66,2.69,2.717,2.5,2.5,2.5,,,
2014/06/05,2.5,,2.5,2.5,2.5,3517,,112.922948,2.66,2.685,2.72,2.5,2.5,2.5,,,
2014/06/06,2.5,,2.5,2.5,2.5,5672.5,,112.930683,2.66,2.68,2.72,2.5,2.5,2.5,,,
2014/06/10,2.5,,2.5,2.5,2.5,6051,,112.961622,2.66,2.68,2.71,2.5,2.5,2.5,,,
2014/06/11,2.5,,2.5,2.5,2.5,6320.5,,112.96936,2.66,2.685,2.72,2.495,2.5,2.5,,,
2014/06/12,2.5,,2.5,2.5,2.5,6459,,112.977097,2.66,2.692,2.72,2.495,2.5,2.5,,,
2014/06/13,2.5,,2.5,2.5,2.5,5333.5,,112.984835,2.66,2.7,2.72,2.495,2.495,2.5,,,
2014/06/16,2.5,,2.5,2.5,2.5,6924,,113.008051,2.657,2.683,2.71,2.495,2.495,2.5,,,
2014/06/17,2.5,,2.5,2.5,2.5,5260,,113.015792,2.66,2.69,2.71,2.495,2.495,2.495,,,
2014/06/18,2.5,,2.5,2.5,2.5,6323,,113.023532,2.67,2.7,2.717,2.495,2.495,2.495,,,
2014/06/19,2.5,,2.5,2.5,2.5,6332,,113.031274,2.66,2.7,2.72,2.5,2.495,2.49,,,
2014/06/20,2.5,,2.5,2.5,2.5,7041,,113.039016,2.66,2.7,2.72,2.5,2.495,2.49,,,
2014/06/23,2.5,,2.5,2.5,2.5,6307,,113.062243,2.66,2.71,2.73,2.5,2.495,2.49,,,
2014/06/24,2.5,,2.5,2.5,2.5,7479,,113.069987,2.66,2.71,2.72,2.5,2.495,2.485,,,
2014/06/25,2.5,,2.5,2.5,2.5,6050,,113.077731,2.67,2.73,2.73,2.5,2.495,2.48,,,
2014/06/26,2.5,,2.5,2.5,2.5,6711,,113.085476,2.66,2.72,2.73,2.495,2.49,2.48,,,
2014/06/27,2.5,,2.5,2.5,2.5,7160,,113.093222,2.66,2.71,2.72,2.495,2.49,2.475,,,
2014/06/30,2.5,,2.5,2.5,2.5,6719,,113.11646,2.66,2.69,2.71,2.5,2.49,2.48,,,
2014/07/01,2.5,,2.5,2.5,2.5,9338,,113.124208,2.65,2.68,2.71,2.5,2.495,2.485,,,
2014/07/02,2.5,,2.5,2.5,2.5,10016,,113.131956,2.66,2.68,2.71,2.5,2.495,2.475,,,
2014/07/03,2.5,,2.5,2.5,2.5,10112,,113.139705,2.652,2.67,2.68,2.5,2.4855,2.465,,,
2014/07/04,2.5,,2.5,2.5,2.5,6767,,113.147454,2.66,2.667,2.69,2.5,2.49,2.465,,,
2014/07/07,2.5,,2.5,2.5,2.5,5775,,113.170704,2.66,2.66,2.68,2.5,2.485,2.465,,,
2014/07/08,2.5,,2.5,2.5,2.5,6847,,113.178455,2.643,2.64,2.68,2.5,2.4875,2.47,,,
2014/07/09,2.5,,2.5,2.5,2.5,5168,,113.186207,2.65,2.643,2.692,2.5,2.49,2.465,,,
2014/07/10,2.5,,2.5,2.5,2.5,7611.5,,113.19396,2.64,2.63,2.66,2.495,2.48,2.445,,,
2014/07/11,2.5,,2.5,2.5,2.5,6960,,113.201713,2.64,2.633,2.645,2.495,2.47,2.435,,,
2014/07/14,2.5,,2.5,2.5,2.5,6300,,113.224973,2.645,2.655,2.66,2.495,2.48,2.44,,,
2014/07/15,2.5,,2.5,2.5,2.5,5785,,113.232728,2.648,2.655,2.655,2.495,2.485,2.45,,,
2014/07/16,2.5,,2.5,2.5,2.5,5727,,113.240484,2.643,2.648,2.653,2.495,2.485,2.445,,,
2014/07/17,2.5,,2.5,2.5,2.5,5098,,113.24824,2.643,2.647,2.65,2.495,2.485,2.45,,,
2014/07/18,2.5,,2.5,2.5,2.5,5379,,113.255997,2.645,2.642,2.642,2.49,2.48,2.44,,,
2014/07/21,2.5,,2.5,2.5,2.5,4119,,113.279269,2.64,2.62,2.64,2.49,2.48,2.445,,,
2014/07/22,2.5,,2.5,2.5,2.5,4912,,113.287028,2.64,2.64,2.65,2.49,2.49,2.46,,,
2014/07/23,2.5,,2.5,2.5,2.5,5585,,113.294787,2.64,2.65,2.67,2.495,2.495,2.475,,,
2014/07/24,2.5,,2.5,2.5,2.5,5104,,113.302547,2.64,2.64,2.66,2.495,2.495,2.48,,,
2014/07/25,2.5,,2.5,2.5,2.5,5778,,113.310307,2.64,2.64,2.66,2.495,2.495,2.48,,,
2014/07/28,2.5,,2.5,2.5,2.5,5803,,113.33359,2.64,2.65,2.66,2.495,2.495,2.48,,,
2014/07/29,2.5,,2.5,2.5,2.5,4451,,113.341353,2.64,2.65,2.67,2.495,2.495,2.485,,,
2014/07/30,2.5,,2.5,2.5,2.5,5953,,113.349116,2.64,2.65,2.67,2.495,2.495,2.48,,,
2014/07/31,2.5,,2.5,2.5,2.5,6450,,113.35688,2.64,2.65,2.673,2.5,2.495,2.485,,,
2014/08/01,2.5,,2.5,2.5,2.5,4983,,113.364644,2.64,2.64,2.67,2.5,2.495,2.485,,,
2014/08/04,2.5,,2.5,2.5,2.5,4627,,113.387938,,,,2.499,2.495,2.485,,,
2014/08/05,2.5,,2.5,2.5,2.5,5300,,113.395704,2.64,2.64,2.67,2.5,2.495,2.49,,,
2014/08/06,2.5,,2.5,2.5,2.5,6225,,113.403471,2.64,2.64,2.67,2.5,2.495,2.49,,,
2014/08/07,2.5,,2.5,2.5,2.5,5379,,113.411238,2.63,2.63,2.647,2.495,2.485,2.455,,,
2014/08/08,2.5,,2.5,2.5,2.5,3894,,113.419006,2.62,2.622,2.64,2.495,2.475,2.44,,,
2014/08/11,2.5,,2.5,2.5,2.5,4244,,113.442312,2.63,2.63,2.65,2.495,2.485,2.455,,,
2014/08/12,2.5,,2.5,2.5,2.5,4846,,113.450082,2.63,2.63,2.65,2.495,2.49,2.46,,,
2014/08/13,2.5,,2.5,2.5,2.5,5957,,113.457852,2.63,2.64,2.65,2.495,2.49,2.465,,,
2014/08/14,2.5,,2.5,2.5,2.5,3688,,113.465623,2.635,2.64,2.652,2.495,2.49,2.46,,,
2014/08/15,2.5,,2.5,2.5,2.5,6387,,113.473395,2.633,2.637,2.65,2.495,2.49,2.465,,,
2014/08/18,2.5,,2.5,2.5,2.5,4601,,113.496711,2.63,2.63,2.65,2.495,2.485,2.46,,,
2014/08/19,2.5,,2.5,2.5,2.5,3272,,113.504485,2.63,2.63,2.65,2.495,2.485,2.465,,,
2014/08/20,2.5,,2.5,2.5,2.5,5037,,113.512259,2.62,2.623,2.638,2.495,2.49,2.475,,,
2014/08/21,2.5,,2.5,2.5,2.5,5112,,113.520034,2.61,2.63,2.65,2.495,2.49,2.48,,,
2014/08/22,2.5,,2.5,2.5,2.5,4509,,113.527809,2.615,2.632,2.65,2.495,2.49,2.48,,,
2014/08/25,2.5,,2.5,2.5,2.5,4703,,113.551137,2.61,2.63,2.66,2.495,2.49,2.48,,,
2014/08/26,2.5,,2.5,2.5,2.5,5955,,113.558915,2.61,2.63,2.657,2.495,2.49,2.475,,,
2014/08/27,2.5,,2.5,2.5,2.5,4389,,113.566693,2.61,2.63,2.655,2.5,2.49,2.47,,,
2014/08/28,2.5,,2.5,2.5,2.5,3757,,113.574471,2.61,2.63,2.642,2.5,2.49,2.47,,,
2014/08/29,2.5,,2.5,2.5,2.5,5665,,113.58225,2.61,2.63,2.65,2.5,2.485,2.465,,,
2014/09/01,2.5,,2.5,2.5,2.5,6603,,113.605589,2.61,2.62,2.65,2.5,2.49,2.47,,,
2014/09/02,2.5,,2.5,2.5,2.5,6518,,113.61337,2.61,2.625,2.647,2.5,2.49,2.475,,,
2014/09/03,2.5,,2.5,2.5,2.5,4781,,113.621152,2.61,2.63,2.653,2.5,2.495,2.485,,,
2014/09/04,2.5,,2.5,2.5,2.5,4914,,113.628934,2.61,2.63,2.657,2.5,2.495,2.49,,,
2014/09/05,2.5,,2.5,2.5,2.5,4845,,113.636717,2.62,2.63,2.66,2.5,2.495,2.49,,,
2014/09/08,2.5,,2.5,2.5,2.5,5637,,113.660067,2.62,2.627,2.65,2.5,2.495,2.485,,,
2014/09/09,2.5,,2.5,2.5,2.5,6302,,113.667852,2.62,2.63,2.66,2.5,2.495,2.49,,,
2014/09/10,2.5,,2.5,2.5,2.5,5708,,113.675637,2.623,2.627,2.65,2.5,2.495,2.49,,,
2014/09/11,2.5,,2.5,2.5,2.5,5046,,113.683423,2.63,2.64,2.683,2.5,2.5,2.5,,,
2014/09/12,2.5,,2.5,2.5,2.5,4673,,113.69121,2.64,2.65,2.7,2.5,2.5,2.5,,,
2014/09/15,2.5,,2.5,2.5,2.5,6135,,113.714571,2.63,2.65,2.69,2.5,2.5,2.5,,,
2014/09/16,2.5,,2.5,2.5,2.5,5586,,113.72236,2.62,2.64,2.69,2.5,2.5,2.5,,,
2014/09/17,2.5,,2.5,2.5,2.5,4716,,113.730149,2.62,2.64,2.7,2.5,2.5,2.505,,,
2014/09/18,2.5,,2.5,2.5,2.5,4990,,113.737939,2.625,2.65,2.71,2.5,2.5,2.51,,,
2014/09/19,2.5,,2.5,2.5,2.5,3988,,113.745729,2.625,2.65,2.712,2.5,2.5,2.51,,,
2014/09/22,2.5,,2.5,2.5,2.5,6347,,113.769102,2.625,2.67,2.737,2.5,2.5,2.505,,,
2014/09/23,2.5,,2.5,2.5,2.5,5262,,113.776894,2.625,2.67,2.74,2.495,2.5,2.5,,,
2014/09/24,2.5,,2.5,2.5,2.5,4146,,113.784687,2.638,2.71,2.77,2.5,2.5,2.505,,,
2014/09/25,2.5,,2.5,2.5,2.5,4705,,113.79248,2.65,2.72,2.772,2.495,2.5,2.5,,,
2014/09/26,2.5,,2.5,2.5,2.5,5528,,113.800274,2.655,2.725,2.77,2.495,2.5,2.5,,,
2014/09/29,2.5,,2.5,2.5,2.5,6372,,113.823658,2.675,2.738,2.78,2.495,2.5,2.505,,,
2014/09/30,2.5,,2.5,2.5,2.5,6008,,113.831454,2.653,2.708,2.76,2.5,2.5,2.505,,,
2014/10/01,2.5,,2.5,2.5,2.5,7251,,113.839251,2.65,2.7,2.75,2.5,2.5,2.505,,,
2014/10/02,2.5,,2.5,2.5,2.5,6345,,113.847048,2.645,2.7,2.75,2.5,2.5,2.5,,,
2014/10/03,2.5,,2.5,2.5,2.5,6404,,113.854846,2.645,2.708,2.752,2.5,2.5,2.5,,,
2014/10/06,2.5,,2.5,2.5,2.5,5724,,113.878241,,,,2.4975,2.4975,2.5,,,
2014/10/07,2.5,,2.5,2.5,2.5,5465,,113.88604,2.64,2.707,2.752,2.5,2.5,2.505,,,
2014/10/08,2.5,,2.5,2.5,2.5,5979,,113.893841,2.64,2.7,2.75,2.5,2.5,2.5,,,
2014/10/09,2.5,,2.5,2.5,2.5,5660,,113.901642,2.64,2.71,2.75,2.5,2.5,2.5,,,
2014/10/10,2.5,,2.5,2.5,2.5,7108,,113.909443,2.64,2.72,2.74,2.5,2.495,2.495,,,
2014/10/13,2.5,,2.5,2.5,2.5,6072,,113.932849,2.64,2.71,2.74,2.495,2.495,2.49,,,
2014/10/14,2.5,,2.5,2.5,2.5,4577,,113.940653,2.64,2.712,2.74,2.495,2.4905,2.485,,,
2014/10/15,2.5,,2.5,2.5,2.5,4859,,113.948457,2.64,2.71,2.74,2.495,2.495,2.485,,,
2014/10/16,2.5,,2.5,2.5,2.5,4235,,113.956262,2.64,2.695,2.722,2.495,2.48,2.465,,,
2014/10/17,2.5,,2.5,2.5,2.5,5460,,113.964067,2.63,2.71,2.73,2.495,2.483,2.47,,,
2014/10/20,2.5,,2.5,2.5,2.5,4972,,113.987484,2.643,2.72,2.74,2.495,2.4875,2.483,,,
2014/10/21,2.5,,2.5,2.5,2.5,5236,,113.995292,2.64,2.72,2.742,2.495,2.485,2.475,,,
2014/10/22,2.5,,2.5,2.5,2.5,4189,,114.0031,2.64,2.73,2.76,2.5,2.495,2.485,,,
2014/10/23,2.5,,2.5,2.5,2.5,4860,,114.010908,2.64,2.73,2.76,2.4975,2.4915,2.483,,,
2014/10/24,2.5,,2.5,2.5,2.5,3650,,114.018717,2.638,2.74,2.76,2.498,2.49,2.48,,,
2014/10/27,2.5,,2.5,2.5,2.5,5135,,114.042145,2.64,2.74,2.76,2.495,2.49,2.483,,,
2014/10/28,2.5,,2.5,2.5,2.5,4931,,114.049957,2.64,2.74,2.76,2.495,2.49,2.485,,,
2014/10/29,2.5,,2.5,2.5,2.5,4362,,114.057768,2.64,2.74,2.77,2.49,2.49,2.485,,,
2014/10/30,2.5,,2.5,2.5,2.5,4903,,114.06558,2.64,2.74,2.77,2.49,2.495,2.49,,,
2014/10/31,2.5,,2.5,2.5,2.5,4770,,114.073393,2.64,2.74,2.78,2.5,2.495,2.49,,,
2014/11/03,2.5,,2.5,2.5,2.5,8211,,114.096833,2.64,2.73,2.762,2.5,2.495,2.485,,,
2014/11/04,2.5,,2.5,2.5,2.5,4766,,114.104648,2.65,2.74,2.777,2.5,2.4955,2.49,,,
2014/11/05,2.5,,2.5,2.5,2.5,5181,,114.112463,2.65,2.74,2.78,2.5,2.495,2.49,,,
2014/11/06,2.5,,2.5,2.5,2.5,4037,,114.120279,2.65,2.75,2.79,2.5,2.495,2.4875,,,
2014/11/07,2.5,,2.5,2.5,2.5,5182,,114.128095,2.647,2.765,2.81,2.5,2.5,2.495,,,
2014/11/10,2.5,,2.5,2.5,2.5,6035,,114.151546,2.65,2.77,2.81,2.5,2.5,2.495,,,
2014/11/11,2.5,,2.5,2.5,2.5,4445,,114.159365,2.65,2.77,2.81,2.495,2.5,2.495,,,
2014/11/12,2.5,,2.5,2.5,2.5,5013,,114.167184,2.655,2.775,2.822,2.495,2.5,2.5,,,
2014/11/13,2.5,,2.5,2.5,2.5,4005,,114.175004,2.65,2.78,2.82,2.499,2.499,2.499,,,
2014/11/14,2.5,,2.5,2.5,2.5,4311,,114.182824,2.645,2.775,2.815,2.495,2.495,2.5,,,
2014/11/17,2.5,,2.5,2.5,2.5,5050,,114.206286,2.642,2.77,2.81,2.495,2.5,2.495,,,
2014/11/18,2.5,,2.5,2.5,2.5,6068,,114.214109,2.642,2.76,2.81,2.495,2.5,2.495,,,
2014/11/19,2.5,,2.5,2.5,2.5,4927,,114.221931,2.64,2.75,2.81,2.495,2.495,2.49,,,
2014/11/20,2.5,,2.5,2.5,2.5,3632,,114.229755,2.64,2.74,2.81,2.495,2.495,2.49,,,
2014/11/21,2.5,,2.5,2.5,2.5,6087,,114.237579,2.63,2.74,2.812,2.5,2.5,2.49,,,
2014/11/24,2.5,,2.5,2.5,2.5,5981,,114.261052,2.63,2.73,2.815,2.5,2.5,2.49,,,
2014/11/25,2.5,,2.5,2.5,2.5,6534,,114.268878,2.622,2.738,2.812,2.4975,2.495,2.485,,,
2014/11/26,2.5,,2.5,2.5,2.5,6216,,114.276705,2.63,2.74,2.81,2.495,2.49,2.47,,,
2014/11/27,2.5,,2.5,2.5,2.5,5609,,114.284532,2.632,2.74,2.805,2.495,2.495,2.48,,,
2014/11/28,2.5,,2.5,2.5,2.5,7594,,114.29236,2.63,2.74,2.802,2.495,2.49,2.465,,,
2014/12/01,2.5,,2.5,2.5,2.5,6525,,114.315845,2.63,2.73,2.795,2.5,2.49,2.465,,,
2014/12/02,2.5,,2.5,2.5,2.5,6140,,114.323675,2.632,2.74,2.802,2.5,2.495,2.47,,,
2014/12/03,2.5,,2.5,2.5,2.5,5811,,114.331505,2.63,2.73,2.788,2.5,2.49,2.445,,,
2014/12/04,2.5,,2.5,2.5,2.5,6589,,114.339336,2.632,2.73,2.782,2.5,2.485,2.425,,,
2014/12/05,2.5,,2.5,2.5,2.5,5863,,114.347167,2.63,2.71,2.735,2.5,2.47,2.3825,,,
2014/12/08,2.5,,2.5,2.5,2.5,4662,,114.370663,2.62,2.72,2.742,2.5,2.465,2.38,,,
2014/12/09,2.5,,2.5,2.5,2.5,4869,,114.378497,2.62,2.72,2.75,2.5,2.465,2.375,,,
2014/12/10,2.5,,2.5,2.5,2.5,5549,,114.386331,2.62,2.73,2.75,2.5,2.465,2.37,,,
2014/12/11,2.5,,2.5,2.5,2.5,5290,,114.394166,2.612,2.74,2.75,2.5,2.465,2.365,,,
2014/12/12,2.5,,2.5,2.5,2.5,4354,,114.402001,2.62,2.752,2.77,2.5,2.475,2.395,,,
2014/12/15,2.5,,2.5,2.5,2.5,5325,,114.425508,2.63,2.733,2.745,2.495,2.47,2.38,,,
2014/12/16,2.5,,2.5,2.5,2.5,6217,,114.433346,2.64,2.74,2.755,2.5,2.47,2.38,,,
2014/12/17,2.5,,2.5,2.5,2.5,4816,,114.441183,2.645,2.75,2.77,2.5,2.465,2.37,,,
2014/12/18,2.5,,2.5,2.5,2.5,5150,,114.449022,2.64,2.77,2.79,2.5,2.47,2.38,,,
2014/12/19,2.5,,2.5,2.5,2.5,6526,,114.456861,2.64,2.78,2.8,2.5,2.4675,2.38,,,
2014/12/22,2.5,,2.5,2.5,2.5,4803,,114.480379,2.64,2.78,2.803,2.5,2.465,2.38,,,
2014/12/23,2.5,,2.5,2.5,2.5,5116,,114.488221,2.638,2.78,2.805,2.5,2.46,2.375,,,
2014/12/24,2.5,,2.5,2.5,2.5,4649,,114.496062,2.64,2.778,2.807,2.5005,2.46,2.375,,,
2014/12/29,2.5,,2.5,2.5,2.5,5741,,114.535273,2.64,2.78,2.807,2.5,2.46,2.375,,,
2014/12/30,2.5,,2.5,2.5,2.5,4200,,114.543118,2.642,2.78,2.822,2.5,2.45,2.37,,,
2014/12/31,2.5,,2.5,2.5,2.5,5424,,114.550963,2.64,2.78,2.83,2.5,2.45,2.361,,,
2015/01/02,2.5,,2.5,2.5,2.5,6574,,114.566655,2.64,2.75,2.81,2.5,2.445,2.36,,,
2015/01/05,2.5,,2.5,2.5,2.5,6357,,114.590196,2.642,2.75,2.815,2.495,2.445,2.36,,,
2015/01/06,2.5,,2.5,2.5,2.5,5834,,114.598045,2.64,2.74,2.815,2.495,2.445,2.365,,,
2015/01/07,2.5,,2.5,2.5,2.5,5137,,114.605894,2.64,2.73,2.808,2.49,2.438,2.35,,,
2015/01/08,2.5,,2.5,2.5,2.5,4873,,114.613744,2.64,2.738,2.8,2.49,2.44,2.37,,,
2015/01/09,2.5,,2.5,2.5,2.5,4792,,114.621594,2.64,2.733,2.802,2.49,2.44,2.37,,,
2015/01/12,2.5,,2.5,2.5,2.5,5280,,114.645147,2.64,2.732,2.792,2.49,2.435,2.3625,,,
2015/01/13,2.5,,2.5,2.5,2.5,6244,,114.652999,2.64,2.735,2.79,2.485,2.43,2.355,,,
2015/01/14,2.5,,2.5,2.5,2.5,5763,,114.660852,2.64,2.74,2.79,2.485,2.43,2.36,,,
2015/01/15,2.5,,2.5,2.5,2.5,5028,,114.668705,2.632,2.737,2.773,2.495,2.4525,2.3855,,,
2015/01/16,2.5,,2.5,2.5,2.5,4827,,114.67656,2.64,2.72,2.76,2.4825,2.4225,2.3375,,,
2015/01/19,2.5,,2.5,2.5,2.5,5928,,114.700123,2.64,2.73,2.785,2.485,2.423,2.3425,,,
2015/01/20,2.5,,2.5,2.5,2.5,4502,,114.707979,2.63,2.722,2.78,2.48,2.42,2.3425,,,
2015/01/21,2.5,,2.5,2.5,2.5,4686,,114.715836,2.63,2.71,2.77,2.469,2.407,2.32,,,
2015/01/22,2.5,,2.5,2.5,2.5,4766,,114.723693,2.607,2.66,2.693,2.454,2.373,2.275,,,
2015/01/23,2.5,,2.5,2.5,2.5,5195,,114.731551,2.595,2.65,2.683,2.445,2.35,2.25,,,
2015/01/27,2.5,,2.5,2.5,2.5,4705,,114.762984,2.58,2.65,2.66,2.445,2.3525,2.25,,,
2015/01/28,2.5,,2.5,2.5,2.5,4095,,114.770845,2.613,2.7,2.725,2.4725,2.398,2.302,,,
2015/01/29,2.5,,2.5,2.5,2.5,3886,,114.778706,2.51,2.58,2.58,2.364,2.247,2.149,,,
2015/01/30,2.5,,2.5,2.5,2.5,5010,,114.786567,2.49,2.54,2.55,2.35,2.2055,2.113,,,
2015/02/02,2.5,,2.5,2.5,2.5,5636,,114.810154,2.48,2.487,2.52,2.342,2.22,2.122,,,
2015/02/03,2.5,,2.5,2.5,2.5,4564,,114.818017,2.362,2.37,2.378,2.253,2.12,2.005,,,
2015/02/04,2.25,-0.25,2.25,2.25,2.25,4727,,114.825882,2.38,2.395,2.42,2.25,2.16,2.065,,,
2015/02/05,2.25,,2.25,2.25,2.25,3570,,114.83296,2.37,2.4,2.415,2.221,2.1675,2.06,,,
2015/02/06,2.25,,2.25,2.25,2.25,6625,,114.840039,2.37,2.405,2.42,2.24,2.1605,2.064,,,
2015/02/09,2.25,,2.25,2.25,2.25,4371,,114.861276,2.36,2.39,2.43,2.248,2.163,2.063,,,
2015/02/10,2.25,,2.25,2.25,2.25,4322,,114.868357,2.36,2.39,2.428,2.242,2.153,2.054,,,
2015/02/11,2.25,,2.25,2.25,2.25,3396,,114.875438,2.36,2.39,2.42,2.235,2.141,2.043,,,
2015/02/12,2.25,,2.25,2.25,2.25,5180,,114.882519,2.323,2.34,2.35,2.204,2.074,1.975,,,
2015/02/13,2.25,,2.25,2.25,2.25,4926,,114.889601,2.33,2.33,2.35,2.189,2.07,1.98,,,
2015/02/16,2.25,,2.25,2.25,2.25,4807,,114.910848,2.32,2.322,2.348,2.182,2.068,1.975,,,
2015/02/17,2.25,,2.25,2.25,2.25,3507,,114.917931,2.32,2.34,2.358,2.187,2.09,1.995,,,
2015/02/18,2.25,,2.25,2.25,2.25,4074,,114.925015,2.31,2.33,2.36,2.187,2.101,2,,,
2015/02/19,2.25,,2.25,2.25,2.25,4057,,114.9321,2.31,2.33,2.35,2.178,2.09,1.985,,,
2015/02/20,2.25,,2.25,2.25,2.25,4263,,114.939184,2.3,2.33,2.35,2.165,2.074,1.975,,,
2015/02/23,2.25,,2.25,2.25,2.25,4517,,114.96044,2.29,2.32,2.353,2.163,2.078,1.98,,,
2015/02/24,2.25,,2.25,2.25,2.25,6366,,114.967527,2.288,2.32,2.35,2.167,2.086,1.988,,,
2015/02/25,2.25,,2.25,2.25,2.25,4957,,114.974614,2.298,2.34,2.355,2.172,2.092,1.9925,,,
2015/02/26,2.25,,2.25,2.25,2.25,3874,,114.981701,2.29,2.33,2.34,2.14,2.061,1.9525,,,
2015/02/27,2.25,,2.25,2.25,2.25,4120,,114.988789,2.297,2.31,2.313,2.112,2.032,1.93,,,
2015/03/02,2.25,,2.25,2.25,2.25,6919,,115.010054,2.28,2.28,2.3,2.111,2.035,1.923,,,
2015/03/03,2.25,,2.25,2.25,2.25,5109,,115.017144,2.32,2.35,2.367,2.258,2.133,2.015,,,
2015/03/04,2.25,,2.25,2.25,2.25,6027,,115.024234,2.318,2.35,2.38,2.258,2.138,2.0175,,,
2015/03/05,2.25,,2.25,2.25,2.25,4781,,115.031325,2.318,2.34,2.378,2.258,2.132,2.02,,,
2015/03/06,2.25,,2.25,2.25,2.25,5934,,115.038416,2.31,2.34,2.38,2.254,2.128,2.015,,,
2015/03/09,2.25,,2.25,2.25,2.25,4729,,115.05969,2.29,2.34,2.392,2.252,2.138,2.0375,,,
2015/03/10,2.25,,2.25,2.25,2.25,5161,,115.066783,2.288,2.338,2.385,2.24,2.126,2.025,,,
2015/03/11,2.25,,2.25,2.25,2.25,4198,,115.073876,2.283,2.33,2.38,2.238,2.118,2.015,,,
2015/03/12,2.25,,2.25,2.25,2.25,6699,,115.080969,2.28,2.33,2.37,2.241,2.1225,2.0225,,,
2015/03/13,2.25,,2.25,2.25,2.25,3440,,115.088063,2.272,2.32,2.375,2.225,2.1225,2.03,,,
2015/03/16,2.25,,2.25,2.25,2.25,3461,,115.109347,2.275,2.32,2.37,2.222,2.12,2.0225,,,
2015/03/17,2.25,,2.25,2.25,2.25,4405,,115.116443,2.28,2.328,2.373,2.217,2.1265,2.04,,,
2015/03/18,2.25,,2.25,2.25,2.25,4463,,115.123539,2.28,2.312,2.362,2.216,2.1225,2.025,,,
2015/03/19,2.25,,2.25,2.25,2.25,5231,,115.130635,2.27,2.28,2.333,2.202,2.09,1.993,,,
2015/03/20,2.25,,2.25,2.25,2.25,4324,,115.137732,2.272,2.29,2.33,2.2,2.095,1.995,,,
2015/03/23,2.25,,2.25,2.25,2.25,4240,,115.159025,2.26,2.272,2.315,2.19,2.085,1.983,,,
2015/03/24,2.25,,2.25,2.25,2.25,5053,,115.166124,2.258,2.267,2.297,2.173,2.064,1.9575,,,
2015/03/25,2.25,,2.25,2.25,2.25,5421,,115.173223,2.24,2.24,2.29,2.158,2.05,1.937,,,
2015/03/26,2.25,,2.25,2.25,2.25,5524,,115.180323,2.23,2.23,2.265,2.158,2.045,1.93,,,
2015/03/27,2.25,,2.25,2.25,2.25,4583,,115.187423,2.23,2.23,2.263,2.148,2.042,1.93,,,
2015/03/30,2.25,,2.25,2.25,2.25,7772,,115.208725,2.215,2.223,2.25,2.13,2.028,1.912,,,
2015/03/31,2.25,,2.25,2.25,2.25,4564,,115.215827,2.213,2.213,2.213,2.112,2.004,1.882,,,
2015/04/01,2.25,,2.25,2.25,2.25,6450,,115.222929,2.19,2.195,2.2,2.104,2.002,1.8775,,,
2015/04/02,2.25,,2.25,2.25,2.25,6072,,115.230032,2.167,2.178,2.197,2.071,1.9675,1.84,,,
2015/04/07,2.25,,2.25,2.25,2.25,5741,,115.265548,2.283,2.268,2.27,2.237,2.091,1.956,,,
2015/04/08,2.25,,2.25,2.25,2.25,3779,,115.272653,2.27,2.267,2.287,2.222,2.095,1.965,,,
2015/04/09,2.25,,2.25,2.25,2.25,5323,,115.279759,2.26,2.26,2.27,2.222,2.095,1.971,,,
2015/04/10,2.25,,2.25,2.25,2.25,5534,,115.286866,2.25,2.26,2.28,2.208,2.0865,1.973,,,
2015/04/13,2.25,,2.25,2.25,2.25,4912,,115.308186,2.25,2.26,2.268,2.197,2.069,1.945,,,
2015/04/14,2.25,,2.25,2.25,2.25,3944,,115.315294,2.25,2.26,2.265,2.191,2.064,1.939,,,
2015/04/15,2.25,,2.25,2.25,2.25,5089,,115.322402,2.253,2.26,2.26,2.179,2.063,1.938,,,
2015/04/16,2.25,,2.25,2.25,2.25,6106,,115.329511,2.252,2.262,2.29,2.195,2.095,1.986,,,
2015/04/17,2.25,,2.25,2.25,2.25,4564,,115.336621,2.252,2.26,2.29,2.181,2.088,1.98,,,
2015/04/20,2.25,,2.25,2.25,2.25,5121,,115.35795,2.252,2.26,2.3,2.1825,2.088,1.992,,,
2015/04/21,2.25,,2.25,2.25,2.25,4273,,115.365061,2.24,2.25,2.28,2.1675,2.0675,1.9675,,,
2015/04/22,2.25,,2.25,2.25,2.25,4163,,115.372173,2.25,2.265,2.3,2.17,2.093,2.01,,,
2015/04/23,2.25,,2.25,2.25,2.25,4679,,115.379285,2.247,2.27,2.293,2.171,2.099,2.013,,,
2015/04/24,2.25,,2.25,2.25,2.25,4499,,115.386397,2.24,2.258,2.297,2.159,2.088,2.006,,,
2015/04/27,2.25,,2.25,2.25,2.25,4623,,115.407736,2.227,2.25,2.29,2.15,2.0755,1.9905,,,
2015/04/28,2.25,,2.25,2.25,2.25,4808,,115.41485,2.22,2.25,2.3,2.158,2.0825,2.005,,,
2015/04/29,2.25,,2.25,2.25,2.25,5460,,115.421964,2.235,2.258,2.285,2.138,2.06,1.978,,,
2015/04/30,2.25,,2.25,2.25,2.25,4880,,115.429079,2.222,2.25,2.28,2.125,2.0475,1.975,,,
2015/05/01,2.25,,2.25,2.25,2.25,5782,,115.436195,2.2,2.2,2.26,2.085,2.018,1.948,,,
2015/05/04,2.25,,2.25,2.25,2.25,4971,,115.457543,2.152,2.17,2.25,2.065,2.003,1.934,,,
2015/05/05,2.25,,2.25,2.25,2.25,5258,,115.46466,2.08,2.13,2.22,1.9975,1.9815,1.945,,,
2015/05/06,2,-0.25,2,2,2,4744,,115.471778,2.07,2.15,2.24,1.996,1.983,1.958,,,
2015/05/07,2,,2,2,2,3793,,115.478105,2.07,2.16,2.24,1.9975,1.979,1.946,,,
2015/05/08,2,,2,2,2,3511,,115.484432,2.07,2.16,2.24,1.994,1.979,1.941,,,
2015/05/11,2,,2,2,2,4959,,115.503416,2.065,2.147,2.23,2,1.981,1.95,,,
2015/05/12,2,,2,2,2,4993,,115.509745,2.068,2.158,2.258,1.9975,1.983,1.9575,,,
2015/05/13,2,,2,2,2,6392,,115.516074,2.07,2.15,2.242,1.998,1.985,1.949,,,
2015/05/14,2,,2,2,2,5178,,115.522404,2.068,2.142,2.245,1.994,1.976,1.939,,,
2015/05/15,2,,2,2,2,3395,,115.528734,2.06,2.133,2.237,1.995,1.975,1.925,,,
2015/05/18,2,,2,2,2,6853,,115.547725,2.05,2.14,2.22,1.992,1.973,1.929,,,
2015/05/19,2,,2,2,2,5208,,115.554056,2.05,2.14,2.235,1.995,1.98,1.9435,,,
2015/05/20,2,,2,2,2,3764,,115.560388,2.047,2.14,2.24,1.991,1.976,1.942,,,
2015/05/21,2,,2,2,2,3240,,115.56672,2.04,2.13,2.24,1.994,1.978,1.942,,,
2015/05/22,2,,2,2,2,6741,,115.573053,2.03,2.13,2.24,1.993,1.977,1.94,,,
2015/05/25,2,,2,2,2,8594,,115.592051,2.03,2.13,2.24,1.995,1.9765,1.9355,,,
2015/05/26,2,,2,2,2,7268,,115.598385,2.03,2.14,2.24,1.993,1.976,1.941,,,
2015/05/27,2,,2,2,2,4871,,115.604719,2.02,2.15,2.24,1.993,1.9765,1.938,,,
2015/05/28,2,,2,2,2,6149,,115.611053,2.03,2.142,2.237,1.992,1.97,1.93,,,
2015/05/29,2,,2,2,2,6223,,115.617388,2.02,2.135,2.22,1.989,1.955,1.91,,,
2015/06/01,2,,2,2,2,5433,,115.636394,2.04,2.13,2.222,1.982,1.9555,1.907,,,
2015/06/02,2,,2,2,2,5147,,115.64273,2.035,2.14,2.23,1.999,1.975,1.9355,,,
2015/06/03,2,,2,2,2,3903,,115.649067,2.035,2.15,2.24,1.999,1.983,1.9505,,,
2015/06/04,2,,2,2,2,4733,,115.655404,2.035,2.15,2.24,1.999,1.978,1.9425,,,
2015/06/05,2,,2,2,2,4539,,115.661741,2.03,2.15,2.24,1.998,1.973,1.94,,,
2015/06/09,2,,2,2,2,6581,,115.687091,2.038,2.15,2.25,1.997,1.9765,1.937,,,
2015/06/10,2,,2,2,2,5270,,115.69343,2.04,2.15,2.253,1.996,1.975,1.938,,,
2015/06/11,2,,2,2,2,5353,,115.69977,2.045,2.16,2.27,1.997,1.981,1.9575,,,
2015/06/12,2,,2,2,2,4864,,115.70611,2.05,2.16,2.262,1.995,1.979,1.95,,,
2015/06/15,2,,2,2,2,6283,,115.72513,2.04,2.152,2.26,1.994,1.9725,1.94,,,
2015/06/16,2,,2,2,2,6500,,115.731471,2.05,2.15,2.26,1.994,1.9725,1.939,,,
2015/06/17,2,,2,2,2,5175,,115.737812,2.055,2.16,2.26,1.993,1.968,1.935,,,
2015/06/18,2,,2,2,2,5158,,115.744154,2.058,2.15,2.245,1.99,1.9555,1.918,,,
2015/06/19,2,,2,2,2,4900,,115.750496,2.04,2.14,2.25,1.991,1.9505,1.911,,,
2015/06/22,2,,2,2,2,3980,,115.769524,2.04,2.15,2.25,1.994,1.96,1.923,,,
2015/06/23,2,,2,2,2,5725,,115.775867,2.04,2.15,2.26,1.993,1.9625,1.9355,,,
2015/06/24,2,,2,2,2,5640,,115.782211,2.04,2.152,2.265,1.993,1.9685,1.9385,,,
2015/06/25,2,,2,2,2,6580,,115.788555,2.04,2.153,2.265,1.993,1.9625,1.9355,,,
2015/06/26,2,,2,2,2,5149,,115.7949,2.04,2.157,2.27,1.993,1.9625,1.9355,,,
2015/06/29,2,,2,2,2,6447,,115.813935,2.04,2.14,2.25,1.981,1.94,1.903,,,
2015/06/30,2,,2,2,2,3545,,115.820281,2.04,2.14,2.253,1.989,1.95,1.913,,,
2015/07/01,2,,2,2,2,7154,,115.826627,2.06,2.14,2.258,1.988,1.948,1.915,,,
2015/07/02,2,,2,2,2,5838,,115.832974,2.05,2.14,2.262,1.99,1.952,1.923,,,
2015/07/03,2,,2,2,2,5519,,115.839321,2.05,2.15,2.262,1.989,1.943,1.915,,,
2015/07/06,2,,2,2,2,5696,,115.858363,2.04,2.14,2.24,1.975,1.926,1.879,,,
2015/07/07,2,,2,2,2,5713,,115.864711,2.04,2.14,2.25,1.988,1.945,1.895,,,
2015/07/08,2,,2,2,2,4166,,115.87106,2.048,2.148,2.24,1.98,1.918,1.863,,,
2015/07/09,2,,2,2,2,3925,,115.877409,2.04,2.15,2.247,1.986,1.93,1.875,,,
2015/07/10,2,,2,2,2,5181,,115.883758,2.048,2.15,2.25,1.982,1.9385,1.896,,,
2015/07/13,2,,2,2,2,5783,,115.902808,2.04,2.15,2.26,1.981,1.941,1.9005,,,
2015/07/14,2,,2,2,2,5391,,115.909159,2.048,2.15,2.26,1.982,1.95,1.907,,,
2015/07/15,2,,2,2,2,4006,,115.91551,2.05,2.15,2.258,1.988,1.9575,1.9175,,,
2015/07/16,2,,2,2,2,3428,,115.921861,2.05,2.14,2.25,1.98,1.9425,1.904,,,
2015/07/17,2,,2,2,2,4657,,115.928213,2.05,2.14,2.25,1.978,1.951,1.908,,,
2015/07/20,2,,2,2,2,4486,,115.94727,2.045,2.14,2.26,1.9825,1.9525,1.9175,,,
2015/07/21,2,,2,2,2,4136,,115.953623,2.045,2.148,2.26,1.978,1.952,1.911,,,
2015/07/22,2,,2,2,2,4605,,115.959977,2.045,2.14,2.25,1.9865,1.96,1.918,,,
2015/07/23,2,,2,2,2,4882,,115.966331,2.047,2.14,2.25,1.98,1.9575,1.91,,,
2015/07/24,2,,2,2,2,4756,,115.972685,2.045,2.138,2.247,1.975,1.9425,1.89,,,
2015/07/27,2,,2,2,2,4136,,115.991749,2.04,2.13,2.24,1.975,1.935,1.879,,,
2015/07/28,2,,2,2,2,4413,,115.998105,2.04,2.13,2.23,1.975,1.935,1.879,,,
2015/07/29,2,,2,2,2,5862,,116.004461,2.05,2.13,2.24,1.975,1.935,1.879,,,
2015/07/30,2,,2,2,2,5005,,116.010817,2.04,2.14,2.25,1.985,1.9575,1.915,,,
2015/07/31,2,,2,2,2,4635,,116.017174,2.048,2.15,2.25,1.979,1.954,1.904,,,
2015/08/03,2,,2,2,2,5461,,116.036245,,,,1.968,1.953,1.903,,,
2015/08/04,2,,2,2,2,5423,,116.042604,2.05,2.138,2.243,1.995,1.9675,1.9255,,,
2015/08/05,2,,2,2,2,4395,,116.048962,2.05,2.15,2.26,1.998,1.975,1.943,,,
2015/08/06,2,,2,2,2,4373,,116.055321,2.045,2.15,2.26,1.998,1.9765,1.9405,,,
2015/08/07,2,,2,2,2,5108,,116.06168,2.047,2.15,2.26,1.995,1.977,1.945,,,
2015/08/10,2,,2,2,2,5924,,116.080759,2.047,2.15,2.252,1.994,1.975,1.94,,,
2015/08/11,2,,2,2,2,4814,,116.087119,2.047,2.15,2.26,1.995,1.9755,1.9425,,,
2015/08/12,2,,2,2,2,4126,,116.09348,2.045,2.148,2.26,1.993,1.965,1.92,,,
2015/08/13,2,,2,2,2,4345,,116.099842,2.05,2.15,2.26,1.995,1.97,1.927,,,
2015/08/14,2,,2,2,2,4261,,116.106203,2.05,2.14,2.26,1.9925,1.9715,1.93,,,
2015/08/17,2,,2,2,2,4982,,116.125289,2.05,2.14,2.25,1.995,1.973,1.935,,,
2015/08/18,2,,2,2,2,3973,,116.131652,2.04,2.14,2.247,1.995,1.973,1.9315,,,
2015/08/19,2,,2,2,2,3907,,116.138016,2.045,2.14,2.248,1.994,1.97,1.931,,,
2015/08/20,2,,2,2,2,3632,,116.144379,2.05,2.14,2.248,1.993,1.9625,1.9175,,,
2015/08/21,2,,2,2,2,5436,,116.150743,2.04,2.13,2.228,1.986,1.945,1.89,,,
2015/08/24,2,,2,2,2,4719,,116.169837,2.04,2.11,2.182,1.978,1.92,1.831,,,
2015/08/25,2,,2,2,2,4081,,116.176202,2.03,2.12,2.187,1.973,1.921,1.842,,,
2015/08/26,2,,2,2,2,5083,,116.182568,2.03,2.12,2.172,1.97,1.91,1.823,,,
2015/08/27,2,,2,2,2,3724,,116.188934,2.04,2.12,2.182,1.9775,1.9225,1.845,,,
2015/08/28,2,,2,2,2,3498,,116.195301,2.03,2.13,2.19,1.977,1.926,1.853,,,
2015/08/31,2,,2,2,2,4604,,116.214401,2.04,2.143,2.2,1.989,1.927,1.852,,,
2015/09/01,2,,2,2,2,5043,,116.220769,2.05,2.13,2.19,2,1.9325,1.85,,,
2015/09/02,2,,2,2,2,5275,,116.227137,2.05,2.13,2.182,1.999,1.937,1.858,,,
2015/09/03,2,,2,2,2,3611,,116.233506,2.055,2.14,2.2,1.999,1.937,1.867,,,
2015/09/04,2,,2,2,2,5255,,116.239875,2.052,2.15,2.202,1.999,1.93,1.859,,,
2015/09/07,2,,2,2,2,4063,,116.258983,2.05,2.15,2.213,1.997,1.939,1.873,,,
2015/09/08,2,,2,2,2,4884,,116.265353,2.06,2.16,2.24,1.996,1.945,1.889,,,
2015/09/09,2,,2,2,2,6049,,116.271724,2.06,2.17,2.25,1.994,1.951,1.903,,,
2015/09/10,2,,2,2,2,4054,,116.278095,2.06,2.18,2.26,1.994,1.951,1.899,,,
2015/09/11,2,,2,2,2,3960,,116.284466,2.06,2.18,2.26,1.994,1.951,1.9,,,
2015/09/14,2,,2,2,2,3570,,116.303582,2.06,2.17,2.25,1.993,1.95,1.896,,,
2015/09/15,2,,2,2,2,3102,,116.309954,2.067,2.17,2.253,1.992,1.952,1.901,,,
2015/09/16,2,,2,2,2,3552,,116.316328,2.06,2.17,2.26,1.991,1.958,1.915,,,
2015/09/17,2,,2,2,2,3372,,116.322701,2.06,2.17,2.26,1.993,1.957,1.918,,,
2015/09/18,2,,2,2,2,3740,,116.329075,2.06,2.18,2.257,1.991,1.959,1.923,,,
2015/09/21,2,,2,2,2,5833,,116.348198,2.057,2.18,2.26,1.991,1.956,1.916,,,
2015/09/22,2,,2,2,2,5319,,116.354573,2.05,2.18,2.26,1.99,1.959,1.92,,,
2015/09/23,2,,2,2,2,4679,,116.360948,2.05,2.18,2.257,1.99,1.955,1.913,,,
2015/09/24,2,,2,2,2,3824,,116.367324,2.05,2.188,2.26,1.989,1.9495,1.902,,,
2015/09/25,2,,2,2,2,3524,,116.373701,2.05,2.188,2.268,1.988,1.95,1.905,,,
2015/09/28,2,,2,2,2,4712,,116.392831,2.05,2.19,2.26,1.99,1.95,1.91,,,
2015/09/29,2,,2,2,2,4081,,116.399208,2.05,2.18,2.25,1.9875,1.9325,1.88,,,
2015/09/30,2,,2,2,2,3922,,116.405586,2.06,2.19,2.25,1.985,1.928,1.868,,,
2015/10/01,2,,2,2,2,4783,,116.411965,2.06,2.16,2.24,1.9855,1.9275,1.868,,,
2015/10/02,2,,2,2,2,3860,,116.418343,2.05,2.168,2.24,1.98,1.9285,1.865,,,
2015/10/05,2,,2,2,2,3964,,116.437481,,,,1.98,1.925,1.865,,,
2015/10/06,2,,2,2,2,6261,,116.443861,2.05,2.17,2.24,1.99,1.944,1.881,,,
2015/10/07,2,,2,2,2,3834,,116.450241,2.04,2.17,2.248,1.991,1.95,1.894,,,
2015/10/08,2,,2,2,2,5238,,116.456622,2.047,2.17,2.258,1.989,1.944,1.88,,,
2015/10/09,2,,2,2,2,5642,,116.463003,2.04,2.18,2.26,1.985,1.948,1.89,,,
2015/10/12,2,,2,2,2,4318,,116.482148,2.04,2.18,2.26,1.988,1.9515,1.898,,,
2015/10/13,2,,2,2,2,5281,,116.48853,2.04,2.18,2.26,1.983,1.9475,1.885,,,
2015/10/14,2,,2,2,2,5167,,116.494913,2.04,2.15,2.22,1.9755,1.918,1.8375,,,
2015/10/15,2,,2,2,2,3223,,116.501297,2.04,2.15,2.217,1.9675,1.905,1.83,,,
2015/10/16,2,,2,2,2,3876,,116.50768,2.05,2.13,2.188,1.947,1.881,1.7825,,,
2015/10/19,2,,2,2,2,3909,,116.526832,2.038,2.138,2.198,1.9575,1.886,1.8005,,,
2015/10/20,2,,2,2,2,5798,,116.533217,2.047,2.15,2.213,1.9625,1.9025,1.8235,,,
2015/10/21,2,,2,2,2,5933,,116.539603,2.047,2.16,2.223,1.968,1.922,1.8405,,,
2015/10/22,2,,2,2,2,6484,,116.545988,2.038,2.158,2.22,1.963,1.904,1.826,,,
2015/10/23,2,,2,2,2,5062,,116.552374,2.037,2.157,2.217,1.955,1.892,1.811,,,
2015/10/26,2,,2,2,2,4281,,116.571534,2.04,2.15,2.22,1.948,1.8905,1.816,,,
2015/10/27,2,,2,2,2,5772,,116.577921,2.04,2.14,2.22,1.945,1.889,1.8025,,,
2015/10/28,2,,2,2,2,4489,,116.584309,2.022,2.097,2.16,1.866,1.81,1.725,,,
2015/10/29,2,,2,2,2,4540,,116.590697,2.02,2.093,2.163,1.899,1.834,1.754,,,
2015/10/30,2,,2,2,2,3550,,116.597086,2.022,2.102,2.158,1.89,1.838,1.757,,,
2015/11/02,2,,2,2,2,5566,,116.616252,2.02,2.1,2.16,1.882,1.84,1.761,,,
2015/11/03,2,,2,2,2,4606,,116.622642,2.048,2.16,2.232,1.994,1.949,1.866,,,
2015/11/04,2,,2,2,2,4274,,116.629033,2.05,2.172,2.243,1.989,1.953,1.8675,,,
2015/11/05,2,,2,2,2,3805,,116.635423,2.05,2.19,2.26,1.992,1.955,1.881,,,
2015/11/06,2,,2,2,2,5752,,116.641814,2.05,2.19,2.26,1.99,1.955,1.883,,,
2015/11/09,2,,2,2,2,5181,,116.660988,2.06,2.2,2.29,1.9925,1.963,1.906,,,
2015/11/10,2,,2,2,2,4466,,116.667381,2.06,2.198,2.29,1.99,1.96,1.905,,,
2015/11/11,2,,2,2,2,6220,,116.673773,2.06,2.2,2.3,1.983,1.959,1.904,,,
2015/11/12,2,,2,2,2,3821,,116.680166,2.06,2.223,2.342,1.998,1.9855,1.9525,,,
2015/11/13,2,,2,2,2,5711,,116.68656,2.06,2.233,2.342,1.991,1.982,1.953,,,
2015/11/16,2,,2,2,2,5587,,116.705741,2.052,2.22,2.322,1.989,1.976,1.939,,,
2015/11/17,2,,2,2,2,5274,,116.712136,2.053,2.23,2.347,1.995,1.98,1.945,,,
2015/11/18,2,,2,2,2,4941,,116.718531,2.05,2.232,2.35,1.9925,1.979,1.9475,,,
2015/11/19,2,,2,2,2,6621,,116.724927,2.06,2.24,2.353,1.988,1.978,1.943,,,
2015/11/20,2,,2,2,2,5273,,116.731323,2.057,2.247,2.352,1.987,1.975,1.938,,,
2015/11/23,2,,2,2,2,6340,,116.750511,2.05,2.25,2.362,1.989,1.975,1.9425,,,
2015/11/24,2,,2,2,2,6241,,116.756909,2.05,2.26,2.363,1.989,1.9775,1.945,,,
2015/11/25,2,,2,2,2,3696,,116.763306,2.05,2.26,2.37,1.989,1.976,1.94,,,
2015/11/26,2,,2,2,2,3931,,116.769704,2.05,2.267,2.367,1.989,1.974,1.931,,,
2015/11/27,2,,2,2,2,4246,,116.776103,2.05,2.27,2.37,1.987,1.973,1.932,,,
2015/11/30,2,,2,2,2,3840,,116.795299,2.05,2.257,2.362,1.9955,1.9755,1.9405,,,
2015/12/01,2,,2,2,2,4633,,116.801698,2.068,2.27,2.372,2,1.9875,1.9505,,,
2015/12/02,2,,2,2,2,6309,,116.808099,2.067,2.28,2.38,1.999,1.987,1.95,,,
2015/12/03,2,,2,2,2,4454,,116.814499,2.068,2.298,2.387,2,1.986,1.949,,,
2015/12/04,2,,2,2,2,3799,,116.8209,2.067,2.3,2.392,1.999,1.986,1.953,,,
2015/12/07,2,,2,2,2,5139,,116.840103,2.07,2.31,2.417,1.999,1.985,1.952,,,
2015/12/08,2,,2,2,2,4723,,116.846505,2.07,2.3,2.403,1.999,1.982,1.9425,,,
2015/12/09,2,,2,2,2,3788,,116.852908,2.07,2.35,2.448,1.999,1.977,1.932,,,
2015/12/10,2,,2,2,2,3322,,116.859311,2.068,2.347,2.45,1.999,1.991,1.966,,,
2015/12/11,2,,2,2,2,6122,,116.865714,2.068,2.34,2.443,1.998,1.988,1.958,,,
2015/12/14,2,,2,2,2,4247,,116.884925,2.06,2.35,2.452,1.998,1.985,1.95,,,
2015/12/15,2,,2,2,2,3886,,116.89133,2.06,2.358,2.448,1.998,1.982,1.944,,,
2015/12/16,2,,2,2,2,4750,,116.897735,2.07,2.348,2.46,1.998,1.98,1.944,,,
2015/12/17,2,,2,2,2,5579,,116.90414,2.07,2.35,2.462,1.998,1.984,1.949,,,
2015/12/18,2,,2,2,2,4798,,116.910546,2.07,2.35,2.463,1.998,1.981,1.939,,,
2015/12/21,2,,2,2,2,5542,,116.929764,2.07,2.35,2.46,1.998,1.981,1.944,,,
2015/12/22,2,,2,2,2,4402,,116.936171,2.06,2.352,2.462,1.998,1.98,1.943,,,
2015/12/23,2,,2,2,2,3173,,116.942578,2.06,2.373,2.47,1.998,1.978,1.942,,,
2015/12/24,2,,2,2,2,4289,,116.948986,2.06,2.37,2.48,1.998,1.975,1.943,,,
2015/12/29,2,,2,2,2,3449,,116.981027,2.07,2.365,2.483,1.997,1.974,1.938,,,
2015/12/30,2,,2,2,2,3343,,116.987437,2.07,2.36,2.48,1.998,1.976,1.94,,,
2015/12/31,2,,2,2,2,4515,,116.993847,2.06,2.38,2.48,1.998,1.973,1.938,,,
2016/01/04,2,,2,2,2,5908,,117.01949,2.06,2.33,2.453,1.999,1.968,1.927,,,
2016/01/05,2,,2,2,2,3331,,117.025902,2.065,2.335,2.445,1.999,1.969,1.928,,,
2016/01/06,2,,2,2,2,4074,,117.032314,2.06,2.33,2.44,1.999,1.967,1.924,,,
2016/01/07,2,,2,2,2,4891,,117.038727,2.06,2.32,2.44,1.999,1.963,1.919,,,
2016/01/08,2,,2,2,2,5646,,117.04514,2.06,2.32,2.44,1.998,1.96,1.922,,,
2016/01/11,2,,2,2,2,3514,,117.06438,2.06,2.32,2.44,1.998,1.957,1.916,,,
2016/01/12,2,,2,2,2,4819,,117.070795,2.06,2.328,2.435,1.998,1.953,1.913,,,
2016/01/13,2,,2,2,2,3478,,117.07721,2.06,2.31,2.433,1.998,1.952,1.908,,,
2016/01/14,2,,2,2,2,4098,,117.083625,2.05,2.3,2.43,1.998,1.944,1.887,,,
2016/01/15,2,,2,2,2,3637,,117.09004,2.05,2.3,2.43,1.991,1.942,1.881,,,
2016/01/18,2,,2,2,2,4822,,117.109288,2.05,2.29,2.4,1.99,1.938,1.874,,,
2016/01/19,2,,2,2,2,5507,,117.115705,2.04,2.288,2.398,1.983,1.937,1.873,,,
2016/01/20,2,,2,2,2,4524,,117.122122,2.05,2.275,2.385,1.983,1.938,1.87,,,
2016/01/21,2,,2,2,2,5505,,117.12854,2.04,2.27,2.39,1.979,1.92,1.867,,,
2016/01/22,2,,2,2,2,4516,,117.134958,2.04,2.27,2.39,1.971,1.923,1.8655,,,
2016/01/25,2,,2,2,2,3913,,117.154213,2.04,2.27,2.395,1.964,1.918,1.857,,,
2016/01/27,2,,2,2,2,4438,,117.167052,2.048,2.298,2.42,1.988,1.95,1.892,,,
2016/01/28,2,,2,2,2,4626,,117.173472,2.05,2.28,2.41,1.992,1.957,1.908,,,
2016/01/29,2,,2,2,2,2481,,117.179892,2.05,2.28,2.4,1.989,1.951,1.891,,,
2016/02/01,2,,2,2,2,3500,,117.199155,2.05,2.27,2.39,1.988,1.953,1.9,,,
2016/02/02,2,,2,2,2,3133,,117.205577,2.06,2.275,2.395,1.997,1.96,1.907,,,
2016/02/03,2,,2,2,2,3921,,117.211999,2.06,2.278,2.395,1.995,1.952,1.889,,,
2016/02/04,2,,2,2,2,2559,,117.218421,2.06,2.29,2.4,1.992,1.953,1.899,,,
2016/02/05,2,,2,2,2,4850,,117.224844,2.06,2.29,2.41,1.989,1.948,1.897,,,
2016/02/08,2,,2,2,2,4896,,117.244114,2.06,2.28,2.418,1.99,1.956,1.903,,,
2016/02/09,2,,2,2,2,3726,,117.250539,2.06,2.275,2.395,1.979,1.92,1.85,,,
2016/02/10,2,,2,2,2,4290,,117.256963,2.07,2.28,2.4,1.979,1.93,1.86,,,
2016/02/11,2,,2,2,2,3978,,117.263388,2.07,2.28,2.4,1.977,1.929,1.858,,,
2016/02/12,2,,2,2,2,3182,,117.269814,2.08,2.28,2.4,1.979,1.932,1.872,,,
2016/02/15,2,,2,2,2,4412,,117.289091,2.08,2.28,2.41,1.983,1.943,1.885,,,
2016/02/16,2,,2,2,2,3292,,117.295518,2.08,2.28,2.4,1.982,1.945,1.8885,,,
2016/02/17,2,,2,2,2,4465,,117.301945,2.08,2.28,2.4,1.9865,1.942,1.885,,,
2016/02/18,2,,2,2,2,3959,,117.308372,2.08,2.273,2.4,1.985,1.945,1.883,,,
2016/02/19,2,,2,2,2,3253,,117.3148,2.08,2.28,2.385,1.987,1.94,1.871,,,
2016/02/22,2,,2,2,2,4877,,117.334085,2.08,2.28,2.39,1.986,1.944,1.88,,,
2016/02/23,2,,2,2,2,5081,,117.340514,2.09,2.28,2.39,1.985,1.941,1.876,,,
2016/02/24,2,,2,2,2,4284,,117.346944,2.09,2.28,2.39,1.989,1.94,1.871,,,
2016/02/25,2,,2,2,2,4193,,117.353374,2.1,2.29,2.39,1.989,1.938,1.866,,,
2016/02/26,2,,2,2,2,4753,,117.359804,2.1,2.29,2.39,1.983,1.927,1.848,,,
2016/02/29,2,,2,2,2,3464,,117.379096,2.1,2.283,2.385,1.989,1.932,1.859,,,
2016/03/01,2,,2,2,2,4284,,117.385528,2.09,2.285,2.39,1.999,1.937,1.859,,,
2016/03/02,2,,2,2,2,3396,,117.39196,2.09,2.3,2.418,2,1.955,1.8905,,,
2016/03/03,2,,2,2,2,3772,,117.398392,2.09,2.31,2.425,1.999,1.963,1.905,,,
2016/03/04,2,,2,2,2,4706,,117.404825,2.09,2.318,2.437,1.998,1.963,1.909,,,
2016/03/07,2,,2,2,2,4870,,117.424124,2.09,2.313,2.44,1.997,1.963,1.919,,,
2016/03/08,2,,2,2,2,4491,,117.430559,2.09,2.32,2.45,1.996,1.97,1.915,,,
2016/03/09,2,,2,2,2,4203,,117.436993,2.09,2.32,2.45,1.996,1.966,1.918,,,
2016/03/10,2,,2,2,2,3894,,117.443428,2.09,2.32,2.45,1.995,1.96,1.915,,,
2016/03/11,2,,2,2,2,4525,,117.449863,2.09,2.33,2.468,1.995,1.968,1.926,,,
2016/03/14,2,,2,2,2,4165,,117.46917,2.093,2.33,2.47,1.993,1.967,1.931,,,
2016/03/15,2,,2,2,2,5615,,117.475607,2.095,2.32,2.453,1.989,1.96,1.919,,,
2016/03/16,2,,2,2,2,5039,,117.482044,2.09,2.33,2.45,1.989,1.959,1.92,,,
2016/03/17,2,,2,2,2,3364,,117.488481,2.1,2.32,2.44,1.988,1.946,1.896,,,
2016/03/18,2,,2,2,2,4790,,117.494919,2.1,2.33,2.448,1.983,1.942,1.894,,,
2016/03/21,2,,2,2,2,5097,,117.514233,2.09,2.32,2.45,1.988,1.9555,1.909,,,
2016/03/22,2,,2,2,2,3014,,117.520672,2.1,2.32,2.46,1.987,1.96,1.919,,,
2016/03/23,2,,2,2,2,4037,,117.527112,2.09,2.32,2.47,1.99,1.968,1.932,,,
2016/03/24,2,,2,2,2,4748,,117.533552,2.09,2.3,2.46,1.988,1.962,1.926,,,
2016/03/29,2,,2,2,2,5594,,117.565753,2.09,2.3,2.46,1.995,1.964,1.927,,,
2016/03/30,2,,2,2,2,3922,,117.572195,2.09,2.28,2.443,1.99,1.951,1.908,,,
2016/03/31,2,,2,2,2,3920,,117.578637,2.09,2.285,2.45,1.992,1.953,1.904,,,
2016/04/01,2,,2,2,2,4233,,117.58508,2.09,2.28,2.44,1.986,1.951,1.913,,,
2016/04/04,2,,2,2,2,4097,,117.604409,2.09,2.28,2.44,1.983,1.9395,1.895,,,
2016/04/05,2,,2,2,2,3719,,117.610853,2.08,2.27,2.43,1.9935,1.937,1.887,,,
2016/04/06,2,,2,2,2,2894,,117.617297,2.08,2.27,2.42,1.986,1.932,1.886,,,
2016/04/07,2,,2,2,2,3390,,117.623742,2.07,2.268,2.428,1.984,1.926,1.873,,,
2016/04/08,2,,2,2,2,3906,,117.630187,2.078,2.25,2.42,1.975,1.913,1.852,,,
2016/04/11,2,,2,2,2,4501,,117.649524,2.08,2.26,2.41,1.973,1.914,1.85,,,
2016/04/12,2,,2,2,2,3003,,117.65597,2.08,2.265,2.425,1.978,1.932,1.877,,,
2016/04/13,2,,2,2,2,2418,,117.662417,2.085,2.27,2.43,1.975,1.935,1.884,,,
2016/04/14,2,,2,2,2,3602,,117.668864,2.085,2.29,2.453,1.985,1.959,1.921,,,
2016/04/15,2,,2,2,2,2836,,117.675312,2.088,2.29,2.46,1.985,1.956,1.918,,,
2016/04/18,2,,2,2,2,3139,,117.694656,2.09,2.28,2.45,1.978,1.954,1.913,,,
2016/04/19,2,,2,2,2,2865,,117.701105,2.09,2.288,2.46,1.98,1.957,1.924,,,
2016/04/20,2,,2,2,2,3741,,117.707554,2.09,2.278,2.46,1.978,1.953,1.915,,,
2016/04/21,2,,2,2,2,5514,,117.714004,2.08,2.273,2.46,1.981,1.957,1.921,,,
2016/04/22,2,,2,2,2,3999,,117.720454,2.08,2.27,2.45,1.973,1.951,1.917,,,
2016/04/26,2,,2,2,2,4510,,117.746256,2.07,2.27,2.455,1.971,1.95,1.916,,,
2016/04/27,2,,2,2,2,3826,,117.752708,2.06,2.18,2.333,1.894,1.798,1.789,,,
2016/04/28,2,,2,2,2,3417,,117.75916,2.03,2.16,2.3,1.881,1.835,1.7815,,,
2016/04/29,2,,2,2,2,4859,,117.765612,2.02,2.145,2.28,1.865,1.821,1.761,,,
2016/05/02,2,,2,2,2,4400,,117.784971,2.025,2.14,2.28,1.867,1.828,1.768,,,
2016/05/03,2,,2,2,2,5962,,117.791425,1.83,2.028,2.165,1.75,1.726,1.6675,,,
2016/05/04,1.75,-0.25,1.75,1.75,1.75,4053,,117.797879,1.84,2.04,2.16,1.74,1.723,1.672,,,
2016/05/05,1.75,,1.75,1.75,1.75,3421,,117.803527,1.84,2.04,2.16,1.73,1.725,1.662,,,
2016/05/06,1.75,,1.75,1.75,1.75,2937,,117.809175,1.838,2,2.105,1.731,1.676,1.605,,,
2016/05/09,1.75,,1.75,1.75,1.75,2722,21,117.82612,1.85,1.99,2.1,1.729,1.67,1.592,,,
2016/05/10,1.75,,1.75,1.75,1.75,4117,24,117.83177,1.85,1.995,2.11,1.741,1.686,1.609,,,
2016/05/11,1.75,,1.75,1.75,1.75,4459,20,117.837419,1.86,2.01,2.13,1.749,1.69,1.609,,,
2016/05/12,1.75,,1.75,1.75,1.75,2893,24,117.843069,1.855,1.998,2.125,1.749,1.684,1.603,,,
2016/05/13,1.75,,1.75,1.75,1.75,1847,25,117.848719,1.85,1.99,2.12,1.745,1.68,1.599,,,
2016/05/16,1.75,,1.75,1.75,1.75,3207,24,117.86567,1.848,1.98,2.105,1.742,1.676,1.598,,,
2016/05/17,1.75,,1.75,1.75,1.75,4110,24,117.871321,1.85,2.005,2.13,1.746,1.696,1.627,,,
2016/05/18,1.75,,1.75,1.75,1.75,4210,31,117.876972,1.85,1.998,2.13,1.746,1.692,1.621,,,
2016/05/19,1.75,,1.75,1.75,1.75,4173,36,117.882624,1.85,1.998,2.13,1.748,1.692,1.625,,,
2016/05/20,1.75,,1.75,1.75,1.75,5532,38,117.888276,1.85,1.99,2.125,1.745,1.689,1.622,,,
2016/05/23,1.75,,1.75,1.75,1.75,4514,33,117.905232,1.85,2,2.12,1.744,1.688,1.621,,,
2016/05/24,1.75,,1.75,1.75,1.75,3665,27,117.910885,1.85,1.998,2.12,1.736,1.683,1.617,,,
2016/05/25,1.75,,1.75,1.75,1.75,2595,20,117.916539,1.85,1.99,2.13,1.736,1.685,1.618,,,
2016/05/26,1.75,,1.75,1.75,1.75,3613,26,117.922192,1.84,1.978,2.12,1.739,1.685,1.619,,,
2016/05/27,1.75,,1.75,1.75,1.75,2944,32,117.927846,1.84,1.97,2.12,1.732,1.674,1.611,,,
2016/05/30,1.75,,1.75,1.75,1.75,4002,32,117.944808,1.84,1.98,2.115,1.73,1.674,1.616,,,
2016/05/31,1.75,,1.75,1.75,1.75,4392,29,117.950463,1.833,1.98,2.11,1.728,1.68,1.631,,,
2016/06/01,1.75,,1.75,1.75,1.75,3546,25,117.956118,1.853,2,2.143,1.734,1.691,1.642,,,
2016/06/02,1.75,,1.75,1.75,1.75,3470,32,117.961774,1.85,2,2.145,1.738,1.685,1.632,,,
2016/06/03,1.75,,1.75,1.75,1.75,2650,23,117.967429,1.848,1.995,2.14,1.735,1.675,1.623,,,
2016/06/06,1.75,,1.75,1.75,1.75,3837,33,117.984397,1.848,1.988,2.13,1.732,1.663,1.6095,,,
2016/06/07,1.75,,1.75,1.75,1.75,4791,32,117.990054,1.85,2,2.15,1.738,1.691,1.6475,,,
2016/06/08,1.75,,1.75,1.75,1.75,4209,32,117.995711,1.85,2.023,2.16,1.735,1.689,1.637,,,
2016/06/09,1.75,,1.75,1.75,1.75,4225,32,118.001368,1.855,2.02,2.16,1.734,1.683,1.631,,,
2016/06/10,1.75,,1.75,1.75,1.75,6169,32,118.007026,1.85,2.01,2.16,1.741,1.682,1.628,,,
2016/06/14,1.75,,1.75,1.75,1.75,4921,33,118.029657,1.855,2.02,2.15,1.735,1.67,1.615,,,
2016/06/15,1.75,,1.75,1.75,1.75,5014,40,118.035316,1.85,2.015,2.15,1.731,1.667,1.611,,,
2016/06/16,1.75,,1.75,1.75,1.75,3700,30,118.040976,1.843,2,2.133,1.731,1.658,1.594,,,
2016/06/17,1.75,,1.75,1.75,1.75,4477,30,118.046635,1.855,1.995,2.135,1.73,1.661,1.6055,,,
2016/06/20,1.75,,1.75,1.75,1.75,4370,38,118.063614,1.853,1.998,2.14,1.733,1.666,1.6175,,,
2016/06/21,1.75,,1.75,1.75,1.75,3674,24,118.069275,1.85,2,2.15,1.731,1.674,1.626,,,
2016/06/22,1.75,,1.75,1.75,1.75,3881,32,118.074936,1.85,2,2.158,1.729,1.671,1.625,,,
2016/06/23,1.75,,1.75,1.75,1.75,4442,38,118.080597,1.85,2,2.16,1.733,1.673,1.627,,,
2016/06/24,1.75,,1.75,1.75,1.75,4664,39,118.086258,1.84,1.94,2.08,1.685,1.594,1.527,,,
2016/06/27,1.75,,1.75,1.75,1.75,3682,31,118.103243,1.84,1.945,2.095,1.706,1.614,1.553,,,
2016/06/28,1.75,,1.75,1.75,1.75,2644,22,118.108906,1.84,1.95,2.1,1.718,1.622,1.551,,,
2016/06/29,1.75,,1.75,1.75,1.75,3728,24,118.114569,1.843,1.953,2.11,1.725,1.63,1.564,,,
2016/06/30,1.75,,1.75,1.75,1.75,5120,31,118.120232,1.83,1.96,2.11,1.729,1.636,1.571,,,
2016/07/01,1.75,,1.75,1.75,1.75,4428,27,118.125895,1.85,1.955,2.11,1.725,1.63,1.564,,,
2016/07/04,1.75,,1.75,1.75,1.75,5564,34,118.142886,1.86,1.96,2.12,1.72,1.638,1.579,,,
2016/07/05,1.75,,1.75,1.75,1.75,4276,29,118.14855,1.87,1.97,2.12,1.732,1.651,1.583,,,
2016/07/06,1.75,,1.75,1.75,1.75,4800,28,118.154215,1.87,1.96,2.11,1.729,1.639,1.562,,,
2016/07/07,1.75,,1.75,1.75,1.75,3266,34,118.15988,1.87,1.97,2.11,1.728,1.629,1.553,,,
2016/07/08,1.75,,1.75,1.75,1.75,4519,32,118.165545,1.87,1.97,2.11,1.714,1.629,1.5555,,,
2016/07/11,1.75,,1.75,1.75,1.75,4109,36,118.182541,1.87,1.96,2.11,1.708,1.63,1.558,,,
2016/07/12,1.75,,1.75,1.75,1.75,3374,32,118.188208,1.863,1.97,2.11,1.702,1.638,1.57,,,
2016/07/13,1.75,,1.75,1.75,1.75,3010,32,118.193874,1.87,1.97,2.12,1.699,1.6325,1.566,,,
2016/07/14,1.75,,1.75,1.75,1.75,4680,46,118.199541,1.87,1.96,2.1,1.695,1.626,1.5595,,,
2016/07/15,1.75,,1.75,1.75,1.75,4315,34,118.205208,1.865,1.953,2.11,1.681,1.62,1.551,,,
2016/07/18,1.75,,1.75,1.75,1.75,6933,38,118.22221,1.86,1.95,2.1,1.673,1.614,1.546,,,
2016/07/19,1.75,,1.75,1.75,1.75,5873,44,118.227878,1.86,1.93,2.083,1.658,1.601,1.524,,,
2016/07/20,1.75,,1.75,1.75,1.75,5682,35,118.233547,1.86,1.93,2.08,1.652,1.594,1.519,,,
2016/07/21,1.75,,1.75,1.75,1.75,4497,34,118.239216,1.86,1.91,2.07,1.645,1.587,1.512,,,
2016/07/22,1.75,,1.75,1.75,1.75,4353,30,118.244885,1.85,1.895,2.06,1.629,1.576,1.499,,,
2016/07/25,1.75,,1.75,1.75,1.75,4059,31,118.261892,1.82,1.885,2.06,1.623,1.576,1.501,,,
2016/07/26,1.75,,1.75,1.75,1.75,2853,26,118.267562,1.81,1.87,2.06,1.623,1.585,1.509,,,
2016/07/27,1.75,,1.75,1.75,1.75,3343,30,118.273233,1.82,1.89,2.07,1.642,1.603,1.533,,,
2016/07/28,1.75,,1.75,1.75,1.75,3390,38,118.278903,1.8,1.87,2.05,1.625,1.586,1.5135,,,
2016/07/29,1.75,,1.75,1.75,1.75,6173,33,118.284574,1.785,1.86,2.02,1.593,1.571,1.503,,,
2016/08/01,1.75,,1.75,1.75,1.75,5451,29,118.301588,,,,1.593,1.568,1.503,,,
2016/08/02,1.75,,1.75,1.75,1.75,5038,33,118.30726,1.65,1.79,1.928,1.503,1.483,1.42,,,
2016/08/03,1.5,-0.25,1.5,1.5,1.5,3584,32,118.312932,1.66,1.8,1.97,1.503,1.484,1.428,,,
2016/08/04,1.5,,1.5,1.5,1.5,4042,29,118.317794,1.66,1.795,1.97,1.503,1.482,1.427,,,
2016/08/05,1.5,,1.5,1.5,1.5,3579,28,118.322657,1.66,1.79,1.97,1.502,1.477,1.4235,,,
2016/08/08,1.5,,1.5,1.5,1.5,4390,33,118.337244,1.66,1.79,1.98,1.501,1.477,1.425,,,
2016/08/09,1.5,,1.5,1.5,1.5,3848,30,118.342108,1.66,1.788,1.97,1.499,1.474,1.417,,,
2016/08/10,1.5,,1.5,1.5,1.5,3956,37,118.346971,1.66,1.77,1.96,1.499,1.471,1.412,,,
2016/08/11,1.5,,1.5,1.5,1.5,4574,43,118.351835,1.65,1.76,1.955,1.499,1.468,1.413,,,
2016/08/12,1.5,,1.5,1.5,1.5,5149,39,118.356698,1.65,1.755,1.96,1.499,1.4685,1.413,,,
2016/08/15,1.5,,1.5,1.5,1.5,4596,32,118.37129,1.65,1.76,1.94,1.498,1.466,1.412,,,
2016/08/16,1.5,,1.5,1.5,1.5,5432,36,118.376155,1.65,1.758,1.95,1.498,1.465,1.41,,,
2016/08/17,1.5,,1.5,1.5,1.5,5035,39,118.38102,1.64,1.758,1.96,1.495,1.467,1.415,,,
2016/08/18,1.5,,1.5,1.5,1.5,4649,23,118.385885,1.64,1.75,1.955,1.495,1.466,1.415,,,
2016/08/19,1.5,,1.5,1.5,1.5,5535,41,118.39075,1.623,1.74,1.94,1.494,1.463,1.41,,,
2016/08/22,1.5,,1.5,1.5,1.5,3822,30,118.405346,1.62,1.73,1.945,1.496,1.466,1.416,,,
2016/08/23,1.5,,1.5,1.5,1.5,4582,33,118.410212,1.62,1.73,1.938,1.5,1.46,1.41,,,
2016/08/24,1.5,,1.5,1.5,1.5,3000,28,118.415078,1.62,1.73,1.93,1.496,1.459,1.403,,,
2016/08/25,1.5,,1.5,1.5,1.5,4039,26,118.419944,1.62,1.72,1.93,1.495,1.458,1.41,,,
2016/08/26,1.5,,1.5,1.5,1.5,4794,26,118.424811,1.62,1.73,1.93,1.495,1.459,1.413,,,
2016/08/29,1.5,,1.5,1.5,1.5,3739,30,118.439411,1.62,1.73,1.93,1.494,1.461,1.418,,,
2016/08/30,1.5,,1.5,1.5,1.5,4063,29,118.444279,1.62,1.73,1.93,1.494,1.459,1.412,,,
2016/08/31,1.5,,1.5,1.5,1.5,5120,36,118.449146,1.62,1.73,1.925,1.494,1.456,1.408,,,
2016/09/01,1.5,,1.5,1.5,1.5,4639,27,118.454014,1.623,1.73,1.93,1.484,1.455,1.411,,,
2016/09/02,1.5,,1.5,1.5,1.5,3015,25,118.458882,1.62,1.73,1.93,1.491,1.456,1.411,,,
2016/09/05,1.5,,1.5,1.5,1.5,3819,38,118.473486,1.62,1.72,1.93,1.49,1.457,1.417,,,
2016/09/06,1.5,,1.5,1.5,1.5,4181,32,118.478355,1.62,1.718,1.93,1.5,1.464,1.428,,,
2016/09/07,1.5,,1.5,1.5,1.5,3882,30,118.483224,1.61,1.728,1.93,1.498,1.461,1.422,,,
2016/09/08,1.5,,1.5,1.5,1.5,3658,28,118.488093,1.61,1.72,1.93,1.498,1.464,1.43,,,
2016/09/09,1.5,,1.5,1.5,1.5,4620,31,118.492963,1.61,1.73,1.94,1.498,1.467,1.435,,,
2016/09/12,1.5,,1.5,1.5,1.5,5799,36,118.507571,1.61,1.73,1.95,1.497,1.466,1.437,,,
2016/09/13,1.5,,1.5,1.5,1.5,3563,30,118.512442,1.62,1.735,1.95,1.497,1.465,1.435,,,
2016/09/14,1.5,,1.5,1.5,1.5,4532,39,118.517312,1.62,1.74,1.95,1.496,1.466,1.434,,,
2016/09/15,1.5,,1.5,1.5,1.5,2950,30,118.522183,1.613,1.733,1.935,1.498,1.468,1.4375,,,
2016/09/16,1.5,,1.5,1.5,1.5,3285,32,118.527053,1.62,1.74,1.95,1.497,1.464,1.433,,,
2016/09/19,1.5,,1.5,1.5,1.5,5215,40,118.541666,1.62,1.73,1.96,1.497,1.464,1.435,,,
2016/09/20,1.5,,1.5,1.5,1.5,3491,22,118.546538,1.62,1.73,1.96,1.497,1.469,1.443,,,
2016/09/21,1.5,,1.5,1.5,1.5,3720,29,118.55141,1.62,1.73,1.96,1.496,1.47,1.443,,,
2016/09/22,1.5,,1.5,1.5,1.5,3407,30,118.556282,1.62,1.73,1.96,1.496,1.47,1.444,,,
2016/09/23,1.5,,1.5,1.5,1.5,4139,29,118.561154,1.62,1.733,1.96,1.495,1.467,1.443,,,
2016/09/26,1.5,,1.5,1.5,1.5,4992,34,118.575771,1.62,1.74,1.96,1.495,1.467,1.441,,,
2016/09/27,1.5,,1.5,1.5,1.5,2907,26,118.580644,1.62,1.738,1.97,1.495,1.466,1.4405,,,
2016/09/28,1.5,,1.5,1.5,1.5,4481,28,118.585517,1.62,1.74,1.97,1.494,1.462,1.436,,,
2016/09/29,1.5,,1.5,1.5,1.5,5533,29,118.59039,1.62,1.74,1.96,1.499,1.467,1.439,,,
2016/09/30,1.5,,1.5,1.5,1.5,6342,32,118.595264,1.61,1.738,1.958,1.491,1.451,1.419,,,
2016/10/03,1.5,,1.5,1.5,1.5,5674,24,118.609885,,,,1.493,1.453,1.418,,,
2016/10/04,1.5,,1.5,1.5,1.5,4940,26,118.61476,1.61,1.73,1.96,1.494,1.465,1.437,,,
2016/10/05,1.5,,1.5,1.5,1.5,3371,31,118.619634,1.61,1.73,1.96,1.494,1.4665,1.4455,,,
2016/10/06,1.5,,1.5,1.5,1.5,4620,38,118.624509,1.613,1.733,1.96,1.495,1.47,1.45,,,
2016/10/07,1.5,,1.5,1.5,1.5,3933,25,118.629384,1.62,1.73,1.96,1.491,1.47,1.448,,,
2016/10/10,1.5,,1.5,1.5,1.5,4347,41,118.64401,1.62,1.73,1.97,1.49,1.469,1.45,,,
2016/10/11,1.5,,1.5,1.5,1.5,3858,37,118.648885,1.62,1.74,1.973,1.489,1.475,1.459,,,
2016/10/12,1.5,,1.5,1.5,1.5,3354,29,118.653761,1.62,1.75,1.99,1.491,1.478,1.47,,,
2016/10/13,1.5,,1.5,1.5,1.5,6527,38,118.658638,1.62,1.75,1.99,1.488,1.473,1.461,,,
2016/10/14,1.5,,1.5,1.5,1.5,3977,33,118.663514,1.625,1.75,1.99,1.485,1.473,1.464,,,
2016/10/17,1.5,,1.5,1.5,1.5,4581,32,118.678144,1.62,1.75,1.99,1.484,1.47,1.458,,,
2016/10/18,1.5,,1.5,1.5,1.5,3472,33,118.683021,1.62,1.75,1.99,1.482,1.472,1.46,,,
2016/10/19,1.5,,1.5,1.5,1.5,4076,35,118.687898,1.635,1.75,1.99,1.481,1.469,1.452,,,
2016/10/20,1.5,,1.5,1.5,1.5,4156,29,118.692776,1.63,1.74,1.973,1.474,1.456,1.435,,,
2016/10/21,1.5,,1.5,1.5,1.5,3925,31,118.697654,1.62,1.745,1.98,1.474,1.461,1.4425,,,
2016/10/24,1.5,,1.5,1.5,1.5,3840,28,118.712288,1.62,1.75,1.98,1.469,1.458,1.437,,,
2016/10/25,1.5,,1.5,1.5,1.5,4124,28,118.717166,1.62,1.75,1.98,1.471,1.461,1.444,,,
2016/10/26,1.5,,1.5,1.5,1.5,4512,31,118.722045,1.625,1.755,2,1.491,1.484,1.467,,,
2016/10/27,1.5,,1.5,1.5,1.5,3338,34,118.726924,1.63,1.76,1.993,1.49,1.485,1.467,,,
2016/10/28,1.5,,1.5,1.5,1.5,5706,36,118.731803,1.63,1.76,1.99,1.489,1.484,1.465,,,
2016/10/31,1.5,,1.5,1.5,1.5,5548,32,118.746441,1.623,1.74,1.973,1.489,1.479,1.46,,,
2016/11/01,1.5,,1.5,1.5,1.5,5337,37,118.751321,1.62,1.76,1.99,1.501,1.494,1.477,,,
2016/11/02,1.5,,1.5,1.5,1.5,4412,35,118.756202,1.623,1.758,1.99,1.501,1.491,1.468,,,
2016/11/03,1.5,,1.5,1.5,1.5,4585,39,118.761082,1.62,1.75,1.99,1.501,1.489,1.47,,,
2016/11/04,1.5,,1.5,1.5,1.5,4841,33,118.765962,1.62,1.75,1.99,1.501,1.492,1.4695,,,
2016/11/07,1.5,,1.5,1.5,1.5,3951,34,118.780605,1.618,1.76,1.99,1.501,1.492,1.473,,,
2016/11/08,1.5,,1.5,1.5,1.5,3352,32,118.785486,1.62,1.76,1.99,1.5,1.491,1.469,,,
2016/11/09,1.5,,1.5,1.5,1.5,3383,28,118.790368,1.61,1.748,1.963,1.497,1.483,1.455,,,
2016/11/10,1.5,,1.5,1.5,1.5,3224,37,118.79525,1.618,1.76,2,1.499,1.491,1.474,,,
2016/11/11,1.5,,1.5,1.5,1.5,6112,38,118.800132,1.618,1.76,2,1.499,1.492,1.474,,,
2016/11/14,1.5,,1.5,1.5,1.5,5422,34,118.814778,1.61,1.758,2,1.499,1.492,1.482,,,
2016/11/15,1.5,,1.5,1.5,1.5,3589,39,118.819661,1.61,1.76,2,1.498,1.495,1.487,,,
2016/11/16,1.5,,1.5,1.5,1.5,3038,26,118.824544,1.618,1.76,2,1.498,1.494,1.482,,,
2016/11/17,1.5,,1.5,1.5,1.5,4177,38,118.829427,1.618,1.76,2,1.498,1.493,1.48,,,
2016/11/18,1.5,,1.5,1.5,1.5,3590,32,118.834311,1.62,1.76,2,1.497,1.494,1.485,,,
2016/11/21,1.5,,1.5,1.5,1.5,4797,33,118.848961,1.625,1.75,2,1.5,1.495,1.487,,,
2016/11/22,1.5,,1.5,1.5,1.5,2738,31,118.853846,1.63,1.75,2,1.496,1.492,1.483,,,
2016/11/23,1.5,,1.5,1.5,1.5,4480,41,118.85873,1.628,1.76,2,1.499,1.494,1.486,,,
2016/11/24,1.5,,1.5,1.5,1.5,4806,34,118.863615,1.625,1.758,2.01,1.499,1.494,1.488,,,
2016/11/25,1.5,,1.5,1.5,1.5,4718,38,118.868499,1.623,1.76,2.01,1.499,1.495,1.489,,,
2016/11/28,1.5,,1.5,1.5,1.5,4664,39,118.883154,1.62,1.76,2.01,1.499,1.493,1.485,,,
2016/11/29,1.5,,1.5,1.5,1.5,5137,34,118.88804,1.62,1.76,2.005,1.499,1.494,1.487,,,
2016/11/30,1.5,,1.5,1.5,1.5,4512,28,118.892926,1.62,1.76,2.01,1.499,1.496,1.487,,,
2016/12/01,1.5,,1.5,1.5,1.5,4175,33,118.897812,1.62,1.76,2.01,1.498,1.494,1.486,,,
2016/12/02,1.5,,1.5,1.5,1.5,4444,32,118.902698,1.62,1.77,2.01,1.498,1.495,1.487,,,
2016/12/05,1.5,,1.5,1.5,1.5,3625,43,118.917357,1.62,1.77,2.01,1.498,1.494,1.487,,,
2016/12/06,1.5,,1.5,1.5,1.5,3013,24,118.922244,1.62,1.77,2.01,1.501,1.495,1.485,,,
2016/12/07,1.5,,1.5,1.5,1.5,3266,30,118.927132,1.62,1.77,2.005,1.497,1.493,1.478,,,
2016/12/08,1.5,,1.5,1.5,1.5,3479,31,118.932019,1.62,1.77,2,1.501,1.49,1.471,,,
2016/12/09,1.5,,1.5,1.5,1.5,3449,27,118.936907,1.62,1.77,2,1.5,1.491,1.477,,,
2016/12/12,1.5,,1.5,1.5,1.5,3825,33,118.95157,1.62,1.77,2,1.5,1.491,1.478,,,
2016/12/13,1.5,,1.5,1.5,1.5,5986,40,118.956459,1.62,1.77,2,1.5,1.491,1.48,,,
2016/12/14,1.5,,1.5,1.5,1.5,4835,38,118.961347,1.62,1.77,2,1.5,1.493,1.481,,,
2016/12/15,1.5,,1.5,1.5,1.5,4514,36,118.966236,1.62,1.773,2,1.5,1.496,1.492,,,
2016/12/16,1.5,,1.5,1.5,1.5,6098,31,118.971125,1.62,1.78,2.01,1.5,1.496,1.492,,,
2016/12/19,1.5,,1.5,1.5,1.5,4157,30,118.985793,1.62,1.78,2.03,1.5,1.495,1.492,,,
2016/12/20,1.5,,1.5,1.5,1.5,4314,32,118.990682,1.62,1.783,2.03,1.5,1.498,1.495,,,
2016/12/21,1.5,,1.5,1.5,1.5,3641,25,118.995573,1.63,1.79,2.035,1.499,1.497,1.498,,,
2016/12/22,1.5,,1.5,1.5,1.5,4061,32,119.000463,1.63,1.79,2.04,1.499,1.495,1.497,,,
2016/12/23,1.5,,1.5,1.5,1.5,4276,26,119.005353,1.63,1.79,2.035,1.5005,1.495,1.5,,,
2016/12/28,1.5,,1.5,1.5,1.5,4453,33,119.029806,1.64,1.81,2.04,1.499,1.497,1.502,,,
2016/12/29,1.5,,1.5,1.5,1.5,3537,27,119.034698,1.64,1.81,2.05,1.499,1.497,1.498,,,
2016/12/30,1.5,,1.5,1.5,1.5,4062,27,119.03959,1.64,1.81,2.05,1.5,1.495,1.495,,,
2017/01/03,1.5,,1.5,1.5,1.5,3322,30,119.059158,1.64,1.8,2.05,1.501,1.496,1.495,,,
2017/01/04,1.5,,1.5,1.5,1.5,2937,30,119.064051,1.638,1.8,2.05,1.501,1.496,1.497,,,
2017/01/05,1.5,,1.5,1.5,1.5,2868,27,119.068944,1.64,1.79,2.04,1.501,1.492,1.491,,,
2017/01/06,1.5,,1.5,1.5,1.5,3320,34,119.073837,1.63,1.78,2.04,1.501,1.489,1.49,,,
2017/01/09,1.5,,1.5,1.5,1.5,5882,44,119.088517,1.62,1.78,2.04,1.501,1.495,1.495,,,
2017/01/10,1.5,,1.5,1.5,1.5,4810,46,119.093411,1.62,1.78,2.04,1.5,1.494,1.493,,,
2017/01/11,1.5,,1.5,1.5,1.5,3985,47,119.098306,1.62,1.78,2.04,1.499,1.491,1.49,,,
2017/01/12,1.5,,1.5,1.5,1.5,5073,45,119.1032,1.62,1.78,2.035,1.498,1.491,1.491,,,
2017/01/13,1.5,,1.5,1.5,1.5,4625,40,119.108095,1.62,1.78,2.03,1.499,1.493,1.494,,,
2017/01/16,1.5,,1.5,1.5,1.5,4450,33,119.122779,1.62,1.78,2.03,1.496,1.49,1.49,,,
2017/01/17,1.5,,1.5,1.5,1.5,4084,37,119.127675,1.62,1.78,2.023,1.495,1.491,1.49,,,
2017/01/18,1.5,,1.5,1.5,1.5,4149,35,119.13257,1.62,1.78,2.023,1.495,1.491,1.49,,,
2017/01/19,1.5,,1.5,1.5,1.5,2642,31,119.137466,1.62,1.78,2.03,1.497,1.492,1.495,,,
2017/01/20,1.5,,1.5,1.5,1.5,4494,41,119.142362,1.62,1.78,2.027,1.496,1.493,1.492,,,
2017/01/23,1.5,,1.5,1.5,1.5,6970,49,119.157051,1.62,1.78,2.03,1.493,1.49,1.488,,,
2017/01/24,1.5,,1.5,1.5,1.5,3681,33,119.161948,1.62,1.78,2.02,1.492,1.488,1.49,,,
2017/01/25,1.5,,1.5,1.5,1.5,3764,33,119.166845,1.62,1.77,2.01,1.495,1.485,1.4775,,,
2017/01/27,1.5,,1.5,1.5,1.5,4053,38,119.17664,1.62,1.77,2.01,1.494,1.491,1.482,,,
2017/01/30,1.5,,1.5,1.5,1.5,2511,29,119.191333,1.62,1.77,2.01,1.494,1.4865,1.481,,,
2017/01/31,1.5,,1.5,1.5,1.5,3749,33,119.196231,1.62,1.77,2.01,1.494,1.49,1.482,,,
2017/02/01,1.5,,1.5,1.5,1.5,4299,34,119.201129,1.62,1.77,2.01,1.493,1.49,1.4775,,,
2017/02/02,1.5,,1.5,1.5,1.5,4021,32,119.206028,1.62,1.77,2.01,1.492,1.49,1.482,,,
2017/02/03,1.5,,1.5,1.5,1.5,5401,32,119.210927,1.62,1.77,2.01,1.49,1.488,1.483,,,
2017/02/06,1.5,,1.5,1.5,1.5,4910,37,119.225624,1.62,1.77,2.01,1.489,1.488,1.481,,,
2017/02/07,1.5,,1.5,1.5,1.5,5648,33,119.230524,1.62,1.77,2.01,1.501,1.4905,1.485,,,
2017/02/08,1.5,,1.5,1.5,1.5,4427,43,119.235424,1.62,1.77,2.01,1.501,1.494,1.485,,,
2017/02/09,1.5,,1.5,1.5,1.5,2686,30,119.240324,1.62,1.77,2,1.5,1.4905,1.479,,,
2017/02/10,1.5,,1.5,1.5,1.5,2949,39,119.245224,1.62,1.77,2.005,1.499,1.493,1.485,,,
2017/02/13,1.5,,1.5,1.5,1.5,3206,31,119.259926,1.62,1.778,2,1.499,1.492,1.487,,,
2017/02/14,1.5,,1.5,1.5,1.5,3724,33,119.264827,1.62,1.778,2,1.499,1.492,1.487,,,
2017/02/15,1.5,,1.5,1.5,1.5,4157,33,119.269728,1.615,1.765,1.99,1.498,1.492,1.488,,,
2017/02/16,1.5,,1.5,1.5,1.5,3382,28,119.274629,1.625,1.78,2,1.498,1.492,1.489,,,
2017/02/17,1.5,,1.5,1.5,1.5,4741,46,119.279531,1.625,1.78,2,1.497,1.492,1.49,,,
2017/02/20,1.5,,1.5,1.5,1.5,6478,37,119.294237,1.63,1.78,2,1.497,1.492,1.487,,,
2017/02/21,1.5,,1.5,1.5,1.5,4103,37,119.299139,1.63,1.78,2,1.496,1.491,1.488,,,
2017/02/22,1.5,,1.5,1.5,1.5,4133,35,119.304042,1.62,1.78,2,1.496,1.491,1.489,,,
2017/02/23,1.5,,1.5,1.5,1.5,4036,31,119.308945,1.62,1.78,1.985,1.496,1.49,1.483,,,
2017/02/24,1.5,,1.5,1.5,1.5,4473,37,119.313848,1.62,1.78,1.98,1.495,1.488,1.4825,,,
2017/02/27,1.5,,1.5,1.5,1.5,3577,35,119.328558,1.62,1.78,1.98,1.494,1.489,1.4825,,,
2017/02/28,1.5,,1.5,1.5,1.5,4738,39,119.333462,1.623,1.78,1.98,1.499,1.4875,1.485,,,
2017/03/01,1.5,,1.5,1.5,1.5,5677,38,119.338366,1.63,1.79,2,1.498,1.4905,1.4905,,,
2017/03/02,1.5,,1.5,1.5,1.5,6447,36,119.34327,1.638,1.79,2,1.498,1.4925,1.4925,,,
2017/03/03,1.5,,1.5,1.5,1.5,3973,37,119.348175,1.64,1.79,2,1.497,1.4905,1.4925,,,
2017/03/06,1.5,,1.5,1.5,1.5,4418,40,119.362889,1.635,1.79,2,1.497,1.4915,1.4915,,,
2017/03/07,1.5,,1.5,1.5,1.5,4406,39,119.367794,1.635,1.79,2,1.5,1.495,1.4955,,,
2017/03/08,1.5,,1.5,1.5,1.5,5019,39,119.3727,1.63,1.79,2.01,1.5,1.4955,1.5,,,
2017/03/09,1.5,,1.5,1.5,1.5,4273,35,119.377606,1.63,1.795,2.01,1.5,1.495,1.5,,,
2017/03/10,1.5,,1.5,1.5,1.5,5820,33,119.382512,1.63,1.79,2.01,1.499,1.495,1.501,,,
2017/03/13,1.5,,1.5,1.5,1.5,4554,35,119.39723,1.63,1.79,2.007,1.495,1.494,1.4955,,,
2017/03/14,1.5,,1.5,1.5,1.5,5086,35,119.402137,1.63,1.79,2.01,1.5,1.4955,1.4955,,,
2017/03/15,1.5,,1.5,1.5,1.5,5534,40,119.407044,1.63,1.79,2.005,1.5,1.498,1.499,,,
2017/03/16,1.5,,1.5,1.5,1.5,5822,40,119.411951,1.63,1.79,2,1.495,1.496,1.498,,,
2017/03/17,1.5,,1.5,1.5,1.5,4184,35,119.416858,1.63,1.79,2,1.5,1.498,1.5,,,
2017/03/20,1.5,,1.5,1.5,1.5,4780,38,119.431581,1.63,1.79,2,1.5,1.495,1.497,,,
2017/03/21,1.5,,1.5,1.5,1.5,5068,36,119.436489,1.63,1.79,2,1.5,1.496,1.498,,,
2017/03/22,1.5,,1.5,1.5,1.5,4759,35,119.441397,1.63,1.79,2,1.499,1.496,1.497,,,
2017/03/23,1.5,,1.5,1.5,1.5,5772,35,119.446306,1.63,1.79,2,1.499,1.496,1.497,,,
2017/03/24,1.5,,1.5,1.5,1.5,6586,35,119.451215,1.63,1.79,2,1.499,1.496,1.498,,,
2017/03/27,1.5,,1.5,1.5,1.5,6201,44,119.465941,1.63,1.79,2,1.499,1.497,1.498,,,
2017/03/28,1.5,,1.5,1.5,1.5,6262,35,119.470851,1.63,1.79,2,1.499,1.496,1.497,,,
2017/03/29,1.5,,1.5,1.5,1.5,4543,37,119.475761,1.63,1.79,2,1.499,1.497,1.497,,,
2017/03/30,1.5,,1.5,1.5,1.5,6962,37,119.480671,1.63,1.79,2,1.499,1.497,1.497,,,
2017/03/31,1.5,,1.5,1.5,1.5,7090,43,119.485581,1.63,1.79,2,1.498,1.495,1.496,,,
2017/04/03,1.5,,1.5,1.5,1.5,4652,34,119.500312,1.63,1.79,2,1.498,1.495,1.495,,,
2017/04/04,1.5,,1.5,1.5,1.5,4838,34,119.505223,1.63,1.788,1.988,1.5,1.495,1.491,,,
2017/04/05,1.5,,1.5,1.5,1.5,4479,36,119.510134,1.628,1.79,1.993,1.499,1.494,1.49,,,
2017/04/06,1.5,,1.5,1.5,1.5,3382,35,119.515045,1.625,1.785,1.99,1.499,1.492,1.485,,,
2017/04/07,1.5,,1.5,1.5,1.5,4186,39,119.519957,1.62,1.78,1.98,1.498,1.489,1.48,,,
2017/04/10,1.5,,1.5,1.5,1.5,5179,42,119.534692,1.62,1.78,1.98,1.498,1.489,1.479,,,
2017/04/11,1.5,,1.5,1.5,1.5,3152,35,119.539605,1.62,1.77,1.97,1.497,1.487,1.477,,,
2017/04/12,1.5,,1.5,1.5,1.5,3595,28,119.544517,1.62,1.77,1.97,1.496,1.487,1.475,,,
2017/04/13,1.5,,1.5,1.5,1.5,4819,39,119.54943,1.62,1.76,1.96,1.494,1.488,1.475,,,
2017/04/18,1.5,,1.5,1.5,1.5,4091,42,119.573995,1.62,1.77,1.965,1.491,1.484,1.474,,,
2017/04/19,1.5,,1.5,1.5,1.5,4374,35,119.578909,1.62,1.758,1.95,1.49,1.479,1.468,,,
2017/04/20,1.5,,1.5,1.5,1.5,5487,34,119.583823,1.62,1.75,1.96,1.49,1.48,1.47,,,
2017/04/21,1.5,,1.5,1.5,1.5,3857,37,119.588738,1.62,1.75,1.958,1.488,1.479,1.471,,,
2017/04/24,1.5,,1.5,1.5,1.5,4778,33,119.603482,1.62,1.75,1.96,1.491,1.484,1.478,,,
2017/04/26,1.5,,1.5,1.5,1.5,5182,36,119.613312,1.62,1.75,1.96,1.499,1.489,1.484,,,
2017/04/27,1.5,,1.5,1.5,1.5,4322,30,119.618228,1.62,1.748,1.96,1.499,1.493,1.4865,,,
2017/04/28,1.5,,1.5,1.5,1.5,4510,39,119.623143,1.61,1.74,1.94,1.499,1.492,1.4825,,,
2017/05/01,1.5,,1.5,1.5,1.5,5488,40,119.637891,1.62,1.748,1.94,1.498,1.494,1.4915,,,
2017/05/02,1.5,,1.5,1.5,1.5,4847,40,119.642808,1.63,1.748,1.948,1.501,1.496,1.4915,,,
2017/05/03,1.5,,1.5,1.5,1.5,5244,37,119.647725,1.625,1.74,1.94,1.502,1.496,1.486,,,
2017/05/04,1.5,,1.5,1.5,1.5,4518,33,119.652642,1.625,1.738,1.938,1.501,1.495,1.4925,,,
2017/05/05,1.5,,1.5,1.5,1.5,4915,39,119.657559,1.64,1.735,1.925,1.501,1.498,1.501,,,
2017/05/08,1.5,,1.5,1.5,1.5,4182,37,119.672311,1.63,1.738,1.92,1.501,1.497,1.4915,,,
2017/05/09,1.5,,1.5,1.5,1.5,5459,35,119.677229,1.63,1.738,1.918,1.501,1.499,1.4955,,,
2017/05/10,1.5,,1.5,1.5,1.5,3167,28,119.682148,1.623,1.73,1.918,1.501,1.498,1.4915,,,
2017/05/11,1.5,,1.5,1.5,1.5,3564,27,119.687066,1.62,1.73,1.908,1.499,1.494,1.49,,,
2017/05/12,1.5,,1.5,1.5,1.5,4235,30,119.691985,1.62,1.73,1.908,1.499,1.4925,1.489,,,
2017/05/15,1.5,,1.5,1.5,1.5,4139,43,119.706741,1.613,1.725,1.895,1.498,1.4915,1.487,,,
2017/05/16,1.5,,1.5,1.5,1.5,4718,42,119.711661,1.62,1.73,1.905,1.498,1.4915,1.488,,,
2017/05/17,1.5,,1.5,1.5,1.5,3669,30,119.71658,1.62,1.73,1.9,1.498,1.4905,1.483,,,
2017/05/18,1.5,,1.5,1.5,1.5,3759,24,119.7215,1.62,1.733,1.89,1.498,1.493,1.489,,,
2017/05/19,1.5,,1.5,1.5,1.5,5445,37,119.72642,1.62,1.73,1.89,1.497,1.493,1.488,,,
2017/05/22,1.5,,1.5,1.5,1.5,5879,38,119.741181,1.62,1.73,1.89,1.496,1.493,1.485,,,
2017/05/23,1.5,,1.5,1.5,1.5,5159,32,119.746102,1.62,1.73,1.89,1.496,1.4865,1.479,,,
2017/05/24,1.5,,1.5,1.5,1.5,4125,36,119.751023,1.63,1.73,1.88,1.496,1.489,1.483,,,
2017/05/25,1.5,,1.5,1.5,1.5,3872,35,119.755944,1.63,1.73,1.88,1.495,1.487,1.478,,,
2017/05/26,1.5,,1.5,1.5,1.5,3934,34,119.760866,1.63,1.73,1.87,1.495,1.487,1.478,,,
2017/05/29,1.5,,1.5,1.5,1.5,4196,34,119.775631,1.63,1.73,1.87,1.494,1.489,1.48,,,
2017/05/30,1.5,,1.5,1.5,1.5,5128,30,119.780553,1.63,1.73,1.87,1.496,1.488,1.4775,,,
2017/05/31,1.5,,1.5,1.5,1.5,4187,29,119.785476,1.61,1.73,1.855,1.494,1.487,1.473,,,
2017/06/01,1.5,,1.5,1.5,1.5,3519,27,119.790398,1.62,1.73,1.855,1.498,1.4865,1.4755,,,
2017/06/02,1.5,,1.5,1.5,1.5,4527,30,119.795321,1.62,1.73,1.85,1.498,1.489,1.478,,,
2017/06/05,1.5,,1.5,1.5,1.5,4131,33,119.810091,1.62,1.73,1.84,1.497,1.487,1.477,,,
2017/06/06,1.5,,1.5,1.5,1.5,4411,34,119.815014,1.62,1.73,1.845,1.501,1.4875,1.483,,,
2017/06/07,1.5,,1.5,1.5,1.5,5445,38,119.819938,1.62,1.738,1.85,1.5,1.4915,1.484,,,
2017/06/08,1.5,,1.5,1.5,1.5,4144,25,119.824862,1.62,1.725,1.85,1.5,1.4915,1.4855,,,
2017/06/09,1.5,,1.5,1.5,1.5,3880,32,119.829787,1.62,1.73,1.85,1.499,1.492,1.4855,,,
2017/06/13,1.5,,1.5,1.5,1.5,4908,35,119.849485,1.62,1.72,1.85,1.499,1.4925,1.4875,,,
2017/06/14,1.5,,1.5,1.5,1.5,5255,39,119.85441,1.62,1.72,1.85,1.5,1.4925,1.4925,,,
2017/06/15,1.5,,1.5,1.5,1.5,4490,40,119.859335,1.62,1.72,1.85,1.5,1.4955,1.4925,,,
2017/06/16,1.5,,1.5,1.5,1.5,4111,31,119.864261,1.62,1.72,1.853,1.5,1.494,1.495,,,
2017/06/19,1.5,,1.5,1.5,1.5,5421,43,119.879039,1.62,1.72,1.85,1.5,1.494,1.494,,,
2017/06/20,1.5,,1.5,1.5,1.5,4967,36,119.883966,1.62,1.72,1.86,1.5,1.497,1.498,,,
2017/06/21,1.5,,1.5,1.5,1.5,3837,30,119.888892,1.62,1.72,1.86,1.499,1.4955,1.4955,,,
2017/06/22,1.5,,1.5,1.5,1.5,4503,40,119.893819,1.62,1.72,1.85,1.499,1.4955,1.4925,,,
2017/06/23,1.5,,1.5,1.5,1.5,3280,28,119.898746,1.62,1.72,1.85,1.499,1.496,1.496,,,
2017/06/26,1.5,,1.5,1.5,1.5,4656,33,119.913528,1.62,1.72,1.85,1.499,1.496,1.495,,,
2017/06/27,1.5,,1.5,1.5,1.5,4514,36,119.918456,1.62,1.72,1.85,1.499,1.496,1.496,,,
2017/06/28,1.5,,1.5,1.5,1.5,4712,32,119.923384,1.62,1.72,1.85,1.499,1.4955,1.4965,,,
2017/06/29,1.5,,1.5,1.5,1.5,6065,39,119.928313,1.62,1.71,1.85,1.499,1.499,1.502,,,
2017/06/30,1.5,,1.5,1.5,1.5,2849,29,119.933241,1.62,1.71,1.85,1.498,1.5,1.505,,,
2017/07/03,1.5,,1.5,1.5,1.5,4815,35,119.948028,1.62,1.71,1.85,1.498,1.5,1.509,,,
2017/07/04,1.5,,1.5,1.5,1.5,6182,41,119.952957,1.62,1.71,1.84,1.501,1.501,1.507,,,
2017/07/05,1.5,,1.5,1.5,1.5,5203,33,119.957887,1.62,1.71,1.84,1.501,1.499,1.508,,,
2017/07/06,1.5,,1.5,1.5,1.5,5532,38,119.962816,1.61,1.71,1.84,1.501,1.502,1.515,,,
2017/07/07,1.5,,1.5,1.5,1.5,4161,35,119.967746,1.61,1.705,1.84,1.501,1.502,1.515,,,
2017/07/10,1.5,,1.5,1.5,1.5,3202,35,119.982537,1.61,1.7,1.84,1.5,1.502,1.516,,,
2017/07/11,1.5,,1.5,1.5,1.5,5141,41,119.987468,1.61,1.7,1.84,1.5,1.502,1.516,,,
2017/07/12,1.5,,1.5,1.5,1.5,4130,41,119.992399,1.61,1.7,1.84,1.5,1.502,1.515,,,
2017/07/13,1.5,,1.5,1.5,1.5,3543,39,119.99733,1.61,1.7,1.83,1.5,1.501,1.508,,,
2017/07/14,1.5,,1.5,1.5,1.5,4241,38,120.002261,1.61,1.7,1.83,1.5,1.5,1.51,,,
2017/07/17,1.5,,1.5,1.5,1.5,4316,35,120.017056,1.61,1.7,1.83,1.5,1.502,1.5115,,,
2017/07/18,1.5,,1.5,1.5,1.5,3712,32,120.021988,1.61,1.7,1.82,1.5,1.502,1.5255,,,
2017/07/19,1.5,,1.5,1.5,1.5,4605,37,120.026921,1.61,1.703,1.83,1.5,1.5015,1.54,,,
2017/07/20,1.5,,1.5,1.5,1.5,4736,36,120.031853,1.61,1.7,1.84,1.5,1.5025,1.5365,,,
2017/07/21,1.5,,1.5,1.5,1.5,6636,43,120.036786,1.6,1.69,1.81,1.499,1.5025,1.525,,,
2017/07/24,1.5,,1.5,1.5,1.5,5392,37,120.051585,1.6,1.69,1.81,1.503,1.504,1.522,,,
2017/07/25,1.5,,1.5,1.5,1.5,4197,35,120.056519,1.598,1.69,1.81,1.503,1.504,1.528,,,
2017/07/26,1.5,,1.5,1.5,1.5,4473,37,120.061453,1.598,1.69,1.81,1.499,1.5005,1.513,,,
2017/07/27,1.5,,1.5,1.5,1.5,3123,27,120.066387,1.595,1.69,1.81,1.499,1.501,1.512,,,
2017/07/28,1.5,,1.5,1.5,1.5,3387,30,120.071321,1.6,1.69,1.81,1.499,1.501,1.508,,,
2017/07/31,1.5,,1.5,1.5,1.5,3560,33,120.086124,1.59,1.69,1.81,1.499,1.499,1.508,,,
2017/08/01,1.5,,1.5,1.5,1.5,4420,37,120.091059,1.595,1.69,1.815,1.501,1.5005,1.513,,,
2017/08/02,1.5,,1.5,1.5,1.5,4232,34,120.095995,1.595,1.69,1.815,1.501,1.5005,1.51,,,
2017/08/03,1.5,,1.5,1.5,1.5,5972,39,120.10093,1.595,1.69,1.82,1.501,1.5005,1.5115,,,
2017/08/04,1.5,,1.5,1.5,1.5,4390,26,120.105866,1.595,1.69,1.815,1.501,1.4975,1.51,,,
2017/08/07,1.5,,1.5,1.5,1.5,4758,31,120.120673,,,,1.5005,1.4975,1.51,,,
2017/08/08,1.5,,1.5,1.5,1.5,5470,42,120.12561,1.595,1.69,1.82,1.501,1.5005,1.51,,,
2017/08/09,1.5,,1.5,1.5,1.5,4076,33,120.130546,1.595,1.695,1.825,1.501,1.5005,1.51,,,
2017/08/10,1.5,,1.5,1.5,1.5,3423,27,120.135483,1.595,1.69,1.83,1.501,1.499,1.51,,,
2017/08/11,1.5,,1.5,1.5,1.5,3440,27,120.14042,1.595,1.69,1.825,1.5,1.498,1.508,,,
2017/08/14,1.5,,1.5,1.5,1.5,4249,34,120.155232,1.6,1.69,1.83,1.5,1.502,1.5075,,,
2017/08/15,1.5,,1.5,1.5,1.5,4032,32,120.16017,1.595,1.69,1.83,1.5,1.5005,1.51,,,
2017/08/16,1.5,,1.5,1.5,1.5,3053,25,120.165108,1.595,1.69,1.835,1.5,1.502,1.508,,,
2017/08/17,1.5,,1.5,1.5,1.5,3951,32,120.170046,1.605,1.705,1.855,1.5,1.499,1.51,,,
2017/08/18,1.5,,1.5,1.5,1.5,3312,31,120.174985,1.605,1.7,1.855,1.5,1.499,1.508,,,
2017/08/21,1.5,,1.5,1.5,1.5,4827,32,120.189801,1.595,1.69,1.845,1.5,1.502,1.512,,,
2017/08/22,1.5,,1.5,1.5,1.5,4567,31,120.19474,1.595,1.705,1.855,1.5,1.502,1.512,,,
2017/08/23,1.5,,1.5,1.5,1.5,4662,32,120.19968,1.595,1.71,1.865,1.499,1.502,1.513,,,
2017/08/24,1.5,,1.5,1.5,1.5,5276,33,120.20462,1.595,1.715,1.875,1.499,1.502,1.513,,,
2017/08/25,1.5,,1.5,1.5,1.5,4641,36,120.209559,1.595,1.71,1.875,1.499,1.503,1.516,,,
2017/08/28,1.5,,1.5,1.5,1.5,4591,36,120.22438,1.61,1.72,1.895,1.499,1.502,1.516,,,
2017/08/29,1.5,,1.5,1.5,1.5,3437,27,120.229321,1.6,1.71,1.89,1.499,1.502,1.514,,,
2017/08/30,1.5,,1.5,1.5,1.5,4221,33,120.234261,1.61,1.72,1.9,1.499,1.502,1.5175,,,
2017/08/31,1.5,,1.5,1.5,1.5,4373,30,120.239203,1.59,1.71,1.88,1.499,1.502,1.517,,,
2017/09/01,1.5,,1.5,1.5,1.5,4170,35,120.244144,1.6,1.735,1.895,1.498,1.502,1.517,,,
2017/09/04,1.5,,1.5,1.5,1.5,4055,36,120.258969,1.6,1.735,1.9,1.498,1.502,1.517,,,
2017/09/05,1.5,,1.5,1.5,1.5,3945,39,120.263911,1.61,1.74,1.905,1.499,1.5005,1.515,,,
2017/09/06,1.5,,1.5,1.5,1.5,4313,32,120.268853,1.6,1.735,1.895,1.499,1.499,1.514,,,
2017/09/07,1.5,,1.5,1.5,1.5,5356,44,120.273796,1.59,1.73,1.895,1.5005,1.5005,1.515,,,
2017/09/08,1.5,,1.5,1.5,1.5,5070,43,120.278738,1.6,1.735,1.895,1.499,1.499,1.5125,,,
2017/09/11,1.5,,1.5,1.5,1.5,4786,39,120.293567,1.59,1.725,1.895,1.5,1.504,1.519,,,
2017/09/12,1.5,,1.5,1.5,1.5,3974,39,120.298511,1.6,1.735,1.905,1.499,1.5015,1.519,,,
2017/09/13,1.5,,1.5,1.5,1.5,4667,37,120.303455,1.6,1.73,1.905,1.5005,1.501,1.519,,,
2017/09/14,1.5,,1.5,1.5,1.5,6233,45,120.308399,1.615,1.73,1.91,1.5005,1.5055,1.525,,,
2017/09/15,1.5,,1.5,1.5,1.5,4839,39,120.313343,1.6,1.72,1.91,1.5015,1.505,1.5325,,,
2017/09/18,1.5,,1.5,1.5,1.5,5664,42,120.328176,1.61,1.73,1.935,1.5,1.5075,1.5375,,,
2017/09/19,1.5,,1.5,1.5,1.5,4442,34,120.333121,1.6,1.715,1.915,1.5,1.508,1.54,,,
2017/09/20,1.5,,1.5,1.5,1.5,3644,35,120.338066,1.61,1.72,1.93,1.5,1.51,1.539,,,
2017/09/21,1.5,,1.5,1.5,1.5,3789,35,120.343012,1.575,1.69,1.895,1.5,1.5065,1.53,,,
2017/09/22,1.5,,1.5,1.5,1.5,3792,37,120.347957,1.605,1.715,1.915,1.5005,1.509,1.535,,,
2017/09/25,1.5,,1.5,1.5,1.5,5001,44,120.362795,1.605,1.71,1.915,1.499,1.508,1.533,,,
2017/09/26,1.5,,1.5,1.5,1.5,4808,36,120.367741,1.605,1.71,1.91,1.499,1.506,1.529,,,
2017/09/27,1.5,,1.5,1.5,1.5,4648,35,120.372688,1.615,1.72,1.92,1.499,1.507,1.531,,,
2017/09/28,1.5,,1.5,1.5,1.5,5938,48,120.377634,1.6,1.71,1.91,1.499,1.51,1.536,,,
2017/09/29,1.5,,1.5,1.5,1.5,3208,24,120.382581,1.6,1.71,1.91,1.498,1.509,1.536,,,
2017/10/02,1.5,,1.5,1.5,1.5,3996,30,120.397423,,,,1.5005,1.5055,1.535,,,
2017/10/03,1.5,,1.5,1.5,1.5,4899,41,120.402371,1.595,1.695,1.9,1.5005,1.505,1.535,,,
2017/10/04,1.5,,1.5,1.5,1.5,4932,45,120.407319,1.6,1.7,1.9,1.5005,1.5065,1.53,,,
2017/10/05,1.5,,1.5,1.5,1.5,5017,39,120.412267,1.585,1.695,1.895,1.501,1.507,1.525,,,
2017/10/06,1.5,,1.5,1.5,1.5,8073,44,120.417216,1.6,1.695,1.905,1.501,1.504,1.525,,,
2017/10/09,1.5,,1.5,1.5,1.5,5587,34,120.432062,1.59,1.685,1.895,1.501,1.5055,1.525,,,
2017/10/10,1.5,,1.5,1.5,1.5,5539,37,120.437011,1.595,1.705,1.905,1.5015,1.503,1.525,,,
2017/10/11,1.5,,1.5,1.5,1.5,4131,30,120.44196,1.6,1.705,1.905,1.502,1.507,1.526,,,
2017/10/12,1.5,,1.5,1.5,1.5,4051,33,120.44691,1.595,1.705,1.9,1.502,1.504,1.53,,,
2017/10/13,1.5,,1.5,1.5,1.5,4584,33,120.45186,1.595,1.7,1.9,1.502,1.507,1.527,,,
2017/10/16,1.5,,1.5,1.5,1.5,4387,33,120.46671,1.59,1.69,1.89,1.502,1.505,1.523,,,
2017/10/17,1.5,,1.5,1.5,1.5,5522,33,120.471661,1.6,1.7,1.895,1.502,1.5025,1.518,,,
2017/10/18,1.5,,1.5,1.5,1.5,4440,34,120.476612,1.595,1.7,1.895,1.502,1.5,1.515,,,
2017/10/19,1.5,,1.5,1.5,1.5,4512,28,120.481563,1.6,1.7,1.89,1.502,1.504,1.52,,,
2017/10/20,1.5,,1.5,1.5,1.5,5884,37,120.486514,1.6,1.7,1.89,1.503,1.505,1.522,,,
2017/10/23,1.5,,1.5,1.5,1.5,5678,40,120.501369,1.595,1.7,1.895,1.503,1.5025,1.525,,,
2017/10/24,1.5,,1.5,1.5,1.5,4259,32,120.506321,1.595,1.7,1.89,1.503,1.5025,1.525,,,
2017/10/25,1.5,,1.5,1.5,1.5,5254,32,120.511273,1.59,1.69,1.88,1.503,1.5005,1.5065,,,
2017/10/26,1.5,,1.5,1.5,1.5,4235,26,120.516226,1.585,1.68,1.87,1.5005,1.5005,1.5065,,,
2017/10/27,1.5,,1.5,1.5,1.5,3988,29,120.521178,1.6,1.69,1.88,1.5005,1.5015,1.5065,,,
2017/10/30,1.5,,1.5,1.5,1.5,3975,35,120.536037,1.605,1.7,1.89,1.499,1.5005,1.5075,,,
2017/10/31,1.5,,1.5,1.5,1.5,5358,35,120.540991,1.595,1.69,1.875,1.499,1.4995,1.509,,,
2017/11/01,1.5,,1.5,1.5,1.5,6848,39,120.545944,1.615,1.705,1.89,1.504,1.4995,1.508,,,
2017/11/02,1.5,,1.5,1.5,1.5,5369,35,120.550898,1.61,1.7,1.88,1.498,1.4995,1.508,,,
2017/11/03,1.5,,1.5,1.5,1.5,4727,32,120.555852,1.595,1.69,1.87,1.497,1.4995,1.505,,,
2017/11/06,1.5,,1.5,1.5,1.5,4909,35,120.570715,1.61,1.7,1.88,1.497,1.5,1.51,,,
2017/11/07,1.5,,1.5,1.5,1.5,4542,29,120.57567,1.61,1.7,1.88,1.501,1.4995,1.509,,,
2017/11/08,1.5,,1.5,1.5,1.5,4298,24,120.580626,1.61,1.7,1.885,1.5005,1.4995,1.509,,,
2017/11/09,1.5,,1.5,1.5,1.5,4774,37,120.585581,1.62,1.705,1.885,1.501,1.498,1.509,,,
2017/11/10,1.5,,1.5,1.5,1.5,5916,35,120.590537,1.62,1.71,1.885,1.5,1.501,1.51,,,
2017/11/13,1.5,,1.5,1.5,1.5,5492,32,120.605404,1.62,1.71,1.885,1.5,1.498,1.508,,,
2017/11/14,1.5,,1.5,1.5,1.5,4942,37,120.61036,1.635,1.72,1.895,1.5,1.499,1.5105,,,
2017/11/15,1.5,,1.5,1.5,1.5,4370,34,120.615317,1.63,1.71,1.885,1.5,1.501,1.51,,,
2017/11/16,1.5,,1.5,1.5,1.5,5778,38,120.620274,1.63,1.72,1.89,1.5,1.4975,1.505,,,
2017/11/17,1.5,,1.5,1.5,1.5,5027.7,39,120.625231,1.63,1.72,1.89,1.5,1.501,1.509,,,
2017/11/20,1.5,,1.5,1.5,1.5,3793,41,120.640102,1.63,1.72,1.89,1.499,1.499,1.505,,,
2017/11/21,1.5,,1.5,1.5,1.5,3378,32,120.64506,1.63,1.72,1.895,1.499,1.4965,1.506,,,
2017/11/22,1.5,,1.5,1.5,1.5,5223,33,120.650018,1.64,1.725,1.89,1.4975,1.4975,1.506,,,
2017/11/23,1.5,,1.5,1.5,1.5,5082,39,120.654976,1.65,1.725,1.89,1.4975,1.4975,1.5055,,,
2017/11/24,1.5,,1.5,1.5,1.5,5553,41,120.659935,1.66,1.74,1.91,1.4975,1.497,1.5055,,,
2017/11/27,1.5,,1.5,1.5,1.5,5649,35,120.674811,1.65,1.73,1.9,1.4975,1.497,1.5045,,,
2017/11/28,1.5,,1.5,1.5,1.5,7445,49,120.67977,1.65,1.73,1.9,1.4975,1.4975,1.503,,,
2017/11/29,1.5,,1.5,1.5,1.5,6622,35,120.684729,1.65,1.73,1.905,1.4975,1.4975,1.504,,,
2017/11/30,1.5,,1.5,1.5,1.5,5742.5,40,120.689689,1.66,1.74,1.915,1.4975,1.4975,1.5045,,,
2017/12/01,1.5,,1.5,1.5,1.5,5358,29,120.694649,1.66,1.745,1.915,1.4975,1.4975,1.5045,,,
2017/12/04,1.5,,1.5,1.5,1.5,6935,30,120.709529,1.66,1.74,1.905,1.4975,1.4975,1.505,,,
2017/12/05,1.5,,1.5,1.5,1.5,6050,34,120.71449,1.66,1.765,1.93,1.4975,1.4975,1.5105,,,
2017/12/06,1.5,,1.5,1.5,1.5,5398,38,120.71945,1.685,1.755,1.895,1.4975,1.4975,1.5025,,,
2017/12/07,1.5,,1.5,1.5,1.5,6208,30,120.724412,1.675,1.755,1.92,1.4975,1.4975,1.5065,,,
2017/12/08,1.5,,1.5,1.5,1.5,5287,31,120.729373,1.68,1.755,1.92,1.4975,1.4975,1.506,,,
2017/12/11,1.5,,1.5,1.5,1.5,6800,38,120.744257,1.685,1.765,1.93,1.4975,1.4975,1.5075,,,
2017/12/12,1.5,,1.5,1.5,1.5,5990,32,120.749219,1.67,1.75,1.925,1.4975,1.4975,1.5075,,,
2017/12/13,1.5,,1.5,1.5,1.5,7055.3,33,120.754182,1.68,1.76,1.935,1.4975,1.4975,1.507,,,
2017/12/14,1.5,,1.5,1.5,1.5,5377,37,120.759144,1.7,1.775,1.945,1.499,1.4985,1.5145,,,
2017/12/15,1.5,,1.5,1.5,1.5,6203,40,120.764107,1.69,1.77,1.945,1.5,1.502,1.519,,,
2017/12/18,1.5,,1.5,1.5,1.5,6577,47,120.778996,1.71,1.79,1.98,1.4975,1.498,1.515,,,
2017/12/19,1.5,,1.5,1.5,1.5,9188,36,120.783959,1.69,1.775,1.98,1.5005,1.5005,1.5165,,,
2017/12/20,1.5,,1.5,1.5,1.5,7611,48,120.788923,1.71,1.795,1.995,1.5005,1.5005,1.5215,,,
2017/12/21,1.5,,1.5,1.5,1.5,6479,38,120.793887,1.71,1.795,1.99,1.499,1.505,1.523,,,
2017/12/22,1.5,,1.5,1.5,1.5,6677,38,120.798851,1.71,1.795,1.9917,1.499,1.505,1.525,,,
2017/12/27,1.5,,1.5,1.5,1.5,6049,35,120.823673,1.72,1.805,1.995,1.499,1.503,1.526,,,
2017/12/28,1.5,,1.5,1.5,1.5,6440,33,120.828638,1.715,1.795,1.995,1.499,1.505,1.527,,,
2017/12/29,1.5,,1.5,1.5,1.5,5587,26,120.833603,1.71,1.795,1.9983,1.5015,1.504,1.523,,,
2018/01/02,1.5,,1.5,1.5,1.5,4079,24,120.853467,1.705,1.79,1.99,1.501,1.506,1.526,,,
2018/01/03,1.5,,1.5,1.5,1.5,4219,33,120.858433,1.71,1.79,1.99,1.501,1.503,1.525,,,
2018/01/04,1.5,,1.5,1.5,1.5,4963,28,120.8634,1.71,1.79,1.99,1.501,1.503,1.521,,,
2018/01/05,1.5,,1.5,1.5,1.5,4302,34,120.868367,1.72,1.805,1.99,1.501,1.503,1.522,,,
2018/01/08,1.5,,1.5,1.5,1.5,5626,43,120.883268,1.715,1.805,1.985,1.5005,1.501,1.5165,,,
2018/01/09,1.5,,1.5,1.5,1.5,3124,35,120.888236,1.72,1.815,1.995,1.5005,1.5005,1.5205,,,
2018/01/10,1.5,,1.5,1.5,1.5,2944,29,120.893204,1.7,1.805,1.99,1.5015,1.501,1.523,,,
2018/01/11,1.5,,1.5,1.5,1.5,5088,34,120.898172,1.71,1.81,1.99,1.505,1.505,1.533,,,
2018/01/12,1.5,,1.5,1.5,1.5,5179,50,120.903141,1.69,1.79,1.97,1.505,1.505,1.534,,,
2018/01/15,1.5,,1.5,1.5,1.5,5606,46,120.918047,1.7,1.8,1.98,1.506,1.5045,1.5315,,,
2018/01/16,1.5,,1.5,1.5,1.5,5813.4,38,120.923016,1.7,1.8,1.99,1.505,1.504,1.536,,,
2018/01/17,1.5,,1.5,1.5,1.5,6025,39,120.927985,1.7,1.8,1.98,1.505,1.5055,1.538,,,
2018/01/18,1.5,,1.5,1.5,1.5,4028,34,120.932955,1.69,1.795,1.97,1.5025,1.5025,1.535,,,
2018/01/19,1.5,,1.5,1.5,1.5,5623,37,120.937925,1.7,1.795,1.965,1.5025,1.5055,1.539,,,
2018/01/22,1.5,,1.5,1.5,1.5,6311,42,120.952835,1.705,1.795,1.96,1.5025,1.504,1.539,,,
2018/01/23,1.5,,1.5,1.5,1.5,5010,34,120.957806,1.695,1.785,1.945,1.5025,1.5045,1.5365,,,
2018/01/24,1.5,,1.5,1.5,1.5,3903,31,120.962777,1.695,1.785,1.935,1.5025,1.504,1.535,,,
2018/01/25,1.5,,1.5,1.5,1.5,5657,39,120.967748,1.695,1.785,1.935,1.5025,1.504,1.535,,,
2018/01/29,1.5,,1.5,1.5,1.5,3570,37,120.987633,1.685,1.78,1.935,1.5025,1.504,1.535,,,
2018/01/30,1.5,,1.5,1.5,1.5,5132,45,120.992605,1.69,1.785,1.94,1.5025,1.504,1.54,,,
2018/01/31,1.5,,1.5,1.5,1.5,4800,42,120.997577,1.66,1.755,1.91,1.5005,1.5025,1.52,,,
2018/02/01,1.5,,1.5,1.5,1.5,4332,37,121.00255,1.68,1.77,1.915,1.5005,1.5015,1.515,,,
2018/02/02,1.5,,1.5,1.5,1.5,4045,35,121.007522,1.675,1.775,1.91,1.5015,1.5025,1.518,,,
2018/02/05,1.5,,1.5,1.5,1.5,4359,33,121.022441,1.675,1.77,1.91,1.5005,1.503,1.518,,,
2018/02/06,1.5,,1.5,1.5,1.5,3178,37,121.027415,1.675,1.77,1.905,1.5005,1.4995,1.513,,,
2018/02/07,1.5,,1.5,1.5,1.5,4759,34,121.032388,1.675,1.77,1.905,1.5005,1.4995,1.5115,,,
2018/02/08,1.5,,1.5,1.5,1.5,4553,34,121.037362,1.67,1.765,1.9,1.5005,1.5,1.514,,,
2018/02/09,1.5,,1.5,1.5,1.5,5961,40,121.042336,1.66,1.75,1.885,1.5005,1.5005,1.503,,,
2018/02/12,1.5,,1.5,1.5,1.5,7081,43,121.05726,1.68,1.775,1.91,1.5005,1.499,1.505,,,
2018/02/13,1.5,,1.5,1.5,1.5,3779,35,121.062234,1.67,1.76,1.905,1.5005,1.5005,1.509,,,
2018/02/14,1.5,,1.5,1.5,1.5,6029,43,121.06721,1.67,1.76,1.905,1.5015,1.5015,1.5105,,,
2018/02/15,1.5,,1.5,1.5,1.5,5783,42,121.072185,1.66,1.75,1.9,1.5005,1.501,1.51,,,
2018/02/16,1.5,,1.5,1.5,1.5,7318,41,121.077161,1.67,1.765,1.92,1.5005,1.5005,1.515,,,
2018/02/19,1.5,,1.5,1.5,1.5,6224,45,121.092088,1.67,1.765,1.92,1.501,1.5015,1.514,,,
2018/02/20,1.5,,1.5,1.5,1.5,5949,42,121.097064,1.68,1.775,1.93,1.5005,1.5005,1.515,,,
2018/02/21,1.5,,1.5,1.5,1.5,6096,39,121.102041,1.66,1.755,1.92,1.5005,1.5005,1.515,,,
2018/02/22,1.5,,1.5,1.5,1.5,4121,33,121.107018,1.69,1.765,1.94,1.499,1.502,1.512,,,
2018/02/23,1.5,,1.5,1.5,1.5,5391,40,121.111995,1.67,1.775,1.945,1.5005,1.5005,1.505,,,
2018/02/26,1.5,,1.5,1.5,1.5,6508,42,121.126926,1.7,1.78,1.95,1.5,1.5005,1.511,,,
2018/02/27,1.5,,1.5,1.5,1.5,6445,33,121.131904,1.7,1.785,1.945,1.5,1.5,1.509,,,
2018/02/28,1.5,,1.5,1.5,1.5,4677,32,121.136882,1.705,1.795,1.955,1.5005,1.5005,1.51,,,
2018/03/01,1.5,,1.5,1.5,1.5,5122,33,121.14186,1.705,1.795,1.96,1.5005,1.5005,1.508,,,
2018/03/02,1.5,,1.5,1.5,1.5,5758,31,121.146839,1.715,1.805,1.97,1.501,1.501,1.513,,,
2018/03/05,1.5,,1.5,1.5,1.5,5291,34,121.161775,1.7,1.82,1.985,1.501,1.501,1.5115,,,
2018/03/06,1.5,,1.5,1.5,1.5,5396,43,121.166754,1.765,1.87,2.005,1.4995,1.499,1.513,,,
2018/03/07,1.5,,1.5,1.5,1.5,6346,43,121.171733,1.735,1.855,1.995,1.4995,1.499,1.508,,,
2018/03/08,1.5,,1.5,1.5,1.5,5116,35,121.176713,1.77,1.89,2.03,1.4995,1.4995,1.513,,,
2018/03/09,1.5,,1.5,1.5,1.5,3326,31,121.181693,1.76,1.915,2.05,1.5005,1.5005,1.513,,,
2018/03/12,1.5,,1.5,1.5,1.5,5467,43,121.196633,1.77,1.925,2.07,1.501,1.4995,1.513,,,
2018/03/13,1.5,,1.5,1.5,1.5,5057,46,121.201614,1.77,1.925,2.07,1.501,1.4995,1.513,,,
2018/03/14,1.5,,1.5,1.5,1.5,4067,37,121.206595,1.77,1.935,2.075,1.501,1.4995,1.513,,,
2018/03/15,1.5,,1.5,1.5,1.5,5305,37,121.211576,1.77,1.945,2.07,1.4995,1.4995,1.508,,,
2018/03/16,1.5,,1.5,1.5,1.5,5536,37,121.216557,1.77,1.945,2.075,1.5,1.4995,1.505,,,
2018/03/19,1.5,,1.5,1.5,1.5,6262,36,121.231502,1.78,1.965,2.075,1.5,1.4995,1.511,,,
2018/03/20,1.5,,1.5,1.5,1.5,6114,30,121.236484,1.775,1.96,2.075,1.5,1.5,1.505,,,
2018/03/21,1.5,,1.5,1.5,1.5,5487,31,121.241466,1.785,1.975,2.095,1.5,1.5,1.51,,,
2018/03/22,1.5,,1.5,1.5,1.5,6341,39,121.246449,1.79,1.985,2.115,1.5,1.5,1.51,,,
2018/03/23,1.5,,1.5,1.5,1.5,7013,38,121.251431,1.81,2.005,2.12,1.5,1.4995,1.509,,,
2018/03/26,1.5,,1.5,1.5,1.5,5073,42,121.26638,1.815,2.005,2.14,1.5,1.5,1.51,,,
2018/03/27,1.5,,1.5,1.5,1.5,5714,38,121.271364,1.8,2,2.125,1.5,1.5,1.511,,,
2018/03/28,1.5,,1.5,1.5,1.5,5156,36,121.276347,1.825,2.015,2.115,1.5,1.5,1.5065,,,
2018/03/29,1.5,,1.5,1.5,1.5,7098,48,121.281331,1.84,2.04,2.135,1.5,1.5,1.505,,,
2018/04/03,1.5,,1.5,1.5,1.5,5128,49,121.306252,1.865,2.065,2.16,1.5,1.501,1.509,,,
2018/04/04,1.5,,1.5,1.5,1.5,5522,47,121.311237,1.85,2.05,2.16,1.5,1.5,1.508,,,
2018/04/05,1.5,,1.5,1.5,1.5,5560,41,121.316223,1.84,2.04,2.145,1.5,1.5,1.508,,,
2018/04/06,1.5,,1.5,1.5,1.5,3971,32,121.321208,1.835,2.04,2.135,1.5005,1.5005,1.508,,,
2018/04/09,1.5,,1.5,1.5,1.5,4430,34,121.336166,1.845,2.045,2.14,1.5,1.5,1.508,,,
2018/04/10,1.5,,1.5,1.5,1.5,4174,29,121.341152,1.845,2.04,2.13,1.5,1.5005,1.51,,,
2018/04/11,1.5,,1.5,1.5,1.5,5042,33,121.346139,1.85,2.045,2.14,1.5005,1.4995,1.508,,,
2018/04/12,1.5,,1.5,1.5,1.5,4044,32,121.351126,1.87,2.065,2.16,1.5005,1.5,1.508,,,
2018/04/13,1.5,,1.5,1.5,1.5,3692,34,121.356113,1.9,2.095,2.19,1.5,1.5,1.505,,,
2018/04/16,1.5,,1.5,1.5,1.5,5936,39,121.371074,1.89,2.09,2.19,1.5,1.501,1.51,,,
2018/04/17,1.5,,1.5,1.5,1.5,5155,38,121.376062,1.885,2.08,2.19,1.5,1.5005,1.5065,,,
2018/04/18,1.5,,1.5,1.5,1.5,4934,35,121.38105,1.885,2.07,2.165,1.5,1.5005,1.505,,,
2018/04/19,1.5,,1.5,1.5,1.5,4775,31,121.386039,1.88,2.07,2.16,1.5,1.5005,1.5065,,,
2018/04/20,1.5,,1.5,1.5,1.5,4201,35,121.391027,1.9,2.075,2.17,1.5005,1.5005,1.505,,,
2018/04/23,1.5,,1.5,1.5,1.5,6744,31,121.405993,1.9,2.075,2.17,1.496,1.496,1.505,,,
2018/04/24,1.5,,1.5,1.5,1.5,4361,32,121.410982,1.875,2.035,2.145,1.5005,1.5005,1.505,,,
2018/04/26,1.5,,1.5,1.5,1.5,4663,36,121.420961,1.905,2.065,2.165,1.499,1.501,1.5105,,,
2018/04/27,1.5,,1.5,1.5,1.5,3924,39,121.425951,1.895,2.045,2.15,1.5005,1.5,1.5065,,,
2018/04/30,1.5,,1.5,1.5,1.5,4931,30,121.440922,1.885,2.025,2.14,1.5,1.5005,1.505,,,
2018/05/01,1.5,,1.5,1.5,1.5,3784,31,121.445912,1.895,2.025,2.13,1.5005,1.5005,1.505,,,
2018/05/02,1.5,,1.5,1.5,1.5,5881,35,121.450903,1.905,2.035,2.125,1.5,1.5005,1.5065,,,
2018/05/03,1.5,,1.5,1.5,1.5,4397,31,121.455894,1.885,2.02,2.11,1.5,1.5,1.505,,,
2018/05/04,1.5,,1.5,1.5,1.5,4007,34,121.460886,1.895,2.03,2.12,1.5005,1.5005,1.505,,,
2018/05/07,1.5,,1.5,1.5,1.5,3746,34,121.47586,1.875,1.985,2.105,1.5005,1.5005,1.504,,,
2018/05/08,1.5,,1.5,1.5,1.5,4904,35,121.480852,1.875,1.98,2.09,1.5005,1.5005,1.505,,,
2018/05/09,1.5,,1.5,1.5,1.5,5368,36,121.485845,1.845,1.945,2.065,1.5005,1.5005,1.507,,,
2018/05/10,1.5,,1.5,1.5,1.5,3572,35,121.490837,1.845,1.94,2.06,1.5,1.5005,1.504,,,
2018/05/11,1.5,,1.5,1.5,1.5,3807,33,121.49583,1.83,1.92,2.025,1.5,1.5005,1.506,,,
2018/05/14,1.5,,1.5,1.5,1.5,4552,39,121.510809,1.83,1.915,2.02,1.5,1.5005,1.505,,,
2018/05/15,1.5,,1.5,1.5,1.5,5249,38,121.515803,1.83,1.91,2.02,1.5005,1.5,1.505,,,
2018/05/16,1.5,,1.5,1.5,1.5,4552,36,121.520796,1.83,1.91,2.03,1.5,1.5,1.508,,,
2018/05/17,1.5,,1.5,1.5,1.5,4292,30,121.52579,1.845,1.93,2.05,1.5005,1.5005,1.5065,,,
2018/05/18,1.5,,1.5,1.5,1.5,3914,34,121.530785,1.83,1.925,2.05,1.5005,1.5005,1.505,,,
2018/05/21,1.5,,1.5,1.5,1.5,4920,35,121.545768,1.8445,1.9342,2.06,1.5005,1.5,1.505,,,
2018/05/22,1.5,,1.5,1.5,1.5,4167,32,121.550763,1.845,1.9453,2.0634,1.5005,1.501,1.505,,,
2018/05/23,1.5,,1.5,1.5,1.5,2950,26,121.555758,1.84,1.9459,2.065,1.5005,1.5005,1.5075,,,
2018/05/24,1.5,,1.5,1.5,1.5,3547,35,121.560754,1.845,1.94,2.059,1.5005,1.5005,1.505,,,
2018/05/25,1.5,,1.5,1.5,1.5,6072,45,121.565749,1.845,1.935,2.0612,1.5,1.5,1.508,,,
2018/05/28,1.5,,1.5,1.5,1.5,3360,33,121.580737,1.8469,1.935,2.0647,1.5005,1.5005,1.504,,,
2018/05/29,1.5,,1.5,1.5,1.5,5527,40,121.585733,1.855,1.9517,2.0755,1.5005,1.5005,1.503,,,
2018/05/30,1.5,,1.5,1.5,1.5,5126,36,121.59073,1.8507,1.9642,2.0748,1.4995,1.4995,1.503,,,
2018/05/31,1.5,,1.5,1.5,1.5,4951,47,121.595727,1.86,1.9798,2.0904,1.4995,1.4995,1.503,,,
2018/06/01,1.5,,1.5,1.5,1.5,4808,41,121.600724,1.86,1.9763,2.0929,1.4995,1.499,1.504,,,
2018/06/04,1.5,,1.5,1.5,1.5,4717,36,121.615716,1.8907,2.005,2.1226,1.4995,1.4995,1.504,,,
2018/06/05,1.5,,1.5,1.5,1.5,5428,38,121.620714,1.8527,1.9926,2.1117,1.4995,1.4995,1.504,,,
2018/06/06,1.5,,1.5,1.5,1.5,4909,40,121.625712,1.8873,2.04,2.15,1.4995,1.4995,1.504,,,
2018/06/07,1.5,,1.5,1.5,1.5,4450,39,121.63071,1.8789,2.04,2.1514,1.4995,1.5,1.504,,,
2018/06/08,1.5,,1.5,1.5,1.5,3896,29,121.635709,1.895,2.055,2.156,1.4995,1.4995,1.504,,,
2018/06/12,1.5,,1.5,1.5,1.5,17501,47,121.655704,1.9124,2.0561,2.1684,1.4995,1.4995,1.504,,,
2018/06/13,1.5,,1.5,1.5,1.5,4953,36,121.660703,1.9347,2.075,2.1783,1.4995,1.4995,1.504,,,
2018/06/14,1.5,,1.5,1.5,1.5,4442,39,121.665703,1.92,2.0681,2.1692,1.4995,1.4995,1.504,,,
2018/06/15,1.5,,1.5,1.5,1.5,2932,39,121.670703,1.915,2.0592,2.1644,1.4995,1.4995,1.504,,,
2018/06/18,1.5,,1.5,1.5,1.5,5277,36,121.685703,1.915,2.0605,2.1663,1.4995,1.4995,1.504,,,
2018/06/19,1.5,,1.5,1.5,1.5,4097,41,121.690704,1.9571,2.0933,2.2013,1.4995,1.4995,1.5015,,,
2018/06/20,1.5,,1.5,1.5,1.5,4957,48,121.695705,1.9846,2.1127,2.2256,1.4995,1.4995,1.502,,,
2018/06/21,1.5,,1.5,1.5,1.5,4285,32,121.700706,1.98,2.1085,2.2356,1.4995,1.4995,1.502,,,
2018/06/22,1.5,,1.5,1.5,1.5,3841,33,121.705708,1.9896,2.095,2.2064,1.4995,1.4995,1.502,,,
2018/06/25,1.5,,1.5,1.5,1.5,3110,34,121.720713,2.01,2.11,2.2259,1.4995,1.4995,1.502,,,
2018/06/26,1.5,,1.5,1.5,1.5,5123,39,121.725715,2.02,2.1276,2.2441,1.4995,1.4995,1.5015,,,
2018/06/27,1.5,,1.5,1.5,1.5,3566,28,121.730717,2.01,2.1143,2.2245,1.4995,1.4995,1.502,,,
2018/06/28,1.5,,1.5,1.5,1.5,4716,34,121.73572,2.015,2.1148,2.2219,1.4995,1.4995,1.502,,,
2018/06/29,1.5,,1.5,1.5,1.5,5729,37,121.740723,2.0254,2.1205,2.2315,1.4995,1.4995,1.502,,,
2018/07/02,1.5,,1.5,1.5,1.5,8307,41,121.755732,1.9972,2.09,2.195,1.4995,1.4995,1.5015,,,
2018/07/03,1.5,,1.5,1.5,1.5,4827,35,121.760735,2.0081,2.1032,2.2107,1.4995,1.4995,1.502,,,
2018/07/04,1.5,,1.5,1.5,1.5,4921,35,121.765739,1.99,2.0882,2.1948,1.4995,1.4995,1.502,,,
2018/07/05,1.5,,1.5,1.5,1.5,5864,46,121.770743,1.98,2.06,2.1825,1.4995,1.4995,1.502,,,
2018/07/06,1.5,,1.5,1.5,1.5,3871,38,121.775748,1.99,2.07,2.1937,1.4995,1.4995,1.502,,,
2018/07/09,1.5,,1.5,1.5,1.5,3568,25,121.790761,2.0066,2.0805,2.2109,1.4995,1.4995,1.502,,,
2018/07/10,1.5,,1.5,1.5,1.5,4255,31,121.795766,1.9842,2.0675,2.2103,1.4995,1.4995,1.5015,,,
2018/07/11,1.5,,1.5,1.5,1.5,3107,34,121.800772,1.9685,2.0421,2.1962,1.4995,1.4995,1.5015,,,
2018/07/12,1.5,,1.5,1.5,1.5,5239,41,121.805777,1.9544,2.02,2.17,1.4995,1.5,1.5025,,,
2018/07/13,1.5,,1.5,1.5,1.5,3762,30,121.810783,1.9769,2.042,2.1974,1.4995,1.4995,1.5015,,,
2018/07/16,1.5,,1.5,1.5,1.5,3812,26,121.825801,1.955,2.0232,2.1828,1.4995,1.4995,1.5005,,,
2018/07/17,1.5,,1.5,1.5,1.5,3978,35,121.830807,1.9469,2.0199,2.1919,1.4995,1.4995,1.5005,,,
2018/07/18,1.5,,1.5,1.5,1.5,4562.00616438,37,121.835814,1.93,2,2.1675,1.4995,1.4995,1.5005,,,
2018/07/19,1.5,,1.5,1.5,1.5,4330,36,121.840821,1.94,2.01,2.1788,1.4995,1.4995,1.502,,,
2018/07/20,1.5,,1.5,1.5,1.5,5131,39,121.845828,1.925,1.991,2.1689,1.4995,1.499,1.5045,,,
2018/07/23,1.5,,1.5,1.5,1.5,3838,39,121.86085,1.9195,1.985,2.1657,1.4995,1.4995,1.5035,,,
2018/07/24,1.5,,1.5,1.5,1.5,5638,40,121.865858,1.885,1.9682,2.1498,1.4995,1.5005,1.5045,,,
2018/07/25,1.5,,1.5,1.5,1.5,4285,29,121.870866,1.8679,1.956,2.1355,1.5,1.5,1.505,,,
2018/07/26,1.5,,1.5,1.5,1.5,3553,28,121.875875,1.865,1.955,2.13,1.499,1.501,1.506,,,
2018/07/27,1.5,,1.5,1.5,1.5,3243,35,121.880883,1.87,1.965,2.145,1.5,1.5,1.504,,,
2018/07/30,1.5,,1.5,1.5,1.5,4414,44,121.89591,1.885,1.972,2.161,1.5,1.5,1.5055,,,
2018/07/31,1.5,,1.5,1.5,1.5,4506,35,121.900919,1.885,1.9745,2.1587,1.5,1.5,1.504,,,
2018/08/01,1.5,,1.5,1.5,1.5,5060,34,121.905929,1.8766,1.962,2.1512,1.5,1.5005,1.505,,,
2018/08/02,1.5,,1.5,1.5,1.5,4304,31,121.910938,1.895,1.9859,2.17,1.5,1.501,1.504,,,
2018/08/03,1.5,,1.5,1.5,1.5,4050,24,121.915948,1.8982,1.9786,2.165,1.5,1.5,1.505,,,
2018/08/06,1.5,,1.5,1.5,1.5,4428,28,121.930979,,,,1.5,1.5,1.505,,,
2018/08/07,1.5,,1.5,1.5,1.5,4284,33,121.93599,1.89,1.9664,2.1642,1.5,1.499,1.505,,,
2018/08/08,1.5,,1.5,1.5,1.5,3688,26,121.941001,1.8931,1.9623,2.165,1.4995,1.5,1.504,,,
2018/08/09,1.5,,1.5,1.5,1.5,3758,33,121.946012,1.8863,1.9672,2.165,1.5,1.5,1.504,,,
2018/08/10,1.5,,1.5,1.5,1.5,4468,33,121.951024,1.89,1.97,2.1714,1.5,1.5,1.505,,,
2018/08/13,1.5,,1.5,1.5,1.5,3901,31,121.966059,1.8874,1.96,2.163,1.5,1.5,1.504,,,
2018/08/14,1.5,,1.5,1.5,1.5,3717.7,37,121.971071,1.875,1.945,2.135,1.5,1.5,1.504,,,
2018/08/15,1.5,,1.5,1.5,1.5,3995,30,121.976084,1.8847,1.9521,2.1379,1.5,1.5,1.504,,,
2018/08/16,1.5,,1.5,1.5,1.5,3829,28,121.981096,1.8798,1.955,2.1392,1.5,1.501,1.506,,,
2018/08/17,1.5,,1.5,1.5,1.5,3692,34,121.986109,1.8524,1.94,2.13,1.5,1.5,1.5035,,,
2018/08/20,1.5,,1.5,1.5,1.5,4564,35,122.001149,1.8549,1.965,2.1501,1.5,1.5,1.503,,,
2018/08/21,1.5,,1.5,1.5,1.5,2846,27,122.006163,1.8626,1.9575,2.1546,1.5,1.5,1.504,,,
2018/08/22,1.5,,1.5,1.5,1.5,4065,35,122.011176,1.86,1.955,2.16,1.5,1.5,1.504,,,
2018/08/23,1.5,,1.5,1.5,1.5,4095,27,122.016191,1.85,1.9472,2.148,1.5,1.5,1.5015,,,
2018/08/24,1.5,,1.5,1.5,1.5,4688,32,122.021205,1.86,1.9542,2.15,1.5,1.5,1.5015,,,
2018/08/27,1.5,,1.5,1.5,1.5,6156,35,122.036249,1.87,1.9637,2.155,1.5,1.5,1.503,,,
2018/08/28,1.5,,1.5,1.5,1.5,4449,35,122.041264,1.8608,1.955,2.1503,1.5,1.499,1.503,,,
2018/08/29,1.5,,1.5,1.5,1.5,5548,44,122.046279,1.8665,1.955,2.15,1.499,1.501,1.499,,,
2018/08/30,1.5,,1.5,1.5,1.5,2993,23,122.051295,1.8724,1.9619,2.16,1.4995,1.4995,1.5015,,,
2018/08/31,1.5,,1.5,1.5,1.5,4721,36,122.056311,1.8596,1.945,2.14,1.4995,1.4995,1.5015,,,
2018/09/03,1.5,,1.5,1.5,1.5,5817,44,122.071359,1.855,1.9484,2.14,1.4995,1.4995,1.5005,,,
2018/09/04,1.5,,1.5,1.5,1.5,4955,27,122.076375,1.8646,1.949,2.143,1.4995,1.499,1.501,,,
2018/09/05,1.5,,1.5,1.5,1.5,3954,39,122.081392,1.8488,1.9367,2.1359,1.4995,1.4995,1.501,,,
2018/09/06,1.5,,1.5,1.5,1.5,4316,33,122.086409,1.855,1.9494,2.1372,1.4995,1.4995,1.5015,,,
2018/09/07,1.5,,1.5,1.5,1.5,4949,27,122.091427,1.8387,1.9207,2.1114,1.4995,1.4995,1.502,,,
2018/09/10,1.5,,1.5,1.5,1.5,3638,20,122.106479,1.84,1.9318,2.1119,1.4995,1.4995,1.502,,,
2018/09/11,1.5,,1.5,1.5,1.5,3701,34,122.111497,1.8493,1.9305,2.1148,1.5,1.501,1.5015,,,
2018/09/12,1.5,,1.5,1.5,1.5,4016,36,122.116515,1.85,1.9439,2.1215,1.4995,1.499,1.5015,,,
2018/09/13,1.5,,1.5,1.5,1.5,3972,40,122.121534,1.8544,1.9367,2.1159,1.4995,1.4995,1.5015,,,
2018/09/14,1.5,,1.5,1.5,1.5,5665,39,122.126552,1.835,1.9159,2.1,1.499,1.499,1.5015,,,
2018/09/17,1.5,,1.5,1.5,1.5,3369,33,122.141609,1.845,1.9334,2.114,1.5,1.5,1.5015,,,
2018/09/18,1.5,,1.5,1.5,1.5,4069,31,122.146629,1.8582,1.9414,2.1278,1.4995,1.4995,1.5035,,,
2018/09/19,1.5,,1.5,1.5,1.5,4972,31,122.151648,1.84,1.932,2.1219,1.5,1.501,1.506,,,
2018/09/20,1.5,,1.5,1.5,1.5,3280,29,122.156668,1.83,1.91,2.1115,1.5,1.501,1.506,,,
2018/09/21,1.5,,1.5,1.5,1.5,3129,32,122.161688,1.8496,1.925,2.1233,1.499,1.501,1.507,,,
2018/09/24,1.5,,1.5,1.5,1.5,3770,38,122.176749,1.85,1.935,2.13,1.499,1.4995,1.504,,,
2018/09/25,1.5,,1.5,1.5,1.5,5618,45,122.18177,1.86,1.9435,2.1386,1.499,1.499,1.504,,,
2018/09/26,1.5,,1.5,1.5,1.5,5337,30,122.186792,1.8499,1.9215,2.1149,1.499,1.499,1.504,,,
2018/09/27,1.5,,1.5,1.5,1.5,3449,29,122.191813,1.8722,1.9478,2.1338,1.499,1.499,1.504,,,
2018/09/28,1.5,,1.5,1.5,1.5,4857,25,122.196835,1.8781,1.94,2.1365,1.499,1.499,1.504,,,
2018/10/01,1.5,,1.5,1.5,1.5,4785,38,122.2119,,,,1.499,1.499,1.504,,,
2018/10/02,1.5,,1.5,1.5,1.5,7992,44,122.216922,1.85,1.9161,2.1015,1.499,1.499,1.504,,,
2018/10/03,1.5,,1.5,1.5,1.5,4625,32,122.221945,1.8723,1.935,2.1158,1.4995,1.4995,1.504,,,
2018/10/04,1.5,,1.5,1.5,1.5,4462,31,122.226968,1.865,1.935,2.1131,1.4995,1.4995,1.507,,,
2018/10/05,1.5,,1.5,1.5,1.5,4209,35,122.231991,1.8544,1.9147,2.0954,1.4995,1.4995,1.504,,,
2018/10/08,1.5,,1.5,1.5,1.5,4156,35,122.24706,1.8741,1.9395,2.1097,1.4995,1.4995,1.504,,,
2018/10/09,1.5,,1.5,1.5,1.5,3614,36,122.252084,1.87,1.9359,2.1162,1.4995,1.4995,1.504,,,
2018/10/10,1.5,,1.5,1.5,1.5,2981,30,122.257108,1.86,1.9299,2.1034,1.4995,1.4995,1.504,,,
2018/10/11,1.5,,1.5,1.5,1.5,2763,30,122.262133,1.86,1.94,2.1022,1.4995,1.4995,1.504,,,
2018/10/12,1.5,,1.5,1.5,1.5,4434,40,122.267157,1.8304,1.938,2.1045,1.5,1.501,1.507,,,
2018/10/15,1.5,,1.5,1.5,1.5,4556,37,122.282231,1.86,1.95,2.1111,1.4995,1.5,1.504,,,
2018/10/16,1.5,,1.5,1.5,1.5,2767,25,122.287256,1.85,1.9349,2.1027,1.5,1.5,1.504,,,
2018/10/17,1.5,,1.5,1.5,1.5,2493,30,122.292282,1.85,1.93,2.0966,1.5,1.5,1.504,,,
2018/10/18,1.5,,1.5,1.5,1.5,3560,34,122.297308,1.86,1.9427,2.0974,1.5,1.5,1.5065,,,
2018/10/19,1.5,,1.5,1.5,1.5,3806,37,122.302334,1.85,1.9312,2.095,1.5,1.501,1.507,,,
2018/10/22,1.5,,1.5,1.5,1.5,3402,30,122.317412,1.85,1.93,2.09,1.5,1.5,1.504,,,
2018/10/23,1.5,,1.5,1.5,1.5,2443,31,122.322439,1.8498,1.9256,2.0865,1.5,1.5,1.504,,,
2018/10/24,1.5,,1.5,1.5,1.5,3687,28,122.3274656,1.845,1.9234,2.0838,1.5,1.5,1.504,,,
2018/10/25,1.5,,1.5,1.5,1.5,3819,38,122.332493,1.8516,1.92,2.0738,1.5,1.5,1.5055,,,
2018/10/26,1.5,,1.5,1.5,1.5,3289,28,122.33752,1.845,1.9211,2.0731,1.5,1.5,1.5055,,,
2018/10/29,1.5,,1.5,1.5,1.5,2681,22,122.352603,1.8374,1.905,2.0594,1.5,1.5,1.5045,,,
2018/10/30,1.5,,1.5,1.5,1.5,4739,34,122.357631,1.85,1.915,2.07,1.5,1.5,1.5045,,,
2018/10/31,1.5,,1.5,1.5,1.5,4349,31,122.362659,1.85,1.91,2.07,1.499,1.499,1.5025,,,
2018/11/01,1.5,,1.5,1.5,1.5,3220,28,122.367688,1.86,1.92,2.0768,1.499,1.499,1.5025,,,
2018/11/02,1.5,,1.5,1.5,1.5,2884,31,122.372717,1.8675,1.9259,2.095,1.499,1.499,1.503,,,
2018/11/05,1.5,,1.5,1.5,1.5,4737,37,122.387804,1.875,1.94,2.1137,1.499,1.499,1.5035,,,
2018/11/06,1.5,,1.5,1.5,1.5,4501,39,122.392834,1.865,1.9409,2.1065,1.4995,1.4995,1.5045,,,
2018/11/07,1.5,,1.5,1.5,1.5,3708,33,122.397863,1.87,1.94,2.1074,1.4995,1.5,1.5045,,,
2018/11/08,1.5,,1.5,1.5,1.5,3563,34,122.402893,1.8702,1.9411,2.103,1.5,1.5,1.5045,,,
2018/11/09,1.5,,1.5,1.5,1.5,3859,33,122.407924,1.8601,1.9307,2.0997,1.5,1.5,1.5045,,,
2018/11/12,1.5,,1.5,1.5,1.5,4143,35,122.423015,1.87,1.9419,2.1073,1.5,1.502,1.508,,,
2018/11/13,1.5,,1.5,1.5,1.5,2676,33,122.428046,1.8794,1.9453,2.105,1.5,1.5,1.5065,,,
2018/11/14,1.5,,1.5,1.5,1.5,2514,33,122.433077,1.87,1.94,2.1063,1.5,1.5005,1.5065,,,
2018/11/15,1.5,,1.5,1.5,1.5,5181,40,122.438109,1.8583,1.94,2.1085,1.5,1.5005,1.5065,,,
2018/11/16,1.5,,1.5,1.5,1.5,3577,33,122.443141,1.8355,1.941,2.1162,1.5,1.5,1.5065,,,
2018/11/19,1.5,,1.5,1.5,1.5,5116,36,122.458236,1.865,1.94,2.113,1.5,1.5005,1.507,,,
2018/11/20,1.5,,1.5,1.5,1.5,4738,41,122.463269,1.8604,1.94,2.1155,1.5,1.5,1.5065,,,
2018/11/21,1.5,,1.5,1.5,1.5,4648,39,122.468302,1.8693,1.94,2.1144,1.499,1.502,1.5055,,,
2018/11/22,1.5,,1.5,1.5,1.5,5165,42,122.473335,1.85,1.9332,2.1099,1.499,1.502,1.5055,,,
2018/11/23,1.5,,1.5,1.5,1.5,4932,43,122.478368,1.865,1.94,2.1179,1.499,1.502,1.5055,,,
2018/11/26,1.5,,1.5,1.5,1.5,4674,37,122.493468,1.863,1.9441,2.1167,1.499,1.502,1.5055,,,
2018/11/27,1.5,,1.5,1.5,1.5,4067,35,122.498502,1.8658,1.9497,2.1221,1.5,1.5,1.505,,,
2018/11/28,1.5,,1.5,1.5,1.5,3057,26,122.503536,1.8575,1.945,2.1237,1.5,1.5,1.505,,,
2018/11/29,1.5,,1.5,1.5,1.5,3418,35,122.50857,1.865,1.95,2.1244,1.5,1.5,1.5035,,,
2018/11/30,1.5,,1.5,1.5,1.5,2853,27,122.513605,1.8681,1.94,2.12,1.5,1.5,1.5035,,,
2018/12/03,1.5,,1.5,1.5,1.5,4611,37,122.528709,1.88,1.955,2.138,1.5,1.5,1.504,,,
2018/12/04,1.5,,1.5,1.5,1.5,4127,35,122.533745,1.8885,1.9668,2.1361,1.5,1.5,1.504,,,
2018/12/05,1.5,,1.5,1.5,1.5,3906,27,122.53878,1.895,1.98,2.145,1.501,1.501,1.503,,,
2018/12/06,1.5,,1.5,1.5,1.5,3012,35,122.543816,1.89,1.98,2.1408,1.495,1.4945,1.495,,,
2018/12/07,1.5,,1.5,1.5,1.5,4376,34,122.548852,1.9,1.985,2.1431,1.4975,1.4975,1.4975,,,
2018/12/10,1.5,,1.5,1.5,1.5,5116,33,122.563961,1.895,1.9854,2.1443,1.4975,1.4975,1.493,,,
2018/12/11,1.5,,1.5,1.5,1.5,4115,33,122.568998,1.9114,1.9984,2.1577,1.4975,1.4975,1.495,,,
2018/12/12,1.5,,1.5,1.5,1.5,3853,30,122.574035,1.905,2,2.1489,1.5,1.501,1.498,,,
2018/12/13,1.5,,1.5,1.5,1.5,3902,36,122.579072,1.8903,1.9898,2.1517,1.495,1.495,1.495,,,
2018/12/14,1.5,,1.5,1.5,1.5,3570,31,122.58411,1.9128,2.0166,2.1757,1.495,1.495,1.495,,,
2018/12/17,1.5,,1.5,1.5,1.5,3294,41,122.599223,1.9433,2.02,2.1857,1.5,1.498,1.495,,,
2018/12/18,1.5,,1.5,1.5,1.5,3343,34,122.604261,1.9527,2.0327,2.1883,1.5,1.498,1.495,,,
2018/12/19,1.5,,1.5,1.5,1.5,3172,33,122.6093,1.9559,2.0316,2.175,1.5,1.497,1.495,,,
2018/12/20,1.5,,1.5,1.5,1.5,5097,41,122.614339,1.9954,2.0626,2.1884,1.5,1.498,1.495,,,
2018/12/21,1.5,,1.5,1.5,1.5,3774,30,122.619377,2.0235,2.0696,2.1993,1.495,1.4935,1.492,,,
2018/12/24,1.5,,1.5,1.5,1.5,5425,39,122.634495,2.025,2.08,2.2082,1.495,1.494,1.488,,,
2018/12/27,1.5,,1.5,1.5,1.5,3594,30,122.649614,2.0222,2.0771,2.2067,1.495,1.493,1.489,,,
2018/12/28,1.5,,1.5,1.5,1.5,6464,39,122.654655,2.0455,2.093,2.221,1.495,1.495,1.488,,,
2018/12/31,1.5,,1.5,1.5,1.5,4861,37,122.669776,2.045,2.09,2.2242,1.495,1.493,1.49,,,
2019/01/02,1.5,,1.5,1.5,1.5,4847,31,122.6798589,2.0334,2.0725,2.2072,1.495,1.4945,1.488,,,
2019/01/03,1.5,,1.5,1.5,1.5,3409,32,122.684901,2.0459,2.0902,2.2269,1.495,1.4945,1.483,,,
2019/01/04,1.5,,1.5,1.5,1.5,3042,26,122.689942,2.02,2.075,2.1926,1.495,1.49,1.48,,,
2019/01/07,1.5,,1.5,1.5,1.5,2495,28,122.705069,2.0131,2.06,2.1835,1.495,1.4925,1.479,,,
2019/01/08,1.5,,1.5,1.5,1.5,3418,36,122.710111,2.0191,2.0685,2.189,1.495,1.4925,1.484,,,
2019/01/09,1.5,,1.5,1.5,1.5,3459,32,122.715154,2.0083,2.05,2.1768,1.5,1.494,1.484,,,
2019/01/10,1.5,,1.5,1.5,1.5,3239,33,122.720197,2.02,2.0757,2.1944,1.5,1.494,1.484,,,
2019/01/11,1.5,,1.5,1.5,1.5,3508,43,122.725241,1.995,2.05,2.17,1.5,1.494,1.484,,,
2019/01/14,1.5,,1.5,1.5,1.5,2686,34,122.740371,2.005,2.0627,2.185,1.5,1.494,1.484,,,
2019/01/15,1.5,,1.5,1.5,1.5,2911,31,122.745415,1.9206,2.0747,2.1921,1.5,1.494,1.484,,,
2019/01/16,1.5,,1.5,1.5,1.5,2912,29,122.750459,2.009,2.0648,2.1833,1.5,1.494,1.484,,,
2019/01/17,1.5,,1.5,1.5,1.5,3211,43,122.755504,2.015,2.0713,2.1925,1.5,1.494,1.484,,,
2019/01/18,1.5,,1.5,1.5,1.5,3298,27,122.760549,2.01,2.0625,2.183,1.5,1.494,1.484,,,
2019/01/21,1.5,,1.5,1.5,1.5,2653,33,122.775684,2.025,2.0838,2.2,1.495,1.4865,1.473,,,
2019/01/22,1.5,,1.5,1.5,1.5,3765,33,122.780729,2.0251,2.0818,2.1926,1.495,1.4875,1.4715,,,
2019/01/23,1.5,,1.5,1.5,1.5,3274,23,122.785775,2.015,2.0854,2.1905,1.495,1.4875,1.47,,,
2019/01/24,1.5,,1.5,1.5,1.5,3612,30,122.790821,2.0133,2.0711,2.1823,1.494,1.4905,1.475,,,
2019/01/25,1.5,,1.5,1.5,1.5,2157,32,122.795867,2.015,2.0695,2.1819,1.493,1.4895,1.47,,,
2019/01/29,1.5,,1.5,1.5,1.5,4739,42,122.816053,2.015,2.0742,2.19,1.493,1.485,1.465,,,
2019/01/30,1.5,,1.5,1.5,1.5,3321,31,122.8211,2.025,2.0824,2.1979,1.494,1.4945,1.48,,,
2019/01/31,1.5,,1.5,1.5,1.5,3607,33,122.826147,2.0227,2.0758,2.1972,1.495,1.494,1.483,,,
2019/02/01,1.5,,1.5,1.5,1.5,3556,35,122.831195,2.005,2.04,2.163,1.498,1.495,1.481,,,
2019/02/04,1.5,,1.5,1.5,1.5,3305,36,122.846339,2.02,2.05,2.1715,1.498,1.495,1.479,,,
2019/02/05,1.5,,1.5,1.5,1.5,3378,35,122.851387,2,2.0282,2.1492,1.495,1.494,1.48,,,
2019/02/06,1.5,,1.5,1.5,1.5,3093,31,122.856436,1.9995,2.01,2.1376,1.495,1.49,1.4615,,,
2019/02/07,1.5,,1.5,1.5,1.5,3694,31,122.861485,2.0094,2.0183,2.1397,1.5,1.489,1.464,,,
2019/02/08,1.5,,1.5,1.5,1.5,3094,34,122.866534,1.975,1.9954,2.116,1.495,1.4825,1.458,,,
2019/02/11,1.5,,1.5,1.5,1.5,3687,31,122.881682,1.985,2.0036,2.11,1.495,1.4875,1.465,,,
2019/02/12,1.5,,1.5,1.5,1.5,4471,46,122.886732,1.985,2,2.1107,1.495,1.4865,1.4665,,,
2019/02/13,1.5,,1.5,1.5,1.5,2474,33,122.891782,1.9822,1.995,2.1145,1.495,1.4865,1.47,,,
2019/02/14,1.5,,1.5,1.5,1.5,3369,39,122.896832,1.9697,1.99,2.115,1.495,1.4875,1.47,,,
2019/02/15,1.5,,1.5,1.5,1.5,3654,31,122.901883,1.9452,1.9709,2.1018,1.495,1.485,1.46,,,
2019/02/18,1.5,,1.5,1.5,1.5,2970,27,122.917035,1.9254,1.95,2.085,1.495,1.484,1.464,,,
2019/02/19,1.5,,1.5,1.5,1.5,3764,32,122.922086,1.9,1.9296,2.0539,1.497,1.486,1.464,,,
2019/02/20,1.5,,1.5,1.5,1.5,3080,27,122.927138,1.8854,1.91,2.0401,1.495,1.4855,1.458,,,
2019/02/21,1.5,,1.5,1.5,1.5,3653,28,122.93219,1.88,1.9094,2.0303,1.495,1.4855,1.455,,,
2019/02/22,1.5,,1.5,1.5,1.5,2879,24,122.937242,1.8601,1.8946,2.0118,1.495,1.484,1.455,,,
2019/02/25,1.5,,1.5,1.5,1.5,3433,33,122.952398,1.8552,1.8911,2.0105,1.495,1.4845,1.46,,,
2019/02/26,1.5,,1.5,1.5,1.5,10105,37,122.957451,1.8505,1.8789,1.9991,1.495,1.485,1.46,,,
2019/02/27,1.5,,1.5,1.5,1.5,3482,36,122.962504,1.8419,1.87,1.9941,1.495,1.4825,1.454,,,
2019/02/28,1.5,,1.5,1.5,1.5,2881,30,122.967558,1.8407,1.8691,1.995,1.495,1.48,1.45,,,
2019/03/01,1.5,,1.5,1.5,1.5,4271,35,122.972611,1.8318,1.8606,1.9818,1.495,1.48,1.449,,,
2019/03/04,1.5,,1.5,1.5,1.5,4627,28,122.987772,1.8336,1.8809,1.99,1.495,1.48,1.445,,,
2019/03/05,1.5,,1.5,1.5,1.5,3471,31,122.992826,1.84,1.8738,1.9863,1.495,1.474,1.438,,,
2019/03/06,1.5,,1.5,1.5,1.5,3763,33,122.997881,1.813,1.84,1.9561,1.495,1.47,1.41,,,
2019/03/07,1.5,,1.5,1.5,1.5,3704,29,123.002936,1.86,1.8733,1.9729,1.495,1.469,1.41,,,
2019/03/08,1.5,,1.5,1.5,1.5,3683,33,123.00799,1.8392,1.84,1.94,1.493,1.46,1.393,,,
2019/03/11,1.5,,1.5,1.5,1.5,3018,31,123.023156,1.86,1.87,1.9652,1.493,1.458,1.393,,,
2019/03/12,1.5,,1.5,1.5,1.5,2929,31,123.028212,1.845,1.8594,1.9422,1.495,1.464,1.395,,,
2019/03/13,1.5,,1.5,1.5,1.5,3646,40,123.033268,1.8338,1.8471,1.9277,1.49,1.4515,1.375,,,
2019/03/14,1.5,,1.5,1.5,1.5,3561,41,123.038324,1.819,1.82,1.909,1.49,1.4415,1.368,,,
2019/03/15,1.5,,1.5,1.5,1.5,4041,40,123.04338,1.845,1.8439,1.9241,1.49,1.4475,1.368,,,
2019/03/18,1.5,,1.5,1.5,1.5,4688,39,123.05855,1.8411,1.835,1.9141,1.488,1.448,1.37,,,
2019/03/19,1.5,,1.5,1.5,1.5,2814,31,123.063607,1.8278,1.8131,1.8907,1.485,1.449,1.373,,,
2019/03/20,1.5,,1.5,1.5,1.5,3084,34,123.068664,1.8307,1.82,1.88,1.485,1.4475,1.365,,,
2019/03/21,1.5,,1.5,1.5,1.5,4213,29,123.073722,1.8432,1.8287,1.8929,1.495,1.47,1.4,,,
2019/03/22,1.5,,1.5,1.5,1.5,3056,30,123.07878,1.815,1.81,1.8768,1.495,1.4715,1.395,,,
2019/03/25,1.5,,1.5,1.5,1.5,3410,25,123.093954,1.806,1.8,1.8598,1.495,1.468,1.385,,,
2019/03/26,1.5,,1.5,1.5,1.5,2982,29,123.099013,1.835,1.8254,1.8874,1.495,1.468,1.398,,,
2019/03/27,1.5,,1.5,1.5,1.5,2926,30,123.104071,1.7723,1.76,1.83,1.495,1.448,1.36,,,
2019/03/28,1.5,,1.5,1.5,1.48,4062,29,123.109131,1.8057,1.775,1.8384,1.49,1.445,1.358,,,
2019/03/29,1.5,,1.5,1.5,1.5,9707,40,123.11419,1.8065,1.7805,1.845,1.493,1.445,1.365,,,
2019/04/01,1.5,,1.5,1.5,1.5,4843,38,123.129368,1.7896,1.7765,1.8427,1.493,1.455,1.375,,,
2019/04/02,1.5,,1.5,1.5,1.5,3372,35,123.134428,1.733,1.7273,1.7969,1.495,1.445,1.353,,,
2019/04/03,1.5,,1.5,1.5,1.5,3543,36,123.139489,1.795,1.785,1.8455,1.495,1.448,1.36,,,
2019/04/04,1.5,,1.5,1.5,1.5,3029,29,123.144549,1.7453,1.73,1.803,1.5005,1.448,1.36,,,
2019/04/05,1.5,,1.5,1.5,1.5,4320,36,123.14961,1.74,1.7299,1.7986,1.501,1.445,1.368,,,
2019/04/08,1.5,,1.5,1.5,1.5,5032,33,123.164793,1.722,1.7134,1.7719,1.495,1.44,1.362,,,
2019/04/09,1.5,,1.5,1.5,1.5,3394,30,123.169854,1.724,1.7222,1.7848,1.495,1.443,1.368,,,
2019/04/10,1.5,,1.5,1.5,1.5,4935,39,123.174916,1.7341,1.7122,1.7907,1.495,1.453,1.38,,,
2019/04/11,1.5,,1.5,1.5,1.5,3524,29,123.179978,1.7093,1.7037,1.777,1.495,1.455,1.383,,,
2019/04/12,1.5,,1.5,1.5,1.5,3724,33,123.18504,1.695,1.69,1.7731,1.49,1.4515,1.385,,,
2019/04/15,1.5,,1.5,1.5,1.5,4513,42,123.200228,1.6958,1.6948,1.7724,1.493,1.455,1.39,,,
2019/04/16,1.5,,1.5,1.5,1.5,2471,28,123.205291,1.6923,1.6805,1.7614,1.49,1.443,1.375,,,
2019/04/17,1.5,,1.5,1.5,1.5,4901,35,123.210354,1.69,1.6823,1.76,1.488,1.443,1.373,,,
2019/04/18,1.5,,1.5,1.5,1.5,5546,40,123.215417,1.7055,1.6969,1.7656,1.49,1.45,1.375,,,
2019/04/23,1.5,,1.5,1.5,1.5,4006,34,123.240735,1.6773,1.6762,1.746,1.485,1.448,1.37,,,
2019/04/24,1.5,,1.5,1.5,1.5,4689,32,123.2458,1.5,1.4975,1.5677,1.4,1.305,1.215,,,
2019/04/26,1.5,,1.5,1.5,1.5,4824,38,123.25593,1.6023,1.5578,1.6129,1.413,1.325,1.23,,,
2019/04/29,1.5,,1.5,1.5,1.5,2837,25,123.271126,1.61,1.57,1.6242,1.418,1.327,1.23,,,
2019/04/30,1.5,,1.5,1.5,1.5,3581,29,123.276192,1.5996,1.5633,1.6179,1.41,1.325,1.225,,,
2019/05/01,1.5,,1.5,1.5,1.5,2763,23,123.281258,1.5986,1.565,1.606,1.405,1.325,1.225,,,
2019/05/02,1.5,,1.5,1.5,1.5,2614,25,123.286324,1.6,1.56,1.6108,1.405,1.325,1.23,,,
2019/05/03,1.5,,1.5,1.5,1.5,4487,38,123.291391,1.57,1.55,1.595,1.388,1.318,1.22,,,
2019/05/06,1.5,,1.5,1.5,1.5,4931,34,123.306591,1.56,1.5391,1.5784,1.365,1.308,1.204,,,
2019/05/07,1.5,,1.5,1.5,1.5,3428,33,123.311659,1.7,1.675,1.7181,1.493,1.439,1.345,,,
2019/05/08,1.5,,1.5,1.5,1.5,2914,28,123.316726,1.6766,1.6531,1.6842,1.49,1.427,1.325,,,
2019/05/09,1.5,,1.5,1.5,1.5,2862,30,123.321794,1.6731,1.65,1.6758,1.489,1.413,1.3105,,,
2019/05/10,1.5,,1.5,1.5,1.5,2383,31,123.326862,1.67,1.6482,1.6686,1.488,1.413,1.3105,,,
2019/05/13,1.5,,1.5,1.5,1.5,3749,33,123.342067,1.6687,1.64,1.67,1.477,1.39,1.285,,,
2019/05/14,1.5,,1.5,1.5,1.5,2016,20,123.347136,1.645,1.62,1.6383,1.467,1.37,1.258,,,
2019/05/15,1.5,,1.5,1.5,1.5,2812,26,123.352205,1.6463,1.6384,1.64,1.463,1.3615,1.248,,,
2019/05/16,1.5,,1.5,1.5,1.5,3653,28,123.357274,1.5874,1.575,1.5767,1.44,1.3215,1.205,,,
2019/05/17,1.5,,1.5,1.5,1.5,3862,28,123.362343,1.58,1.5603,1.56,1.404,1.285,1.168,,,
2019/05/20,1.5,,1.5,1.5,1.5,3426,24,123.377552,1.59,1.57,1.57,1.415,1.313,1.215,,,
2019/05/21,1.5,,1.5,1.5,1.5,2495,23,123.382623,1.48,1.4766,1.4739,1.37,1.26,1.16,,,
2019/05/22,1.5,,1.5,1.5,1.5,3590,29,123.387693,1.48,1.48,1.4701,1.363,1.24,1.135,,,
2019/05/23,1.5,,1.5,1.5,1.5,3086,30,123.392764,1.495,1.485,1.4725,1.354,1.215,1.115,,,
2019/05/24,1.5,,1.5,1.5,1.5,4401,29,123.397835,1.455,1.4328,1.4338,1.323,1.1915,1.0825,,,
2019/05/27,1.5,,1.5,1.5,1.5,3775,31,123.413048,1.45,1.4342,1.435,1.32,1.2,1.095,,,
2019/05/28,1.5,,1.5,1.5,1.5,3229,27,123.41812,1.445,1.4408,1.4395,1.308,1.185,1.085,,,
2019/05/29,1.5,,1.5,1.5,1.5,4122,25,123.423192,1.435,1.4241,1.4181,1.303,1.173,1.071,,,
2019/05/30,1.5,,1.5,1.5,1.5,2813,26,123.428264,1.42,1.425,1.415,1.295,1.18,1.083,,,
2019/05/31,1.5,,1.5,1.5,1.5,3428,38,123.433337,1.41,1.415,1.4136,1.25,1.155,1.065,,,
2019/06/03,1.5,,1.5,1.5,1.5,4908,32,123.448554,1.3997,1.4,1.3985,1.243,1.145,1.055,,,
2019/06/04,1.5,,1.5,1.5,1.5,3757,33,123.453628,1.395,1.4004,1.4002,1.245,1.15,1.06,,,
2019/06/05,1.25,-0.25,1.25,1.25,1.25,4935,40,123.458701,1.385,1.39,1.39,1.235,1.15,1.055,,,
2019/06/06,1.25,,1.25,1.25,1.25,3435,37,123.462929,1.365,1.3661,1.3669,1.228,1.108,1.008,,,
2019/06/07,1.25,,1.25,1.25,1.25,3935,41,123.467157,1.3883,1.3788,1.3758,1.213,1.098,1,,,
2019/06/11,1.25,,1.25,1.25,1.25,3305,40,123.484071,1.3577,1.3563,1.3571,1.21,1.104,1.0005,,,
2019/06/12,1.25,,1.25,1.25,1.25,4466,39,123.4883,1.3723,1.3541,1.355,1.2,1.098,1.0005,,,
2019/06/13,1.25,,1.25,1.25,1.25,4229,29,123.492529,1.3,1.2959,1.2842,1.175,1.049,0.945,,,
2019/06/14,1.25,,1.25,1.25,1.25,3669,39,123.496758,1.32,1.3025,1.3015,1.178,1.06,0.955,,,
2019/06/17,1.25,,1.25,1.25,1.25,4377,31,123.509446,1.3107,1.3004,1.2889,1.19,1.083,0.975,,,
2019/06/18,1.25,,1.25,1.25,1.25,2779,30,123.513676,1.275,1.2673,1.2708,1.183,1.08,0.975,,,
2019/06/19,1.25,,1.25,1.25,1.25,3938,39,123.517906,1.275,1.261,1.2674,1.173,1.0705,0.97,,,
2019/06/20,1.25,,1.25,1.25,1.25,4455,33,123.522136,1.24,1.235,1.235,1.13,1.02,0.92,,,
2019/06/21,1.25,,1.25,1.25,1.25,3443,37,123.526366,1.195,1.175,1.1761,1.103,0.994,0.892,,,
2019/06/24,1.25,,1.25,1.25,1.25,2650,27,123.539057,1.185,1.165,1.165,1.088,0.98,0.878,,,
2019/06/25,1.25,,1.25,1.25,1.25,4192,35,123.543288,1.2047,1.1807,1.182,1.085,0.98,0.875,,,
2019/06/26,1.25,,1.25,1.25,1.25,5434,39,123.547519,1.205,1.1934,1.195,1.088,0.9925,0.895,,,
2019/06/27,1.25,,1.25,1.25,1.25,3477,43,123.55175,1.225,1.2073,1.2205,1.105,1.0075,0.918,,,
2019/06/28,1.25,,1.25,1.25,1.25,3507,41,123.555981,1.22,1.2046,1.219,1.083,1,0.91,,,
2019/07/01,1.25,,1.25,1.25,1.25,4336,31,123.568675,1.195,1.19,1.215,1.06,0.9865,0.9005,,,
2019/07/02,1.25,,1.25,1.25,1.25,4365,30,123.572907,1.195,1.1966,1.2058,1.001,0.956,0.891,,,
2019/07/03,1,-0.25,1,1,1,2487,28,123.577139,1.125,1.132,1.1767,1,0.9505,0.878,,,
2019/07/04,1,,1,1,1,4744,33,123.580524,1.13,1.1365,1.1741,1.001,0.948,0.883,,,
2019/07/05,1,,1,1,1,2555,30,123.58391,1.125,1.1287,1.165,0.998,0.945,0.8815,,,
2019/07/08,1,,1,1,1,4551,31,123.594068,1.1175,1.1209,1.1598,0.998,0.955,0.89,,,
2019/07/09,1,,1,1,1,4574,28,123.597454,1.115,1.1244,1.1659,0.995,0.955,0.893,,,
2019/07/10,1,,1,1,1,3647,30,123.60084,1.135,1.1375,1.1791,0.995,0.96,0.9,,,
2019/07/11,1,,1,1,1,3701,31,123.604226,1.125,1.1269,1.16,0.993,0.95,0.885,,,
2019/07/12,1,,1,1,1,2515,32,123.607613,1.125,1.1288,1.173,0.985,0.95,0.89,,,
2019/07/15,1,,1,1,1,6082,42,123.617772,1.1291,1.125,1.169,0.988,0.95,0.888,,,
2019/07/16,1,,1,1,1,3870,36,123.621159,1.115,1.1146,1.1555,0.985,0.94,0.875,,,
2019/07/17,1,,1,1,1,3626,35,123.624546,1.125,1.12,1.16,0.983,0.938,0.8655,,,
2019/07/18,1,,1,1,1,4111,37,123.627933,1.155,1.1514,1.195,0.988,0.935,0.8555,,,
2019/07/19,1,,1,1,1,3504,35,123.63132,1.125,1.12,1.1768,0.978,0.9225,0.8455,,,
2019/07/22,1,,1,1,1,4992,37,123.641482,1.11,1.1138,1.1666,0.978,0.918,0.8375,,,
2019/07/23,1,,1,1,1,5288,32,123.644869,1.1073,1.105,1.1589,0.973,0.9175,0.8325,,,
2019/07/24,1,,1,1,1,3686,33,123.648257,1.0675,1.0579,1.1142,0.973,0.9025,0.8105,,,
2019/07/25,1,,1,1,1,3380,24,123.651644,1.045,1.04,1.08,0.968,0.8775,0.7725,,,
2019/07/26,1,,1,1,1,2689,20,123.655032,1.02,1.02,1.05,0.963,0.8755,0.7675,,,
2019/07/29,1,,1,1,1,4387,29,123.665195,1.04,1.0382,1.0691,0.955,0.8625,0.7575,,,
2019/07/30,1,,1,1,1,3555,32,123.668583,1.005,0.9916,1.02,0.945,0.8485,0.7455,,,
2019/07/31,1,,1,1,1,3749,32,123.671972,1.035,1.025,1.045,0.983,0.8905,0.7825,,,
2019/08/01,1,,1,1,1,2921,23,123.67536,1.05,1.035,1.06,0.993,0.9205,0.8175,,,
2019/08/02,1,,1,1,1,3146,18,123.678748,1.0428,1.01,1.045,0.978,0.8905,0.7825,,,
2019/08/05,1,,1,1,1,3285,23,123.688914,,,,0.978,0.8905,0.7825,,,
2019/08/06,1,,1,1,1,4591,36,123.692302,1.025,0.9886,1,0.981,0.8755,0.7505,,,
2019/08/07,1,,1,1,1,2664,37,123.695691,0.99,0.9548,0.9552,0.973,0.833,0.6955,,,
2019/08/08,1,,1,1,1,3199,33,123.69908,1.0608,0.99,0.9951,0.975,0.8375,0.7105,,,
2019/08/09,1,,1,1,1,3687,31,123.702469,1.015,0.9459,0.945,0.97,0.849,0.714,,,
2019/08/12,1,,1,1,1,6668,45,123.712636,1.0473,0.965,0.9624,0.965,0.8375,0.7065,,,
2019/08/13,1,,1,1,1,3912,34,123.716026,1.0392,0.9539,0.9471,0.955,0.8325,0.6925,,,
2019/08/14,1,,1,1,1,2623,27,123.719415,1.0318,0.9598,0.9523,0.96,0.843,0.7005,,,
2019/08/15,1,,1,1,1,3993,36,123.722805,1.07,0.985,0.9843,0.978,0.8605,0.7155,,,
2019/08/16,1,,1,1,1,3215,29,123.726195,1.045,0.965,0.9693,0.973,0.853,0.7075,,,
2019/08/19,1,,1,1,1,3952,33,123.736364,1.04,0.97,0.969,0.975,0.86,0.72,,,
2019/08/20,1,,1,1,1,4696,38,123.739754,1.0606,0.9955,0.9991,0.983,0.8805,0.7425,,,
2019/08/21,1,,1,1,1,2657,34,123.743144,1.045,0.9833,0.9892,0.985,0.88,0.7405,,,
2019/08/22,1,,1,1,1,2711,36,123.746534,1.045,0.9893,0.993,0.985,0.876,0.746,,,
2019/08/23,1,,1,1,1,4062,30,123.749925,1.035,0.9791,0.9859,0.983,0.875,0.755,,,
2019/08/26,1,,1,1,1,4952,39,123.760096,1.038,0.9642,0.9576,0.97,0.85,0.718,,,
2019/08/27,1,,1,1,1,3264,32,123.763486,1.0397,0.9651,0.9693,0.98,0.8525,0.7305,,,
2019/08/28,1,,1,1,1,3494,27,123.766877,1.0387,0.95,0.9558,0.975,0.8475,0.7205,,,
2019/08/29,1,,1,1,1,5451,37,123.770268,1.045,0.9665,0.965,0.98,0.843,0.713,,,
2019/08/30,1,,1,1,1,3740,28,123.773659,1.0591,0.9828,0.997,0.97,0.835,0.7155,,,
2019/09/02,1,,1,1,1,3938,35,123.783832,1.0642,0.97,0.995,0.963,0.825,0.705,,,
2019/09/03,1,,1,1,1,3966,33,123.787224,1.0741,0.9813,1.0041,0.99,0.855,0.733,,,
2019/09/04,1,,1,1,1,3546,32,123.790615,1.0747,0.9971,1.0129,0.978,0.8675,0.7475,,,
2019/09/05,1,,1,1,1,2906,30,123.794007,1.04,0.9873,1.0152,0.978,0.8675,0.7555,,,
2019/09/06,1,,1,1,1,4355,34,123.797398,1.0452,0.993,1.0458,0.973,0.865,0.7625,,,
2019/09/09,1,,1,1,1,5172,35,123.807573,1.0612,1.0179,1.0673,0.973,0.868,0.77,,,
2019/09/10,1,,1,1,1,3424,23,123.810965,1.037,0.9924,1.0548,0.973,0.873,0.778,,,
2019/09/11,1,,1,1,1,3388,34,123.814357,1.045,1.005,1.0822,0.9705,0.8805,0.7875,,,
2019/09/12,1,,1,1,1,3149,37,123.81775,1.055,1.02,1.1017,0.975,0.89,0.805,,,
2019/09/13,1,,1,1,1,7341,35,123.821142,1.0831,1.0507,1.1288,0.97,0.885,0.805,,,
2019/09/16,1,,1,1,1,4286,40,123.831319,1.06,1.035,1.1359,0.97,0.888,0.815,,,
2019/09/17,1,,1,1,1,3396,30,123.834712,1.03,1.0062,1.1078,0.953,0.858,0.78,,,
2019/09/18,1,,1,1,1,3853,32,123.838104,1.075,1.0117,1.1213,0.938,0.84,0.7605,,,
2019/09/19,1,,1,1,1,4017,34,123.841497,0.98,0.923,1.0224,0.878,0.7705,0.6905,,,
2019/09/20,1,,1,1,1,3063,33,123.84489,1,0.91,1.0138,0.853,0.748,0.67,,,
2019/09/23,1,,1,1,1,3670,32,123.855069,1.0078,0.925,1.0386,0.855,0.75,0.675,,,
2019/09/24,1,,1,1,1,3195,29,123.858462,1.0151,0.9291,1.0387,0.855,0.7505,0.6855,,,
2019/09/25,1,,1,1,1,4713,35,123.861856,1.02,0.94,1.0496,0.85,0.7505,0.6775,,,
2019/09/26,1,,1,1,1,2865,27,123.865249,1.0197,0.94,1.0409,0.838,0.7365,0.6705,,,
2019/09/27,1,,1,1,1,2435,32,123.868643,1.03,0.96,1.0662,0.819,0.7255,0.6605,,,
2019/09/30,1,,1,1,1,3593,39,123.878824,1.01,0.945,1.0497,0.813,0.723,0.658,,,
2019/10/01,1,,1,1,1,4381,27,123.882218,0.9425,0.875,0.9945,0.75,0.668,0.6,,,
2019/10/02,0.75,-0.25,0.75,0.75,0.75,2481,26,123.885612,0.9017,0.85,0.9645,0.748,0.653,0.58,,,
2019/10/03,0.75,,0.75,0.75,0.75,4151,27,123.888157,0.891,0.84,0.9536,0.748,0.645,0.568,,,
2019/10/04,0.75,,0.75,0.75,0.75,3895,26,123.890702959391,0.9097,0.8467,0.9587,0.743,0.638,0.56,,,
2019/10/07,0.75,,0.75,0.75,0.75,4468,26,123.89834,,,,0.743,0.638,0.56,,,
2019/10/08,0.75,,0.75,0.75,0.75,4311,35,123.900886,0.9154,0.8484,0.9548,0.733,0.635,0.558,,,
2019/10/09,0.75,,0.75,0.75,0.75,4436,37,123.903432,0.8927,0.83,0.9345,0.7325,0.6305,0.5475,,,
2019/10/10,0.75,,0.75,0.75,0.75,3984,35,123.905978,0.8815,0.83,0.9169,0.73,0.6225,0.5425,,,
2019/10/11,0.75,,0.75,0.75,0.75,3602,32,123.908524,0.9092,0.8517,0.945,0.723,0.6325,0.5655,,,
2019/10/14,0.75,,0.75,0.75,0.75,3293,38,123.916162,0.89,0.845,0.9473,0.72,0.63,0.562,,,
2019/10/15,0.75,,0.75,0.75,0.75,5663,38,123.918708,0.8941,0.8478,0.9488,0.712,0.628,0.561,,,
2019/10/16,0.75,,0.75,0.75,0.75,3799,31,123.921254,0.9048,0.8517,0.9591,0.713,0.631,0.567,,,
2019/10/17,0.75,,0.75,0.75,0.75,5750,35,123.923801,0.94,0.905,1.005,0.728,0.6625,0.591,,,
2019/10/18,0.75,,0.75,0.75,0.75,4069,26,123.926347,0.9269,0.9,1.0065,0.729,0.662,0.601,,,
2019/10/21,0.75,,0.75,0.75,0.75,4398,39,123.933986,0.92,0.905,1.0123,0.727,0.667,0.608,,,
2019/10/22,0.75,,0.75,0.75,0.75,3916,36,123.936533,0.9154,0.9,1.005,0.728,0.6715,0.6105,,,
2019/10/23,0.75,,0.75,0.75,0.75,4778,31,123.93908,0.9009,0.8907,0.9875,0.723,0.6605,0.5925,,,
2019/10/24,0.75,,0.75,0.75,0.75,5024,34,123.941626,0.9091,0.8833,0.9755,0.719,0.6625,0.5955,,,
2019/10/25,0.75,,0.75,0.75,0.75,3829,32,123.944173,0.9091,0.8833,0.9755,0.714,0.654,0.593,,,
2019/10/28,0.75,,0.75,0.75,0.75,3464,32,123.951814,0.885,0.885,0.98,0.713,0.655,0.6005,,,
2019/10/29,0.75,,0.75,0.75,0.75,2931,31,123.954361,0.93,0.9198,1.0293,0.725,0.6805,0.6325,,,
2019/10/30,0.75,,0.75,0.75,0.75,3272,33,123.956908,0.92,0.9279,1.0362,0.74,0.6925,0.6405,,,
2019/10/31,0.75,,0.75,0.75,0.75,2859,33,123.959455,0.932,0.935,1.04,0.7425,0.7105,0.6675,,,
2019/11/01,0.75,,0.75,0.75,0.75,3786,32,123.962002,0.9193,0.93,1.0284,0.735,0.703,0.655,,,
2019/11/04,0.75,,0.75,0.75,0.75,5096,33,123.969643,0.9229,0.9269,1.0308,0.733,0.7025,0.6625,,,
2019/11/05,0.75,,0.75,0.75,0.75,4845,33,123.972191,0.9446,0.9483,1.0559,0.748,0.713,0.6755,,,
2019/11/06,0.75,,0.75,0.75,0.75,3649,38,123.974738,0.94,0.95,1.055,0.745,0.713,0.6775,,,
2019/11/07,0.75,,0.75,0.75,0.75,3272,32,123.977285,0.8981,0.9233,1.0383,0.745,0.715,0.67,,,
2019/11/08,0.75,,0.75,0.75,0.75,3430,32,123.979833,0.8833,0.9245,1.0411,0.745,0.715,0.6705,,,
2019/11/11,0.75,,0.75,0.75,0.75,5338,46,123.987475,0.88,0.92,1.03,0.743,0.718,0.67,,,
2019/11/12,0.75,,0.75,0.75,0.75,2680,31,123.990023,0.8825,0.9326,1.0329,0.738,0.7105,0.6625,,,
2019/11/13,0.75,,0.75,0.75,0.75,4429,41,123.992571,0.9162,0.9511,1.046,0.74,0.718,0.668,,,
2019/11/14,0.75,,0.75,0.75,0.75,5168,33,123.995119,0.8383,0.8869,0.9838,0.725,0.683,0.6225,,,
2019/11/15,0.75,,0.75,0.75,0.75,5651,33,123.997666,0.8762,0.9244,1,0.725,0.69,0.6305,,,
2019/11/18,0.75,,0.75,0.75,0.75,4819,39,124.00531,0.855,0.9117,0.995,0.725,0.6865,0.6275,,,
2019/11/19,0.75,,0.75,0.75,0.75,3685,31,124.007858,0.815,0.8698,0.9509,0.71,0.665,0.6075,,,
2019/11/20,0.75,,0.75,0.75,0.75,3394,33,124.010406,0.8417,0.8845,0.96,0.713,0.675,0.6075,,,
2019/11/21,0.75,,0.75,0.75,0.75,2998,29,124.012954,0.835,0.88,0.969,0.71,0.673,0.61,,,
2019/11/22,0.75,,0.75,0.75,0.75,3561,31,124.015503,0.845,0.8942,0.9737,0.71,0.673,0.61,,,
2019/11/25,0.75,,0.75,0.75,0.75,5816,44,124.023147,0.84,0.8843,0.965,0.71,0.675,0.6125,,,
2019/11/26,0.75,,0.75,0.75,0.75,1712,25,124.025696,0.835,0.8796,0.96,0.713,0.673,0.6075,,,
2019/11/27,0.75,,0.75,0.75,0.75,4296,40,124.028244,0.845,0.8986,0.97,0.725,0.683,0.595,,,
2019/11/28,0.75,,0.75,0.75,0.75,4603,36,124.030793,0.8154,0.8771,0.9495,0.725,0.683,0.593,,,
2019/11/29,0.75,,0.75,0.75,0.75,4935,34,124.033341,0.8241,0.885,0.951,0.725,0.685,0.595,,,
2019/12/02,0.75,,0.75,0.75,0.75,4489,35,124.040987,0.83,0.885,0.942,0.7275,0.685,0.598,,,
2019/12/03,0.75,,0.75,0.75,0.75,5047,44,124.043536,0.8461,0.906,0.9703,0.75,0.705,0.6275,,,
2019/12/04,0.75,,0.75,0.75,0.75,3935,44,124.046085,0.825,0.8904,0.9523,0.75,0.693,0.6025,,,
2019/12/05,0.75,,0.75,0.75,0.75,5124,33,124.048634,0.82,0.8894,0.952,0.75,0.69,0.5925,,,
2019/12/06,0.75,,0.75,0.75,0.75,3601,28,124.051183,0.84,0.9024,0.9659,0.75,0.683,0.5925,,,
2019/12/09,0.75,,0.75,0.75,0.75,3929,37,124.05883,0.835,0.8911,0.956,0.75,0.685,0.5975,,,
2019/12/10,0.75,,0.75,0.75,0.75,5646,43,124.061379,0.855,0.9088,0.9763,0.75,0.684,0.593,,,
2019/12/11,0.75,,0.75,0.75,0.75,5733,40,124.063928,0.845,0.895,0.96,0.75,0.685,0.6055,,,
2019/12/12,0.75,,0.75,0.75,0.75,5356,46,124.066477,0.835,0.8881,0.9583,0.75,0.6825,0.5955,,,
2019/12/13,0.75,,0.75,0.75,0.75,4960,41,124.069027,0.845,0.906,1.0042,0.75,0.705,0.632,,,
2019/12/16,0.75,,0.75,0.75,0.75,5405,49,124.076675,0.8396,0.885,0.9758,0.75,0.695,0.6175,,,
2019/12/17,0.75,,0.75,0.75,0.75,4491,40,124.079224,0.79,0.8503,0.9423,0.75,0.6715,0.5865,,,
2019/12/18,0.75,,0.75,0.75,0.75,4526,40,124.081774,0.8523,0.8918,0.9756,0.75,0.673,0.5905,,,
2019/12/19,0.75,,0.75,0.75,0.75,3798,45,124.084324,0.8931,0.94,1.0311,0.75,0.69,0.6205,,,
2019/12/20,0.75,,0.75,0.75,0.75,4383,41,124.086873,0.86,0.9241,1.0189,0.75,0.695,0.6325,,,
2019/12/23,0.75,,0.75,0.75,0.75,4695,47,124.094522,0.8683,0.9321,1.025,0.748,0.7,0.6475,,,
2019/12/24,0.75,,0.75,0.75,0.75,3230,32,124.097072,0.85,0.9134,1.0194,0.748,0.693,0.6375,,,
2019/12/27,0.75,,0.75,0.75,0.75,3691,39,124.104722,0.875,0.93,1.032,0.748,0.683,0.6355,,,
2019/12/30,0.75,,0.75,0.75,0.75,4552,49,124.112372,0.87,0.92,1.0254,0.748,0.68,0.6305,,,
2019/12/31,0.75,,0.75,0.75,0.75,3357,34,124.114923,0.88,0.9324,1.0426,0.75,0.683,0.6325,,,
2020/01/02,0.75,,0.75,0.75,0.75,3278,37,124.120023,0.86,0.9174,1.0291,0.75,0.678,0.6305,,,
2020/01/03,0.75,,0.75,0.75,0.75,3349,33,124.122574,0.86,0.91,1.0229,0.748,0.673,0.6275,,,
2020/01/06,0.75,,0.75,0.75,0.75,3932,29,124.130225,0.8825,0.925,1.0122,0.74,0.65,0.5905,,,
2020/01/07,0.75,,0.75,0.75,0.75,3941,36,124.132776,0.8779,0.9143,0.9979,0.728,0.639,0.579,,,
2020/01/08,0.75,,0.75,0.75,0.75,3990,34,124.135326,0.865,0.9016,0.9955,0.728,0.639,0.579,,,
2020/01/09,0.75,,0.75,0.75,0.75,2270,34,124.137877,0.875,0.9161,1.009,0.728,0.639,0.579,,,
2020/01/10,0.75,,0.75,0.75,0.75,2746,35,124.140428,0.87,0.915,1.0074,0.728,0.639,0.579,,,
2020/01/13,0.75,,0.75,0.75,0.75,3964,32,124.14808,0.85,0.895,0.9957,0.728,0.639,0.579,,,
2020/01/14,0.75,,0.75,0.75,0.75,4127,31,124.150631,0.8615,0.9,1.0019,0.71,0.648,0.6025,,,
2020/01/15,0.75,,0.75,0.75,0.75,3647,36,124.153182,0.83,0.8767,0.9702,0.703,0.633,0.5875,,,
2020/01/16,0.75,,0.75,0.75,0.75,3540,37,124.155733,0.8417,0.8766,0.9687,0.698,0.625,0.5755,,,
2020/01/17,0.75,,0.75,0.75,0.75,2972,34,124.158285,0.83,0.8717,0.9564,0.685,0.618,0.563,,,
2020/01/20,0.75,,0.75,0.75,0.75,3054,29,124.165938,0.8067,0.85,0.9462,0.68,0.615,0.5605,,,
2020/01/21,0.75,,0.75,0.75,0.75,4182,39,124.16849,0.79,0.84,0.9209,0.678,0.62,0.5625,,,
2020/01/22,0.75,,0.75,0.75,0.75,2561,35,124.171041,0.7852,0.84,0.9154,0.663,0.608,0.5505,,,
2020/01/23,0.75,,0.75,0.75,0.75,2991,34,124.173592,0.845,0.9,0.9742,0.71,0.669,0.6035,,,
2020/01/24,0.75,,0.75,0.75,0.75,4103,36,124.176144,0.82,0.9,0.9693,0.715,0.675,0.6055,,,
2020/01/28,0.75,,0.75,0.75,0.75,3925,38,124.18635,0.78,0.8641,0.9105,0.693,0.635,0.5555,,,
2020/01/29,0.75,,0.75,0.75,0.75,3792,30,124.188902,0.8262,0.9009,0.9313,0.73,0.675,0.5975,,,
2020/01/30,0.75,,0.75,0.75,0.75,3185,29,124.191454,0.7983,0.88,0.903,0.72,0.659,0.5765,,,
2020/01/31,0.75,,0.75,0.75,0.75,4580,30,124.194006,0.8,0.88,0.9009,0.72,0.653,0.5775,,,
2020/02/03,0.75,,0.75,0.75,0.75,3720,33,124.201661,0.7962,0.8636,0.8916,0.679,0.6125,0.5305,,,
2020/02/04,0.75,,0.75,0.75,0.75,3575,32,124.204214,0.85,0.9155,0.9426,0.748,0.675,0.585,,,
2020/02/05,0.75,,0.75,0.75,0.75,4025,32,124.206766,0.8453,0.9233,0.9709,0.748,0.708,0.64,,,
2020/02/06,0.75,,0.75,0.75,0.75,4307,44,124.209318,0.845,0.945,1.0042,0.748,0.725,0.6705,,,
2020/02/07,0.75,,0.75,0.75,0.75,4568,37,124.21187,0.805,0.91,0.9733,0.745,0.715,0.6505,,,
2020/02/10,0.75,,0.75,0.75,0.75,3299,34,124.219527,0.82,0.92,0.97,0.745,0.715,0.6505,,,
2020/02/11,0.75,,0.75,0.75,0.75,3556,34,124.22208,0.82,0.9187,0.9708,0.745,0.72,0.6525,,,
2020/02/12,0.75,,0.75,0.75,0.75,2785,32,124.224632,0.8263,0.9267,0.9719,0.745,0.723,0.6605,,,
2020/02/13,0.75,,0.75,0.75,0.75,4657,44,124.227185,0.7963,0.9064,0.9637,0.745,0.72,0.6625,,,
2020/02/14,0.75,,0.75,0.75,0.75,4418,49,124.229737,0.805,0.9177,0.9591,0.74,0.718,0.6605,,,
2020/02/17,0.75,,0.75,0.75,0.75,5418,33,124.237395,0.795,0.8966,0.95,0.743,0.715,0.6605,,,
2020/02/18,0.75,,0.75,0.75,0.75,5529,36,124.239948,0.795,0.89,0.9349,0.74,0.713,0.6555,,,
2020/02/19,0.75,,0.75,0.75,0.75,4165,33,124.242501,0.805,0.9048,0.9382,0.74,0.71,0.6525,,,
2020/02/20,0.75,,0.75,0.75,0.75,4066,41,124.245054,0.781,0.8853,0.9189,0.738,0.7,0.6325,,,
2020/02/21,0.75,,0.75,0.75,0.75,5029,42,124.247607,0.805,0.8872,0.9084,0.74,0.689,0.6105,,,
2020/02/24,0.75,,0.75,0.75,0.75,3463,30,124.255266,0.805,0.875,0.885,0.735,0.678,0.6005,,,
2020/02/25,0.75,,0.75,0.75,0.75,5787,38,124.257819,0.805,0.8657,0.8752,0.735,0.678,0.6005,,,
2020/02/26,0.75,,0.75,0.75,0.75,5202,38,124.260372,0.785,0.8432,0.8566,0.733,0.6675,0.5855,,,
2020/02/27,0.75,,0.75,0.75,0.75,5222,43,124.262926,0.775,0.8251,0.8302,0.73,0.6555,0.5655,,,
2020/02/28,0.75,,0.75,0.75,0.75,5396,47,124.265479,0.775,0.8,0.82,0.71,0.6125,0.5205,,,
2020/03/02,0.75,,0.75,0.75,0.75,4207,34,124.273139,0.6333,0.6192,0.59,0.465,0.365,0.305,,,
2020/03/03,0.75,,0.75,0.75,0.75,3659,31,124.275693,0.595,0.5935,0.6218,0.5,0.379,0.3225,,,
2020/03/04,0.5,-0.25,0.5,0.5,0.5,4567,32,124.278246,0.5986,0.565,0.59,0.458,0.3305,0.2725,,,
2020/03/05,0.5,,0.5,0.5,0.5,6241,55,124.279949,0.582,0.557,0.5873,0.48,0.3455,0.2875,,,
2020/03/06,0.5,,0.5,0.5,0.5,4320,35,124.281651,0.6231,0.5932,0.6331,0.4575,0.3225,0.2725,,,
2020/03/09,0.5,,0.5,0.5,0.5,4232,31,124.286759,0.5845,0.5533,0.6103,0.41,0.2925,0.2505,,,
2020/03/10,0.5,,0.5,0.5,0.5,4994,34,124.288461,0.59,0.5665,0.6319,0.435,0.3215,0.2675,,,
2020/03/11,0.5,,0.5,0.5,0.5,4287,32,124.290164,0.6044,0.573,0.6603,0.438,0.308,0.2575,,,
2020/03/12,0.5,,0.5,0.5,0.5,4404,30,124.291866,0.5933,0.5607,0.6417,0.385,0.2675,0.2355,,,
2020/03/13,0.5,,0.5,0.5,0.5,3255,32,124.293569,0.6664,0.64,0.7517,0.34,0.25,0.22,,,
2020/03/16,0.5,,0.5,0.5,0.5,6079,46,124.298677,0.5951,0.6033,0.7333,0.253,0.208,0.193,,,
2020/03/17,0.5,,0.5,0.5,0.5,1650,18,124.30038,0.5917,0.561,0.7027,0.233,0.2,0.185,,,
2020/03/18,0.5,,0.5,0.5,0.5,2057,14,124.302083,0.6198,0.6027,0.7345,0.203,0.178,0.168,,,
2020/03/19,0.5,,0.5,0.5,0.5,1202,12,124.303785,0.5917,0.6005,0.72,0.235,0.218,0.198,,,
2020/03/20,0.25,-0.25,0.25,0.25,0.25,2221,19,124.305488,0.5445,0.54,0.7152,0.23,0.208,0.195,,,
2020/03/23,0.25,,0.25,0.25,0.25,1520,21,124.308042,0.4817,0.4829,0.645,0.208,0.19,0.184,,,
2020/03/24,0.25,,0.25,0.25,0.25,1487,12,124.308894,0.4769,0.4752,0.6348,0.205,0.188,0.181,,,
2020/03/25,0.25,,0.24,0.25,0.2,674,6,124.309745,0.4494,0.4486,0.6228,0.188,0.173,0.165,,,
2020/03/26,0.25,,0.23,0.25,0.2,1522,16,124.310563,0.4329,0.4368,0.6196,0.175,0.155,0.15,,,
2020/03/27,0.25,,0.22,0.25,0.1,1786,18,124.311346,0.4078,0.4178,0.5948,0.168,0.149,0.145,,,
2020/03/30,0.25,,0.23,0.25,0.2,1061,12,124.313594,0.3725,0.4017,0.584,0.148,0.14,0.143,,,
2020/03/31,0.25,,0.2,0.25,0.17,945,11,124.314377,0.342,0.3633,0.5341,0.163,0.15,0.15,,,
2020/04/01,0.25,,0.2,0.25,0.18,715,9,124.315058,0.3367,0.3413,0.5164,0.145,0.14,0.14,,,
2020/04/02,0.25,,0.19,0.25,0.18,891,11,124.315739,0.3083,0.3172,0.4744,0.145,0.145,0.14,,,
2020/04/03,0.25,,0.18,0.25,0.17,1528,15,124.316387,0.2533,0.2556,0.4102,0.14,0.14,0.14,,,
2020/04/06,0.25,,0.18,0.25,0.17,921,10,124.318226,0.25,0.25,0.3633,0.14,0.14,0.14,,,
2020/04/07,0.25,,0.17,N/A,N/A,862,N/A,124.318839,0.2267,0.2285,0.3357,0.145,0.153,0.155,,,
2020/04/08,0.25,,0.17,0.18,0.17,1112,10,124.319418,0.2208,0.22,0.3425,0.153,0.155,0.155,,,
2020/04/09,0.25,,0.17,0.18,0.16,1145,10,124.319997,0.1967,0.2076,0.325,0.15,0.153,0.153,,,
2020/04/14,0.25,,0.17,0.18,0.16,1176,13,124.322892,0.1491,0.1652,0.2858,0.155,0.155,0.155,,,
2020/04/15,0.25,,0.16,0.17,0.15,1243,13,124.323471,0.1325,0.1443,0.2352,0.15,0.15,0.15,,,
2020/04/16,0.25,,0.15,0.16,0.15,929,9,124.324016,0.1474,0.15,0.2166,0.15,0.145,0.145,,,
2020/04/17,0.25,,0.15,0.16,0.14,678,8,124.324527,0.125,0.1283,0.1976,0.138,0.1365,0.135,,,
2020/04/20,0.25,,0.15,0.25,0.14,1500,11,124.32606,0.0934,0.115,0.1729,0.125,0.125,0.133,,,
2020/04/21,0.25,,0.14,0.25,0.14,2851,16,124.326571,0.13,0.1366,0.1946,0.128,0.13,0.131,,,
2020/04/22,0.25,,0.14,0.25,0.14,1193,12,124.327047,0.1058,0.11,0.1817,0.125,0.128,0.13,,,
2020/04/23,0.25,,0.14,0.14,0.14,643,7,124.327524,0.1097,0.12,0.19,0.12,0.125,0.128,,,
2020/04/24,0.25,,0.14,0.2,0.13,839,11,124.328001,0.11,0.115,0.18,0.125,0.125,0.125,,,
2020/04/27,0.25,,0.13,0.14,0.13,525,7,124.329432,0.1042,0.1131,0.1788,0.128,0.128,0.13,,,
2020/04/28,0.25,,0.13,0.14,0.13,554,7,124.329875,0.0983,0.1094,0.178,0.12,0.12,0.123,,,
2020/04/29,0.25,,0.13,0.13,0.13,721,8,124.330317,0.095,0.1002,0.167,0.1225,0.118,0.118,,,
2020/04/30,0.25,,0.14,0.2,0.13,1312,12,124.33076,0.0983,0.0983,0.1733,0.115,0.115,0.115,,,
2020/05/01,0.25,,0.14,0.14,0.13,1393,11,124.331237,0.1023,0.095,0.17,0.115,0.115,0.115,,,
2020/05/04,0.25,,0.14,0.14,0.13,819,11,124.332668,0.095,0.0953,0.1665,0.125,0.125,0.125,,,
2020/05/05,0.25,,0.14,0.14,0.13,277,4,124.333145,0.095,0.099,0.1658,0.1305,0.1305,0.1275,,,
2020/05/06,0.25,,0.14,0.14,0.13,685,7,124.333622,0.105,0.1154,0.18,0.128,0.128,0.128,,,
2020/05/07,0.25,,0.14,N/A,N/A,335,N/A,124.334099,0.095,0.095,0.17,0.133,0.13,0.13,,,
2020/05/08,0.25,,0.14,0.14,0.13,723,8,124.334575,0.075,0.075,0.15,0.13,0.128,0.128,,,
2020/05/11,0.25,,0.14,0.14,0.14,127,4,124.336006,0.0917,0.0962,0.15,0.128,0.125,0.125,,,
2020/05/12,0.25,,0.14,N/A,N/A,42,N/A,124.336483,0.09,0.09,0.155,0.128,0.125,0.125,,,
2020/05/13,0.25,,0.14,0.16,0.13,357,6,124.33696,0.08,0.08,0.14,0.128,0.123,0.123,,,
2020/05/14,0.25,,0.13,0.14,0.13,965,7,124.337437,0.09,0.09,0.15,0.13,0.127,0.125,,,
2020/05/15,0.25,,0.13,0.14,0.13,1062,9,124.33788,0.1,0.1079,0.16,0.1275,0.12,0.1175,,,
2020/05/18,0.25,,0.13,0.14,0.13,625,8,124.339208,0.09,0.0978,0.15,0.1305,0.1255,0.1225,,,
2020/05/19,0.25,,0.13,N/A,N/A,292,N/A,124.339651,0.09,0.0965,0.1538,0.1305,0.1275,0.1205,,,
2020/05/20,0.25,,0.13,N/A,N/A,355,N/A,124.340094,0.0889,0.09,0.16,0.13,0.128,0.123,,,
2020/05/21,0.25,,0.13,N/A,N/A,820,N/A,124.340537,0.09,0.09,0.16,0.13,0.128,0.127,,,
2020/05/22,0.25,,0.13,0.16,0.13,555,6,124.34098,0.1087,0.1168,0.18,0.1405,0.1405,0.1405,,,
2020/05/25,0.25,,0.13,0.13,0.13,644,8,124.342308,0.0809,0.0886,0.16,0.1405,0.1405,0.1405,,,
2020/05/26,0.25,,0.13,0.13,0.13,1184,8,124.342751,0.0902,0.095,0.1696,0.1405,0.1405,0.1405,,,
2020/05/27,0.25,,0.13,0.25,0.13,1128,14,124.343194,0.0886,0.1008,0.165,0.1405,0.1405,0.1405,,,
2020/05/28,0.25,,0.14,0.14,0.13,1055,8,124.343637,0.09,0.1016,0.165,0.1325,0.1355,0.1405,,,
2020/05/29,0.25,,0.14,0.25,0.13,1592,16,124.344114,0.09,0.095,0.165,0.1425,0.1425,0.1475,,,
2020/06/01,0.25,,0.15,0.25,0.13,851,12,124.345545,0.093,0.095,0.16,0.149,0.148,0.149,,,
2020/06/02,0.25,,0.15,0.25,0.13,1371,12,124.346056,0.0755,0.0872,0.1454,0.143,0.145,0.1475,,,
2020/06/03,0.25,,0.14,0.16,0.13,1040,12,124.346567,0.1,0.11,0.17,0.148,0.148,0.15,,,
2020/06/04,0.25,,0.14,0.16,0.13,1026,14,124.347044,0.085,0.1,0.165,0.1475,0.1475,0.1505,,,
2020/06/05,0.25,,0.14,0.14,0.13,3669,18,124.34752,0.085,0.1,0.1695,0.145,0.147,0.152,,,
2020/06/09,0.25,,0.14,0.14,0.13,460,7,124.349428,0.0881,0.1006,0.1723,0.15,0.15,0.153,,,
2020/06/10,0.25,,0.14,N/A,N/A,285,N/A,124.349905,0.07,0.08,0.15,0.15,0.15,0.155,,,
2020/06/11,0.25,,0.14,0.13,0.13,303,6,124.350382,0.09,0.1014,0.17,0.15,0.15,0.155,,,
2020/06/12,0.25,,0.14,0.14,0.13,327,6,124.350859,0.09,0.1037,0.17,0.145,0.15,0.155,,,
2020/06/15,0.25,,0.13,0.14,0.13,275,5,124.35229,0.08,0.09,0.16,0.145,0.15,0.153,,,
2020/06/16,0.25,,0.13,0.13,0.13,1085,9,124.352733,0.09,0.1032,0.1708,0.145,0.145,0.148,,,
2020/06/17,0.25,,0.13,0.13,0.13,1067,11,124.353176,0.09,0.1,0.1793,0.136,0.139,0.14,,,
2020/06/18,0.25,,0.13,0.13,0.13,725,6,124.353619,0.09,0.105,0.165,0.14,0.14,0.143,,,
2020/06/19,0.25,,0.13,0.13,0.13,1034,9,124.354062,0.09,0.105,0.165,0.138,0.138,0.14,,,
2020/06/22,0.25,,0.13,0.13,0.13,902,7,124.35539,0.09,0.1049,0.165,0.138,0.138,0.138,,,
2020/06/23,0.25,,0.13,0.13,0.13,841,10,124.355833,0.09,0.105,0.1752,0.138,0.138,0.14,,,
2020/06/24,0.25,,0.13,0.13,0.13,775,10,124.356276,0.09,0.1036,0.165,0.14,0.14,0.14,,,
2020/06/25,0.25,,0.13,0.13,0.13,2161,15,124.356719,0.09,0.1049,0.1633,0.138,0.138,0.14,,,
2020/06/26,0.25,,0.13,0.16,0.13,701,10,124.357162,0.09,0.1,0.16,0.138,0.138,0.138,,,
2020/06/29,0.25,,0.13,0.13,0.13,720,7,124.358491,0.09,0.1,0.16,0.138,0.138,0.1405,,,
2020/06/30,0.25,,0.14,0.16,0.13,535,7,124.358933644121,0.0929,0.1015,0.1605,0.133,0.135,0.138,,,
2020/07/01,0.25,,0.14,N/A,N/A,103,N/A,124.359411,0.09,0.1,0.15,0.138,0.138,0.14,,,
2020/07/02,0.25,,0.14,0.14,0.13,370,5,124.359888,0.1,0.1,0.155,0.138,0.138,0.1375,,,
2020/07/03,0.25,,0.13,0.14,0.13,953,9,124.360365,0.0917,0.1,0.155,0.138,0.138,0.138,,,
2020/07/06,0.25,,0.13,N/A,N/A,484,N/A,124.361693,0.09,0.1,0.1593,0.133,0.135,0.138,,,
2020/07/07,0.25,,0.13,0.13,0.13,516,8,124.362136,0.09,0.1024,0.1657,0.133,0.135,0.135,,,
2020/07/08,0.25,,0.13,0.13,0.13,372,5,124.362579,0.09,0.1008,0.17,0.133,0.135,0.135,,,
2020/07/09,0.25,,0.13,0.13,0.13,679,10,124.363022212007,0.09,0.1012,0.165,0.133,0.133,0.133,,,
2020/07/10,0.25,,0.13,0.13,0.13,1201,15,124.363465,0.0946,0.1,0.165,0.133,0.135,0.135,,,
2020/07/13,0.25,,0.13,0.13,0.13,566,5,124.364794,0.1,0.1156,0.175,0.133,0.133,0.133,,,
2020/07/14,0.25,,0.13,0.13,0.13,737,4,124.365237,0.09,0.1041,0.1702,0.133,0.133,0.133,,,
2020/07/15,0.25,,0.13,0.13,0.13,268,4,124.36568,0.09,0.1025,0.177,0.133,0.133,0.133,,,
2020/07/16,0.25,,0.13,N/A,N/A,243,N/A,124.366123,0.09,0.1,0.175,0.133,0.133,0.133,,,
2020/07/17,0.25,,0.13,0.13,0.13,605,7,124.366566,0.0923,0.1,0.175,0.133,0.133,0.133,,,
2020/07/20,0.25,,0.13,0.13,0.13,544,7,124.367895,0.09,0.1049,0.1733,0.134,0.133,0.134,,,
2020/07/21,0.25,,0.13,0.13,0.13,399,7,124.368338,0.0924,0.1023,0.1789,0.133,0.133,0.133,,,
2020/07/22,0.25,,0.13,0.13,0.13,282,6,124.368781,0.0927,0.1061,0.1793,0.133,0.133,0.133,,,
2020/07/23,0.25,,0.13,N/A,N/A,123,N/A,124.369223,0.09,0.1012,0.1748,0.13,0.133,0.133,,,
2020/07/24,0.25,,0.13,0.13,0.13,689,9,124.369666,0.09,0.1008,0.1755,0.13,0.13,0.13,,,
2020/07/27,0.25,,0.13,0.13,0.13,492,7,124.370995,0.09,0.1021,0.17,0.128,0.128,0.13,,,
2020/07/28,0.25,,0.13,0.13,0.13,370,6,124.371438,0.09,0.1,0.1709,0.128,0.128,0.128,,,
2020/07/29,0.25,,0.13,N/A,N/A,373,N/A,124.371881,0.09,0.1,0.1745,0.128,0.128,0.128,,,
2020/07/30,0.25,,0.13,0.13,0.13,401,8,124.372324,0.09,0.1,0.1705,0.128,0.128,0.128,,,
2020/07/31,0.25,,0.13,N/A,N/A,130,N/A,124.372767,0.09,0.1,0.1757,0.128,0.128,0.128,,,
2020/08/03,0.25,,0.13,N/A,N/A,425,N/A,124.374096,,,,0.13,0.13,0.13,,,
2020/08/04,0.25,,0.13,0.16,0.13,1049,12,124.374539,0.09,0.1,0.1761,0.125,0.123,0.123,,,
2020/08/05,0.25,,0.14,0.17,0.13,926,11,124.374982,0.09,0.1,0.165,0.123,0.123,0.123,,,
2020/08/06,0.25,,0.14,0.17,0.13,615,11,124.375459,0.09,0.1,0.165,0.128,0.128,0.128,,,
2020/08/07,0.25,,0.14,0.14,0.13,470,7,124.375936,0.09,0.1,0.1692,0.128,0.128,0.125,,,
2020/08/10,0.25,,0.13,0.13,0.13,1070,10,124.377367,0.09,0.1021,0.1683,0.133,0.128,0.125,,,
2020/08/11,0.25,,0.13,0.17,0.13,1388,14,124.37781,0.09,0.1004,0.1661,0.128,0.125,0.125,,,
2020/08/12,0.25,,0.13,0.13,0.13,419,5,124.378253,0.09,0.1,0.165,0.128,0.128,0.125,,,
2020/08/13,0.25,,0.13,0.13,0.13,392,6,124.378696,0.09,0.1,0.165,0.128,0.125,0.125,,,
2020/08/14,0.25,,0.13,N/A,N/A,320,N/A,124.379139,0.09,0.1,0.16,0.128,0.125,0.125,,,
2020/08/17,0.25,,0.13,N/A,N/A,220,N/A,124.380468,0.09,0.1,0.1614,0.128,0.125,0.125,,,
2020/08/18,0.25,,0.13,N/A,N/A,103,N/A,124.380911,0.09,0.1013,0.1652,0.125,0.129,0.125,,,
2020/08/19,0.25,,0.13,N/A,N/A,211,N/A,124.381354,0.09,0.102,0.1646,0.125,0.125,0.125,,,
2020/08/20,0.25,,0.13,0.15,0.13,545,6,124.381797,0.09,0.102,0.1646,0.123,0.125,0.123,,,
2020/08/21,0.25,,0.13,0.17,0.13,1020,6,124.38224,0.09,0.0985,0.1611,0.125,0.124,0.123,,,
2020/08/24,0.25,,0.13,0.13,0.13,1915,7,124.383569,0.09,0.1096,0.155,0.123,0.1195,0.119,,,
2020/08/25,0.25,,0.13,0.13,0.13,1713,8,124.384012,0.096,0.0968,0.1588,0.123,0.12,0.12,,,
2020/08/26,0.25,,0.13,0.13,0.13,858,5,124.384455,0.08,0.085,0.1493,0.125,0.119,0.118,,,
2020/08/27,0.25,,0.13,0.13,0.13,323,4,124.384898,0.09,0.09,0.145,0.125,0.122,0.121,,,
2020/08/28,0.25,,0.13,N/A,N/A,595,N/A,124.385341,0.095,0.09,0.145,0.119,0.119,0.12,,,
2020/08/31,0.25,,0.13,N/A,N/A,176,N/A,124.38667,0.09,0.09,0.145,0.118,0.118,0.12,,,
2020/09/01,0.25,,0.13,0.13,0.13,610,10,124.387113,0.0913,0.0916,0.1472,0.122,0.1205,0.12,,,
2020/09/02,0.25,,0.13,0.13,0.13,1115,10,124.387556,0.09,0.09,0.146,0.12,0.118,0.118,,,
2020/09/03,0.25,,0.13,0.13,0.13,509,8,124.387999,0.1,0.1,0.155,0.12,0.118,0.118,,,
2020/09/04,0.25,,0.13,N/A,N/A,400,N/A,124.388442,0.09,0.09,0.145,0.125,0.118,0.116,,,
2020/09/07,0.25,,0.13,0.13,0.13,628,6,124.389772,0.09,0.09,0.145,0.125,0.118,0.118,,,
2020/09/08,0.25,,0.13,N/A,N/A,15,N/A,124.390215,0.09,0.0905,0.1446,0.125,0.118,0.115,,,
2020/09/09,0.25,,0.13,N/A,N/A,8,N/A,124.390658,0.09,0.09,0.1427,0.123,0.119,0.115,,,
2020/09/10,0.25,,0.13,N/A,N/A,539,N/A,124.391101,0.09,0.0911,0.14,0.12,0.116,0.114,,,
2020/09/11,0.25,,0.13,N/A,N/A,180,N/A,124.391544,0.0935,0.09,0.14,0.12,0.113,0.114,,,
2020/09/14,0.25,,0.13,N/A,N/A,276,N/A,124.392873,0.09,0.09,0.14,0.125,0.113,0.108,,,
2020/09/15,0.25,,0.13,0.13,0.13,961,7,124.393316,0.083,0.083,0.1264,0.123,0.11,0.108,,,
2020/09/16,0.25,,0.13,N/A,N/A,191,N/A,124.393759,0.09,0.09,0.1308,0.123,0.114,0.108,,,
2020/09/17,0.25,,0.13,N/A,N/A,320,N/A,124.394202,0.09,0.09,0.1306,0.122,0.113,0.106,,,
2020/09/18,0.25,,0.13,N/A,N/A,100,N/A,124.394645,0.0914,0.09,0.13,0.121,0.116,0.111,,,
2020/09/21,0.25,,0.13,0.13,0.13,441,5,124.395974,0.09,0.09,0.1293,0.123,0.115,0.113,,,
2020/09/22,0.25,,0.13,N/A,N/A,330,N/A,124.396417,0.09,0.09,0.1279,0.116,0.107,0.1,,,
2020/09/23,0.25,,0.13,N/A,N/A,395,N/A,124.39686,0.08,0.08,0.115,0.104,0.079,0.069,,,
2020/09/24,0.25,,0.13,N/A,N/A,320,N/A,124.397303,0.09,0.08,0.1139,0.103,0.079,0.07,,,
2020/09/25,0.25,,0.13,N/A,N/A,370,N/A,124.397746,0.0983,0.09,0.1258,0.108,0.085,0.075,,,
2020/09/28,0.25,,0.13,0.13,0.13,577,7,124.399076,0.085,0.08,0.1142,0.12,0.0945,0.083,,,
2020/09/29,0.25,,0.13,0.13,0.13,340,6,124.399519,0.09,0.09,0.1204,0.119,0.094,0.085,,,
2020/09/30,0.25,,0.13,0.13,0.13,630,8,124.399962,0.08,0.08,0.1139,0.118,0.097,0.087,,,
2020/10/01,0.25,,0.13,0.13,0.13,570,5,124.400405,0.09,0.0929,0.1229,0.123,0.1,0.09,,,
2020/10/02,0.25,,0.13,N/A,N/A,480,N/A,124.400848,0.09,0.09,0.1245,0.123,0.1,0.09,,,
2020/10/05,0.25,,0.13,N/A,N/A,30,N/A,124.4022,0.09,0.09,0.1245,0.123,0.1,0.09,,,
2020/10/06,0.25,,0.13,0.13,0.13,390,8,124.40262,0.09,0.0904,0.1214,0.12,0.095,0.083,,,
2020/10/07,0.25,,0.13,0.13,0.13,733,9,124.403063,0.1,0.0926,0.1177,0.118,0.086,0.075,,,
2020/10/08,0.25,,0.13,0.13,0.13,251,5,124.403506,0.09,0.08,0.1071,0.119,0.09,0.08,,,
2020/10/09,0.25,,0.13,N/A,N/A,240,N/A,124.403949,0.09,0.08,0.105,0.113,0.089,0.08,,,
2020/10/12,0.25,,0.13,0.13,0.13,427,7,124.405279,0.1,0.09,0.1187,0.113,0.09,0.08,,,
2020/10/13,0.25,,0.13,N/A,N/A,536,N/A,124.405722,0.0989,0.0936,0.1154,0.108,0.09,0.08,,,
2020/10/14,0.25,,0.13,0.13,0.13,254,7,124.406165,0.085,0.08,0.1046,0.11,0.091,0.082,,,
2020/10/15,0.25,,0.13,0.13,0.13,510,5,124.406608,0.085,0.085,0.1052,0.109,0.087,0.077,,,
2020/10/16,0.25,,0.13,0.13,0.13,227,6,124.407051,0.08,0.08,0.1051,0.108,0.088,0.078,,,
2020/10/19,0.25,,0.13,0.13,0.13,537,7,124.40838,0.085,0.08,0.1018,0.103,0.083,0.075,,,
2020/10/20,0.25,,0.13,0.13,0.13,1154,11,124.408823,0.0533,0.05,0.0708,0.088,0.07,0.061,,,
2020/10/21,0.25,,0.13,0.13,0.13,1417,10,124.409266,0.0525,0.05,0.065,0.083,0.06,0.051,,,
2020/10/22,0.25,,0.13,0.17,0.13,4210,18,124.40971,0.065,0.06,0.0725,0.082,0.058,0.05,,,
2020/10/23,0.25,,0.13,0.13,0.13,1080,9,124.410153,0.065,0.06,0.0715,0.0735,0.0555,0.0455,,,
2020/10/26,0.25,,0.13,0.13,0.13,644,10,124.411482,0.06,0.06,0.07,0.072,0.056,0.049,,,
2020/10/27,0.25,,0.13,0.13,0.13,998,13,124.411925,0.055,0.0563,0.07,0.068,0.055,0.046,,,
2020/10/28,0.25,,0.13,0.13,0.13,554,7,124.412368,0.055,0.0556,0.07,0.066,0.054,0.046,,,
2020/10/29,0.25,,0.13,0.13,0.13,544,8,124.412811,0.055,0.055,0.0683,0.066,0.054,0.047,,,
2020/10/30,0.25,,0.13,0.13,0.13,489,6,124.413254,0.0517,0.0568,0.065,0.058,0.051,0.046,,,
2020/11/02,0.25,,0.13,0.13,0.13,788,12,124.414584,0.065,0.0635,0.075,0.054,0.051,0.045,,,
2020/11/03,0.25,,0.13,N/A,N/A,415,N/A,124.415027,0.045,0.0448,0.0574,0.027,0.023,0.022,,,
2020/11/04,0.1,-0.15,0.04,0.05,0.03,357,6,124.41547,0.02,0.0289,0.04,0.0305,0.0305,0.0295,,,
2020/11/05,0.1,,0.04,0.05,0.03,1035,9,124.415606,0.02,0.022,0.035,0.0305,0.0305,0.0295,,,
2020/11/06,0.1,,0.04,0.04,0.04,585,8,124.415743,0.02,0.0212,0.0302,0.0305,0.0305,0.0295,,,
2020/11/09,0.1,,0.05,0.06,0.04,1185,14,124.416152,0.02,0.021,0.03,0.0305,0.0305,0.0295,,,
2020/11/10,0.1,,0.05,0.06,0.05,535,6,124.416322,0.0268,0.0316,0.045,0.034,0.038,0.038,,,
2020/11/11,0.1,,0.05,0.05,0.05,747,7,124.416493,0.02,0.02,0.03,0.041,0.042,0.043,,,
2020/11/12,0.1,,0.05,0.05,0.04,1170,11,124.416663,0.03,0.03,0.04,0.04,0.04,0.04,,,
2020/11/13,0.1,,0.05,0.05,0.04,669,11,124.416833,0.01,0.01,0.0201,0.04,0.039,0.04,,,
2020/11/16,0.1,,0.05,0.05,0.04,2658,15,124.417345,0.0222,0.02,0.03,0.039,0.039,0.039,,,
2020/11/17,0.1,,0.05,0.05,0.05,662,6,124.417515,0.02,0.019,0.03,0.043,0.0415,0.0415,,,
2020/11/18,0.1,,0.05,0.05,0.05,514,7,124.417686,0.02,0.02,0.04,0.04,0.039,0.039,,,
2020/11/19,0.1,,0.05,N/A,N/A,370,N/A,124.417856,0.02,0.02,0.025,0.039,0.039,0.039,,,
2020/11/20,0.1,,0.05,0.05,0.05,368,5,124.418027,0.02,0.02,0.0228,0.045,0.039,0.038,,,
2020/11/23,0.1,,0.05,0.05,0.05,418,6,124.418538,0.02,0.0182,0.0233,0.043,0.039,0.039,,,
2020/11/24,0.1,,0.05,0.05,0.04,2063,11,124.418708,0.02,0.02,0.0228,0.043,0.039,0.039,,,
2020/11/25,0.1,,0.05,0.05,0.04,653,9,124.418879,0.02,0.0185,0.025,0.0445,0.044,0.044,,,
2020/11/26,0.1,,0.05,0.05,0.04,574,10,124.419049,0.02,0.02,0.025,0.0445,0.044,0.044,,,
2020/11/27,0.1,,0.05,0.05,0.04,464,7,124.41922,0.02,0.0184,0.025,0.048,0.046,0.046,,,
2020/11/30,0.1,,0.05,N/A,N/A,540,N/A,124.419731,0.02,0.02,0.024,0.045,0.045,0.045,,,
2020/12/01,0.1,,0.05,0.05,0.04,403,7,124.419901,0.02,0.0193,0.0209,0.05,0.0455,0.044,,,
2020/12/02,0.1,,0.04,0.05,0.03,1250,10,124.420072,0.02,0.0184,0.0208,0.05,0.048,0.046,,,
2020/12/03,0.1,,0.04,0.05,0.02,2720,12,124.420208,0.02,0.02,0.025,0.05,0.045,0.044,,,
2020/12/04,0.1,,0.04,0.07,0.03,2925,16,124.420344,0.02,0.0166,0.025,0.044,0.0425,0.0425,,,
2020/12/07,0.1,,0.04,0.04,0.03,987,8,124.420753,0.02,0.0191,0.025,0.041,0.042,0.044,,,
2020/12/08,0.1,,0.04,0.04,0.03,2489,9,124.42089,0.02,0.018,0.025,0.041,0.043,0.044,,,
2020/12/09,0.1,,0.04,0.04,0.04,1605,13,124.421026,0.02,0.02,0.025,0.044,0.043,0.0405,,,
2020/12/10,0.1,,0.04,0.04,0.04,261,6,124.421163,0.014,0.02,0.025,0.045,0.0445,0.042,,,
2020/12/11,0.1,,0.04,N/A,N/A,204,N/A,124.421299,0.02,0.0157,0.02,0.041,0.043,0.043,,,
2020/12/14,0.1,,0.04,N/A,N/A,258,N/A,124.421708,0.02,0.0204,0.02,0.0405,0.042,0.042,,,
2020/12/15,0.1,,0.04,N/A,N/A,120,N/A,124.421844,0.02,0.0182,0.02,0.044,0.044,0.044,,,
2020/12/16,0.1,,0.04,0.04,0.04,327,6,124.421981,0.03,0.03,0.02,0.044,0.044,0.044,,,
2020/12/17,0.1,,0.04,0.04,0.04,1508,11,124.422117,0.0155,0.0142,0.02,0.042,0.0465,0.0465,,,
2020/12/18,0.1,,0.04,0.04,0.04,390,5,124.422253,0.0102,0.015,0.02,0.043,0.0465,0.0465,,,
2020/12/21,0.1,,0.04,0.04,0.04,520,5,124.422662,0.01,0.0138,0.02,0.043,0.0465,0.0465,,,
2020/12/22,0.1,,0.04,N/A,N/A,200,N/A,124.422799,0.0018,0.0014,0.01,0.043,0.0455,0.045,,,
2020/12/23,0.1,,0.04,N/A,N/A,27,N/A,124.422935,0.01,0.01,0.02,0.041,0.0425,0.0425,,,
2020/12/24,0.1,,0.04,N/A,N/A,535,N/A,124.423071,0.01,0.01,0.02,0.041,0.0425,0.0425,,,
2020/12/29,0.1,,0.04,N/A,N/A,5,N/A,124.423753,0.015,0.02,0.02,0.041,0.0425,0.0425,,,
2020/12/30,0.1,,0.04,N/A,N/A,200,N/A,124.42389,0.01,0.01,0.02,0.041,0.0425,0.0425,,,
2020/12/31,0.1,,0.04,N/A,N/A,200,N/A,124.424026,0.01,0.01,0.02,0.041,0.0425,0.0425,,,
2021/01/04,0.1,,0.04,N/A,N/A,0,N/A,124.424571,0.01,0.01,0.0297,0.04,0.0425,0.0425,,,
2021/01/05,0.1,,0.04,N/A,N/A,0,N/A,124.424708,0.01,0.0164,0.0268,0.04,0.041,0.0425,,,
2021/01/06,0.1,,0.03,N/A,N/A,445,N/A,124.424844,0.01,0.0188,0.02,0.044,0.0425,0.044,,,
2021/01/07,0.1,,0.03,0.03,0.03,358,6,124.424946,0.01,0.02,0.0256,0.031,0.035,0.0345,,,
2021/01/08,0.1,,0.03,0.03,0.03,357,5,124.425049,0.01,0.0187,0.02,0.031,0.034,0.034,,,
2021/01/11,0.1,,0.03,0.03,0.03,629,6,124.425355,0.01,0.0161,0.02,0.031,0.034,0.034,,,
2021/01/12,0.1,,0.03,0.03,0.03,576,9,124.425458,0.01,0.0132,0.0228,0.031,0.034,0.034,,,
2021/01/13,0.1,,0.03,0.03,0.03,605,7,124.42556,0.01,0.0119,0.02,0.031,0.0325,0.0325,,,
2021/01/14,0.1,,0.03,0.03,0.03,701,11,124.425662,0.01,0.01,0.02,0.031,0.0325,0.0325,,,
2021/01/15,0.1,,0.03,0.03,0.03,1236,10,124.425765,0.01,0.01,0.0156,0.03,0.0325,0.0325,,,
2021/01/18,0.1,,0.03,0.03,0.03,966,9,124.426071,0.01,0.01,0.015,0.03,0.0325,0.0325,,,
2021/01/19,0.1,,0.03,0.03,0.03,790,5,124.426174,0.0106,0.0119,0.022,0.03,0.0325,0.0325,,,
2021/01/20,0.1,,0.03,0.03,0.03,142,4,124.426276,0.01,0.01,0.015,0.03,0.0325,0.0325,,,
2021/01/21,0.1,,0.03,N/A,N/A,555,N/A,124.426378,0.01,0.01,0.015,0.03,0.0325,0.0325,,,
2021/01/22,0.1,,0.03,0.03,0.03,1029,8,124.42648,0.0075,0.0105,0.015,0.03,0.0325,0.0325,,,
2021/01/25,0.1,,0.03,0.03,0.03,423,6,124.426787,0.01,0.0103,0.015,0.032,0.0325,0.0345,,,
2021/01/27,0.1,,0.03,N/A,N/A,248,N/A,124.426992,0.01,0.0109,0.0146,0.033,0.033,0.035,,,
2021/01/28,0.1,,0.03,0.03,0.03,501,6,124.427094,0.01,0.0099,0.015,0.033,0.033,0.035,,,
2021/01/29,0.1,,0.03,0.03,0.03,317,5,124.427196,0.009,0.01,0.015,0.033,0.033,0.035,,,
2021/02/01,0.1,,0.03,N/A,N/A,391,N/A,124.427503,0.01,0.01,0.015,0.033,0.0325,0.0325,,,
2021/02/02,0.1,,0.03,N/A,N/A,885,N/A,124.427605,0.01,0.01,0.015,0.03,0.0325,0.0325,,,
2021/02/03,0.1,,0.03,0.03,0.03,1036,6,124.427708,0.01,0.01,0.015,0.03,0.0315,0.0315,,,
2021/02/04,0.1,,0.03,N/A,N/A,990,N/A,124.42781,0.01,0.0097,0.015,0.03,0.0315,0.0315,,,
2021/02/05,0.1,,0.03,0.03,0.03,614,4,124.427912,0.01,0.01,0.0183,0.03,0.0315,0.032,,,
2021/02/08,0.1,,0.03,0.03,0.03,440,6,124.428219,0.01,0.0098,0.02,0.03,0.0315,0.032,,,
2021/02/09,0.1,,0.03,0.03,0.03,941,7,124.428321,0.01,0.0097,0.02,0.03,0.0315,0.032,,,
2021/02/10,0.1,,0.03,0.03,0.03,641,7,124.428423,0.01,0.0108,0.02,0.03,0.0315,0.032,,,
2021/02/11,0.1,,0.03,0.03,0.03,640,8,124.428526,0.01,0.01,0.02,0.03,0.0315,0.032,,,
2021/02/12,0.1,,0.03,0.03,0.03,480,4,124.428628,0.01,0.01,0.0191,0.03,0.0315,0.032,,,
2021/02/15,0.1,,0.03,0.03,0.03,708,6,124.428935,0.0053,0.01,0.02,0.0355,0.0315,0.0285,,,
2021/02/16,0.1,,0.03,N/A,N/A,419,N/A,124.429037,0.005,0.0103,0.02,0.0355,0.0315,0.0285,,,
2021/02/17,0.1,,0.03,0.03,0.03,437,6,124.429139,0.005,0.0101,0.02,0.028,0.032,0.0325,,,
2021/02/18,0.1,,0.03,N/A,N/A,299,N/A,124.429242,0.0048,0.01,0.02,0.028,0.032,0.0325,,,
2021/02/19,0.1,,0.03,0.03,0.03,895,5,124.429344,0.006,0.01,0.025,0.032,0.028,0.037,,,
2021/02/22,0.1,,0.03,0.03,0.03,961,9,124.429651,0.005,0.0127,0.02,0.032,0.0365,0.0395,,,
2021/02/23,0.1,,0.03,0.03,0.03,784,5,124.429753,0.005,0.0107,0.0229,0.032,0.038,0.0365,,,
2021/02/24,0.1,,0.03,0.03,0.03,709,6,124.429855,0.01,0.02,0.03,0.037,0.0355,0.04,,,
2021/02/25,0.1,,0.03,0.03,0.03,696,7,124.429958,0.0197,0.0287,0.0407,0.039,0.042,0.046,,,
2021/02/26,0.1,,0.03,N/A,N/A,89,N/A,124.43006,0.005,0.03,0.0641,0.038,0.044,0.047,,,
2021/03/01,0.1,,0.03,0.03,0.03,250,5,124.430367,0.0111,0.0311,0.0653,0.038,0.04,0.053,,,
2021/03/02,0.1,,0.03,0.03,0.03,815,6,124.430469,0.01,0.03,0.066,0.03,0.0385,0.04,,,
2021/03/03,0.1,,0.03,N/A,N/A,351,N/A,124.430571,0.01,0.03,0.0697,0.03,0.036,0.039,,,
2021/03/04,0.1,,0.03,0.03,0.03,777,8,124.430673,0.0214,0.0426,0.0806,0.03,0.038,0.044,,,
2021/03/05,0.1,,0.03,N/A,N/A,197,N/A,124.430776,0.0224,0.0477,0.075,0.035,0.039,0.054,,,
2021/03/08,0.1,,0.03,0.03,0.03,837,7,124.431083,0,0.0266,0.0671,0.031,0.037,0.042,,,
2021/03/09,0.1,,0.03,0.03,0.03,1248,9,124.431185,0.01,0.0388,0.0781,0.032,0.039,0.043,,,
2021/03/10,0.1,,0.03,0.03,0.03,906,5,124.431287,0.01,0.035,0.0782,0.031,0.038,0.043,,,
2021/03/11,0.1,,0.03,0.03,0.03,1876,11,124.431389,0.02,0.0486,0.0864,0.031,0.0365,0.043,,,
2021/03/12,0.1,,0.03,N/A,N/A,521,N/A,124.431492,0.02,0.0482,0.0859,0.031,0.0365,0.043,,,
2021/03/15,0.1,,0.03,0.03,0.03,813,8,124.431798,0,0.0269,0.0655,0.031,0.0375,0.043,,,
2021/03/16,0.1,,0.03,0.03,0.03,438,5,124.431901,0.01,0.034,0.0782,0.031,0.035,0.039,,,
2021/03/17,0.1,,0.03,N/A,N/A,123,N/A,124.432003,0.01,0.0349,0.0748,0.031,0.035,0.038,,,
2021/03/18,0.1,,0.03,N/A,N/A,42,N/A,124.432105,0.01,0.035,0.0716,0.031,0.035,0.038,,,
2021/03/19,0.1,,0.03,0.03,0.03,238,4,124.432208,0.0104,0.0293,0.073,0.032,0.034,0.04,,,
2021/03/22,0.1,,0.03,0.03,0.03,1061,9,124.432514,0.01,0.0305,0.08,0.032,0.0355,0.04,,,
2021/03/23,0.1,,0.03,0.03,0.03,533,8,124.432617,0.01,0.0307,0.0716,0.032,0.0335,0.04,,,
2021/03/24,0.1,,0.03,N/A,N/A,192,N/A,124.432719,0.01,0.03,0.0777,0.032,0.033,0.038,,,
2021/03/25,0.1,,0.03,N/A,N/A,252,N/A,124.432821,0.01,0.0301,0.0744,0.032,0.033,0.038,,,
2021/03/26,0.1,,0.03,0.03,0.03,826,6,124.432923,0.01,0.03,0.075,0.031,0.034,0.038,,,
2021/03/29,0.1,,0.03,0.03,0.03,1354,9,124.43323,0.01,0.0302,0.073,0.0325,0.0355,0.04,,,
2021/03/30,0.1,,0.03,0.03,0.03,535,4,124.433333,0.0258,0.0441,0.0931,0.033,0.0355,0.043,,,
2021/03/31,0.1,,0.03,N/A,N/A,105,N/A,124.433435,0.0147,0.035,0.085,0.033,0.0325,0.04,,,
2021/04/01,0.1,,0.03,N/A,N/A,166,N/A,124.433537,0.01,0.0361,0.0867,0.034,0.0325,0.04,,,
2021/04/06,0.1,,0.03,N/A,N/A,325,N/A,124.434048,0.01,0.0351,0.0872,0.03,0.034,0.04,,,
2021/04/07,0.1,,0.03,N/A,N/A,122,N/A,124.434151,0.025,0.0544,0.096,0.031,0.034,0.04,,,
2021/04/08,0.1,,0.03,N/A,N/A,146,N/A,124.434253,0.015,0.0411,0.0902,0.03,0.034,0.04,,,
2021/04/09,0.1,,0.03,N/A,N/A,121,N/A,124.434355,0.0049,0.0292,0.0808,0.03,0.034,0.043,,,
2021/04/12,0.1,,0.03,N/A,N/A,455,N/A,124.434662,0.0191,0.0403,0.085,0.035,0.037,0.041,,,
2021/04/13,0.1,,0.03,N/A,N/A,192,N/A,124.434764,0.015,0.0419,0.0951,0.036,0.038,0.045,,,
2021/04/14,0.1,,0.03,N/A,N/A,80,N/A,124.434867,0.0143,0.0435,0.0938,0.039,0.042,0.046,,,
2021/04/15,0.1,,0.03,N/A,N/A,303,N/A,124.434969,0.0112,0.0404,0.0962,0.039,0.038,0.043,,,
2021/04/16,0.1,,0.03,N/A,N/A,220,N/A,124.435071,0.015,0.0424,0.0988,0.036,0.038,0.041,,,
2021/04/19,0.1,,0.03,N/A,N/A,35,N/A,124.435378,0.0147,0.0441,0.0989,0.033,0.032,0.035,,,
2021/04/20,0.1,,0.03,N/A,N/A,100,N/A,124.43548,0.0104,0.0413,0.0994,0.032,0.031,0.032,,,
2021/04/21,0.1,,0.03,N/A,N/A,304,N/A,124.435583,0.015,0.04,0.0983,0.031,0.031,0.03,,,
2021/04/22,0.1,,0.03,0.03,0.02,389,7,124.435685,0.0152,0.04,0.1,0.031,0.03,0.03,,,
2021/04/23,0.1,,0.03,0.03,0.03,871,7,124.435787,0.009,0.0407,0.0999,0.031,0.029,0.029,,,
2021/04/26,0.1,,0.03,N/A,N/A,220,N/A,124.436094,0.015,0.04,0.1,0.031,0.03,0.032,,,
2021/04/27,0.1,,0.03,N/A,N/A,181,N/A,124.436196,0.015,0.0417,0.0999,0.03,0.029,0.031,,,
2021/04/28,0.1,,0.03,N/A,N/A,71,N/A,124.436299,0.005,0.03,0.0905,0.032,0.031,0.033,,,
2021/04/29,0.1,,0.03,N/A,N/A,144,N/A,124.436401,0.0049,0.042,0.0987,0.033,0.032,0.033,,,
2021/04/30,0.1,,0.03,N/A,N/A,205,N/A,124.436503,0.015,0.04,0.0965,0.029,0.031,0.033,,,
2021/05/03,0.1,,0.03,N/A,N/A,241,N/A,124.43681,0.01,0.0417,0.0998,0.028,0.03,0.033,,,
2021/05/04,0.1,,0.03,0.03,0.03,213,5,124.436912,0.01,0.042,0.0978,0.029,0.029,0.032,,,
2021/05/05,0.1,,0.03,N/A,N/A,146,N/A,124.437014,0.01,0.04,0.1007,0.03,0.03,0.032,,,
2021/05/06,0.1,,0.03,N/A,N/A,34,N/A,124.437117,0.01,0.04,0.1009,0.029,0.029,0.029,,,
2021/05/07,0.1,,0.03,0.03,0.03,263,4,124.437219,0.0126,0.0421,0.1047,0.029,0.029,0.031,,,
2021/05/10,0.1,,0.03,0.03,0.03,205,5,124.437526,0.01,0.0438,0.1046,0.029,0.029,0.031,,,
2021/05/11,0.1,,0.03,N/A,N/A,165,N/A,124.437628,0.01,0.0415,0.1062,0.029,0.029,0.03,,,
2021/05/12,0.1,,0.03,0.03,0.03,184,4,124.43773,0.01,0.0403,0.1013,0.029,0.029,0.031,,,
2021/05/13,0.1,,0.03,N/A,N/A,90,N/A,124.437833,0.01,0.0406,0.1021,0.028,0.029,0.031,,,
2021/05/14,0.1,,0.03,N/A,N/A,0,N/A,124.437935,0.0095,0.0428,0.1,0.029,0.03,0.033,,,
2021/05/17,0.1,,0.03,N/A,N/A,115,N/A,124.438242,0.005,0.0394,0.103,0.028,0.028,0.03,,,
2021/05/18,0.1,,0.03,N/A,N/A,101,N/A,124.438344,0.01,0.04,0.1013,0.03,0.031,0.032,,,
2021/05/19,0.1,,0.03,N/A,N/A,161,N/A,124.438446,0.0094,0.0425,0.1017,0.032,0.032,0.031,,,
2021/05/20,0.1,,0.03,N/A,N/A,150,N/A,124.438549,0.01,0.0429,0.1011,0.035,0.034,0.033,,,
2021/05/21,0.1,,0.03,N/A,N/A,35,N/A,124.438651,0.01,0.0383,0.0988,0.035,0.034,0.032,,,
2021/05/24,0.1,,0.03,N/A,N/A,36,N/A,124.438958,0.01,0.0406,0.099,0.033,0.033,0.031,,,
2021/05/25,0.1,,0.03,N/A,N/A,36,N/A,124.43906,0.01,0.0403,0.0974,0.032,0.03,0.031,,,
2021/05/26,0.1,,0.03,N/A,N/A,82,N/A,124.439162,0.0123,0.04,0.0971,0.031,0.03,0.03,,,
2021/05/27,0.1,,0.03,0.03,0.03,205,5,124.439265,0.01,0.0397,0.09,0.03,0.029,0.029,,,
2021/05/28,0.1,,0.03,N/A,N/A,110,N/A,124.439367,0.01,0.0403,0.09,0.028,0.028,0.029,,,
2021/05/31,0.1,,0.03,N/A,N/A,83,N/A,124.439674,0,0.026,0.075,0.028,0.023,0.025,,,
2021/06/01,0.1,,0.03,0.03,0.03,143,4,124.439776,0.01,0.0343,0.0829,0.027,0.026,0.025,,,
2021/06/02,0.1,,0.03,N/A,N/A,150,N/A,124.439878,0,0.0209,0.075,0.027,0.023,0.021,,,
2021/06/03,0.1,,0.03,N/A,N/A,89,N/A,124.439981,0.01,0.0297,0.0803,0.027,0.02,0.02,,,
2021/06/04,0.1,,0.03,N/A,N/A,322,N/A,124.440083,0.01,0.0263,0.0699,0.026,0.023,0.023,,,
2021/06/07,0.1,,0.03,N/A,N/A,218,N/A,124.44039,0.01,0.025,0.07,0.026,0.025,0.025,,,
2021/06/08,0.1,,0.03,N/A,N/A,199,N/A,124.440492,0.01,0.0249,0.061,0.026,0.024,0.026,,,
2021/06/09,0.1,,0.03,N/A,N/A,145,N/A,124.440594,0.01,0.025,0.06,0.026,0.025,0.024,,,
2021/06/10,0.1,,0.03,N/A,N/A,80,N/A,124.440696,0.01,0.0245,0.055,0.027,0.029,0.027,,,
2021/06/11,0.1,,0.03,N/A,N/A,80,N/A,124.440799,0.01,0.0276,0.0518,0.029,0.03,0.032,,,
2021/06/15,0.1,,0.03,N/A,N/A,206,N/A,124.441208,0.01,0.0243,0.05,0.029,0.03,0.031,,,
2021/06/16,0.1,,0.03,N/A,N/A,263,N/A,124.44131,0.01,0.0221,0.0467,0.029,0.03,0.031,,,
2021/06/17,0.1,,0.03,0.03,0.03,466,5,124.441412,0.0123,0.0181,0.045,0.029,0.03,0.031,,,
2021/06/18,0.1,,0.03,0.03,0.03,492,6,124.441515,0.01,0.0213,0.045,0.03,0.03,0.032,,,
2021/06/21,0.1,,0.03,0.03,0.03,718,9,124.441822,0.0224,0.0381,0.06,0.031,0.031,0.032,,,
2021/06/22,0.1,,0.03,0.03,0.03,646,7,124.441924,0.02,0.0343,0.075,0.029,0.029,0.03,,,
2021/06/23,0.1,,0.03,N/A,N/A,191,N/A,124.442026,0.01,0.025,0.065,0.028,0.028,0.03,,,
2021/06/24,0.1,,0.03,N/A,N/A,217,N/A,124.442128,0.0285,0.0376,0.0783,0.031,0.033,0.033,,,
2021/06/25,0.1,,0.03,N/A,N/A,141,N/A,124.442231,0.02,0.0416,0.08,0.036,0.039,0.04,,,
2021/06/28,0.1,,0.03,0.03,0.03,1093,7,124.442538,0.01,0.03,0.07,0.033,0.034,0.035,,,
2021/06/29,0.1,,0.03,N/A,N/A,31,N/A,124.44264,0.0146,0.03,0.07,0.034,0.034,0.038,,,
2021/06/30,0.1,,0.03,N/A,N/A,24,N/A,124.442742,0.01,0.0303,0.065,0.033,0.033,0.033,,,
2021/07/01,0.1,,0.03,N/A,N/A,107,N/A,124.442844,0.0121,0.025,0.065,0.032,0.031,0.035,,,
2021/07/02,0.1,,0.03,N/A,N/A,190,N/A,124.442947,0.0106,0.025,0.065,0.032,0.034,0.036,,,
2021/07/05,0.1,,0.03,N/A,N/A,100,N/A,124.443254,0.01,0.025,0.065,0.033,0.035,0.038,,,
2021/07/06,0.1,,0.03,N/A,N/A,142,N/A,124.443356,0.01,0.0247,0.065,0.032,0.032,0.035,,,
2021/07/07,0.1,,0.03,N/A,N/A,86,N/A,124.443458,0.0106,0.025,0.065,0.033,0.034,0.036,,,
2021/07/08,0.1,,0.03,N/A,N/A,90,N/A,124.44356,0,0.025,0.055,0.033,0.034,0.035,,,
2021/07/09,0.1,,0.03,N/A,N/A,30,N/A,124.443663,0.01,0.025,0.065,0.033,0.032,0.035,,,
2021/07/12,0.1,,0.03,N/A,N/A,0,N/A,124.443969,0.01,0.025,0.065,0.029,0.031,0.034,,,
2021/07/13,0.1,,0.03,N/A,N/A,0,N/A,124.444072,0.01,0.0253,0.065,0.031,0.032,0.035,,,
2021/07/14,0.1,,0.03,N/A,N/A,137,N/A,124.444174,0.01,0.025,0.065,0.031,0.031,0.034,,,
2021/07/15,0.1,,0.03,N/A,N/A,83,N/A,124.444276,0.0075,0.025,0.065,0.029,0.029,0.032,,,
2021/07/16,0.1,,0.03,N/A,N/A,83,N/A,124.444379,0.0072,0.0242,0.0587,0.029,0.03,0.033,,,
2021/07/19,0.1,,0.03,N/A,N/A,4,N/A,124.444685,0.01,0.0252,0.06,0.03,0.029,0.032,,,
2021/07/20,0.1,,0.03,N/A,N/A,24,N/A,124.444788,0.01,0.0247,0.063,0.028,0.029,0.032,,,
2021/07/21,0.1,,0.03,N/A,N/A,120,N/A,124.44489,0.01,0.0258,0.055,0.026,0.027,0.032,,,
2021/07/22,0.1,,0.03,N/A,N/A,0,N/A,124.444992,0.007,0.025,0.055,0.024,0.025,0.031,,,
2021/07/23,0.1,,0.03,N/A,N/A,117,N/A,124.445095,0.01,0.025,0.055,0.024,0.025,0.029,,,
2021/07/26,0.1,,0.03,N/A,N/A,0,N/A,124.445401,0.0137,0.025,0.055,0.025,0.026,0.029,,,
2021/07/27,0.1,,0.03,N/A,N/A,0,N/A,124.445504,0.01,0.0249,0.055,0.026,0.026,0.027,,,
2021/07/28,0.1,,0.03,N/A,N/A,0,N/A,124.445606,0.01,0.0199,0.05,0.025,0.025,0.028,,,
2021/07/29,0.1,,0.03,N/A,N/A,0,N/A,124.445708,0.0181,0.0174,0.05,0.024,0.026,0.029,,,
2021/07/30,0.1,,0.03,N/A,N/A,0,N/A,124.445811,0.0077,0.0205,0.05,0.024,0.023,0.026,,,
2021/08/02,0.1,,0.03,N/A,N/A,200,N/A,124.446117,,,,0.028,0.027,0.027,,,
2021/08/03,0.1,,0.03,N/A,N/A,0,N/A,124.44622,0.02,0.03,0.045,0.027,0.026,0.027,,,
2021/08/04,0.1,,0.03,N/A,N/A,112,N/A,124.446322,0.01,0.015,0.0394,0.025,0.024,0.024,,,
2021/08/05,0.1,,0.03,N/A,N/A,0,N/A,124.446424,0.01,0.015,0.035,0.025,0.028,0.023,,,
2021/08/06,0.1,,0.03,N/A,N/A,0,N/A,124.446527,-0.0067,0,0.025,0.025,0.022,0.024,,,
2021/08/09,0.1,,0.03,N/A,N/A,165,N/A,124.446833,0.005,0.015,0.035,0.024,0.021,0.025,,,
2021/08/10,0.1,,0.03,N/A,N/A,170,N/A,124.446936,0.0027,0.0126,0.0303,0.025,0.021,0.025,,,
2021/08/11,0.1,,0.03,N/A,N/A,83,N/A,124.447038,0.01,0.0191,0.035,0.025,0.025,0.027,,,
2021/08/12,0.1,,0.03,N/A,N/A,0,N/A,124.44714,0.01,0.014,0.035,0.025,0.026,0.028,,,
2021/08/13,0.1,,0.03,N/A,N/A,0,N/A,124.447243,0.0051,0.015,0.035,0.025,0.025,0.028,,,
2021/08/16,0.1,,0.03,N/A,N/A,0,N/A,124.447549,0.01,0.0157,0.035,0.025,0.025,0.028,,,
2021/08/17,0.1,,0.03,N/A,N/A,0,N/A,124.447652,0.01,0.03,0.035,0.025,0.025,0.029,,,
2021/08/18,0.1,,0.03,N/A,N/A,20,N/A,124.447754,0.01,0.01,0.03,0.026,0.025,0.025,,,
2021/08/19,0.1,,0.03,N/A,N/A,20,N/A,124.447856,0.005,0.0123,0.03,0.023,0.023,0.025,,,
2021/08/20,0.1,,0.03,N/A,N/A,75,N/A,124.447959,0.0125,0.01,0.03,0.022,0.021,0.024,,,
2021/08/23,0.1,,0.03,N/A,N/A,0,N/A,124.448265,0.01,0.01,0.03,0.022,0.022,0.024,,,
2021/08/24,0.1,,0.03,N/A,N/A,50,N/A,124.448368,0.01,0.0107,0.03,0.021,0.021,0.024,,,
2021/08/25,0.1,,0.03,N/A,N/A,200,N/A,124.44847,0.0056,0.0108,0.03,0.02,0.021,0.024,,,
2021/08/26,0.1,,0.03,N/A,N/A,164,N/A,124.448572,0.01,0.0134,0.03,0.02,0.021,0.024,,,
2021/08/27,0.1,,0.03,N/A,N/A,0,N/A,124.448675,0.01,0.01,0.03,0.019,0.019,0.025,,,
2021/08/30,0.1,,0.03,N/A,N/A,23,N/A,124.448981,0.0063,0.0116,0.03,0.02,0.019,0.024,,,
2021/08/31,0.1,,0.03,N/A,N/A,41,N/A,124.449084,0.01,0.0121,0.03,0.02,0.019,0.025,,,
2021/09/01,0.1,,0.03,N/A,N/A,47,N/A,124.449186,0.0072,0.0125,0.03,0.02,0.02,0.025,,,
2021/09/02,0.1,,0.03,N/A,N/A,41,N/A,124.449288,0.01,0.0127,0.03,0.02,0.02,0.025,,,
2021/09/03,0.1,,0.03,N/A,N/A,0,N/A,124.449391,0.0049,0.0148,0.03,0.026,0.02,0.025,,,
2021/09/06,0.1,,0.03,0.03,0.03,1072,7,124.449697,0.01,0.012,0.03,0.025,0.02,0.026,,,
2021/09/07,0.1,,0.03,N/A,N/A,68,N/A,124.4498,0.0027,0.0116,0.028,0.025,0.022,0.025,,,
2021/09/08,0.1,,0.03,N/A,N/A,70,N/A,124.449902,0.01,0.0107,0.025,0.025,0.031,0.034,,,
2021/09/09,0.1,,0.03,N/A,N/A,48,N/A,124.450004,0.01,0.0104,0.025,0.029,0.032,0.033,,,
2021/09/10,0.1,,0.03,N/A,N/A,40,N/A,124.450107,0.01,0.013,0.04,0.026,0.028,0.029,,,
2021/09/13,0.1,,0.03,N/A,N/A,42,N/A,124.450413,0.0025,0.0116,0.03,0.027,0.028,0.029,,,
2021/09/14,0.1,,0.03,N/A,N/A,12,N/A,124.450516,0.01,0.0107,0.03,0.025,0.028,0.027,,,
2021/09/15,0.1,,0.03,N/A,N/A,87,N/A,124.450618,0.01,0.011,0.03,0.027,0.024,0.024,,,
2021/09/16,0.1,,0.03,N/A,N/A,92,N/A,124.45072,0.0084,0.0127,0.0317,0.025,0.024,0.028,,,
2021/09/17,0.1,,0.03,N/A,N/A,88,N/A,124.450823,0.0082,0.0135,0.03,0.026,0.025,0.028,,,
2021/09/20,0.1,,0.03,N/A,N/A,80,N/A,124.451129,0.0089,0.0129,0.03,0.026,0.026,0.027,,,
2021/09/21,0.1,,0.03,N/A,N/A,106,N/A,124.451232,0.01,0.0122,0.04,0.025,0.025,0.026,,,
2021/09/22,0.1,,0.03,N/A,N/A,247,N/A,124.451334,0.0038,0.0159,0.035,0.025,0.025,0.026,,,
2021/09/23,0.1,,0.03,N/A,N/A,241,N/A,124.451436,0.01,0.0155,0.0385,0.028,0.029,0.03,,,
2021/09/24,0.1,,0.03,N/A,N/A,277,N/A,124.451539,0.02,0.026,0.045,0.028,0.029,0.034,,,
2021/09/27,0.1,,0.03,N/A,N/A,226,N/A,124.451845,0.01,0.0169,0.035,0.026,0.029,0.031,,,
2021/09/28,0.1,,0.03,N/A,N/A,334,N/A,124.451948,0.01,0.016,0.035,0.028,0.029,0.034,,,
2021/09/29,0.1,,0.03,N/A,N/A,352,N/A,124.45205,0.0105,0.0186,0.035,0.028,0.03,0.031,,,
2021/09/30,0.1,,0.03,0.04,0.03,315,7,124.452152,0.01,0.0196,0.0512,0.029,0.03,0.034,,,
2021/10/01,0.1,,0.03,N/A,N/A,0,N/A,124.452255,0.003,0.0194,0.0536,0.029,0.03,0.034,,,
2021/10/04,0.1,,0.03,N/A,N/A,0,N/A,124.452562,,,,0.029,0.03,0.032,,,
2021/10/05,0.1,,0.03,N/A,N/A,274,N/A,124.452664,0.01,0.02,0.0488,0.029,0.029,0.032,,,
2021/10/06,0.1,,0.03,N/A,N/A,249,N/A,124.452766,0.01,0.015,0.04,0.029,0.029,0.032,,,
2021/10/07,0.1,,0.03,N/A,N/A,53,N/A,124.452868,0.02,0.0311,0.0647,0.029,0.03,0.036,,,
2021/10/08,0.1,,0.03,N/A,N/A,50,N/A,124.452971,0.0072,0.0237,0.0601,0.03,0.033,0.04,,,
2021/10/11,0.1,,0.03,N/A,N/A,50,N/A,124.453278,0.003,0.015,0.0538,0.03,0.033,0.044,,,
2021/10/12,0.1,,0.03,N/A,N/A,50,N/A,124.45338,0.02,0.04,0.0548,0.031,0.033,0.045,,,
2021/10/13,0.1,,0.03,N/A,N/A,47,N/A,124.453482,-0.0064,0.015,0.0547,0.031,0.034,0.035,,,
2021/10/14,0.1,,0.03,N/A,N/A,64,N/A,124.453584,0.0094,0.027,0.0632,0.031,0.034,0.04,,,
2021/10/15,0.1,,0.03,N/A,N/A,245,N/A,124.453687,0.02,0.035,0.0751,0.031,0.034,0.044,,,
2021/10/18,0.1,,0.03,N/A,N/A,299,N/A,124.453994,0.0217,0.0441,0.0888,0.031,0.036,0.051,,,
2021/10/19,0.1,,0.03,0.03,0.03,343,4,124.454096,-0.0032,0.0252,0.0834,0.034,0.035,0.057,,,
2021/10/20,0.1,,0.03,N/A,N/A,190,N/A,124.454198,0.02,0.0477,0.1046,0.032,0.035,0.056,,,
2021/10/21,0.1,,0.03,N/A,N/A,233,N/A,124.4543,0.03,0.0604,0.1191,0.033,0.035,0.061,,,
2021/10/22,0.1,,0.03,N/A,N/A,114,N/A,124.454403,0.0049,0.0425,0.1192,0.033,0.035,0.059,,,
2021/10/25,0.1,,0.03,0.03,0.03,272,5,124.45471,0.0049,0.032,0.1093,0.033,0.035,0.056,,,
2021/10/26,0.1,,0.03,0.03,0.03,285,5,124.454812,0.02,0.05,0.1195,0.045,0.046,0.061,,,
2021/10/27,0.1,,0.03,0.03,0.03,385,6,124.454914,0.02,0.0513,0.1268,0.054,0.055,0.08,,,
2021/10/28,0.1,,0.03,0.03,0.03,428,4,124.455017,0.0581,0.1112,0.2045,0.107,0.113,0.154,,,
2021/10/29,0.1,,0.03,0.04,0.03,754,11,124.455119,0.0003,0.0602,0.1941,0.033,0.035,0.086,,,
2021/11/01,0.1,,0.03,0.06,0.03,873,9,124.455426,0.0017,0.0517,0.1892,0.034,0.025,0.071,,,
2021/11/02,0.1,,0.03,N/A,N/A,365,N/A,124.455528,-0.0395,0.0115,0.1306,0.031,0.044,0.074,,,
2021/11/03,0.1,,0.03,0.03,0.03,277,4,124.45563,0.015,0.05,0.1493,0.034,0.041,0.064,,,
2021/11/04,0.1,,0.03,N/A,N/A,227,N/A,124.455733,0.015,0.045,0.1419,0.034,0.043,0.07,,,
2021/11/05,0.1,,0.03,N/A,N/A,262,N/A,124.455835,0.015,0.0488,0.1394,0.033,0.036,0.06,,,
2021/11/08,0.1,,0.03,N/A,N/A,266,N/A,124.456142,0.005,0.035,0.125,0.033,0.034,0.053,,,
2021/11/09,0.1,,0.03,0.03,0.03,631,6,124.456244,0.015,0.0457,0.1284,0.033,0.034,0.053,,,
2021/11/10,0.1,,0.03,0.03,0.03,529,6,124.456346,0.0083,0.0431,0.125,0.031,0.03,0.046,,,
2021/11/11,0.1,,0.03,0.03,0.03,442,7,124.456449,0.005,0.0324,0.1243,0.034,0.035,0.055,,,
2021/11/12,0.1,,0.04,0.06,0.03,584,7,124.456551,0.015,0.04,0.13,0.034,0.034,0.055,,,
2021/11/15,0.1,,0.04,0.04,0.03,553,5,124.45696,0.0057,0.0463,0.1377,0.034,0.035,0.065,,,
2021/11/16,0.1,,0.04,0.04,0.03,788,8,124.457096,0.015,0.0449,0.135,0.04,0.039,0.069,,,
2021/11/17,0.1,,0.04,0.04,0.04,702,6,124.457233,0.015,0.0449,0.13,0.034,0.036,0.059,,,
2021/11/18,0.1,,0.04,0.04,0.03,858,9,124.457369,0.015,0.04,0.1239,0.041,0.046,0.066,,,
2021/11/19,0.1,,0.04,0.04,0.03,780,8,124.457506,0.0197,0.0572,0.1427,0.041,0.046,0.076,,,
2021/11/22,0.1,,0.04,0.04,0.03,395,6,124.457915,0.015,0.0472,0.13,0.041,0.044,0.066,,,
2021/11/23,0.1,,0.04,0.04,0.04,393,6,124.458051,0.0095,0.0482,0.1434,0.041,0.04,0.061,,,
2021/11/24,0.1,,0.04,0.04,0.04,507,6,124.458188,0.0172,0.045,0.1406,0.041,0.035,0.053,,,
2021/11/25,0.1,,0.04,0.04,0.04,809,8,124.458324,0.0058,0.045,0.144,0.04,0.033,0.055,,,
2021/11/26,0.1,,0.04,0.04,0.04,364,4,124.45846,0.005,0.0491,0.135,0.038,0.032,0.054,,,
2021/11/29,0.1,,0.04,N/A,N/A,447,N/A,124.45887,0.0137,0.045,0.1342,0.038,0.032,0.051,,,
2021/11/30,0.1,,0.04,0.07,0.04,506,13,124.459006,0.005,0.0376,0.13,0.042,0.031,0.045,,,
2021/12/01,0.1,,0.04,0.04,0.04,536,7,124.459142,0.0236,0.0647,0.1467,0.038,0.043,0.054,,,
2021/12/02,0.1,,0.04,0.04,0.04,576,6,124.459279,0.025,0.0685,0.1657,0.038,0.04,0.054,,,
2021/12/03,0.1,,0.04,0.04,0.03,519,6,124.459415,0.0125,0.0587,0.145,0.04,0.04,0.054,,,
2021/12/06,0.1,,0.04,0.04,0.04,541,6,124.459824,0.015,0.055,0.1537,0.04,0.04,0.054,,,
2021/12/07,0.1,,0.04,0.04,0.04,1324,9,124.459961,0.0085,0.0579,0.1517,0.043,0.033,0.063,,,
2021/12/08,0.1,,0.04,0.04,0.04,675,6,124.460097,0.005,0.045,0.1657,0.04,0.031,0.082,,,
2021/12/09,0.1,,0.04,0.04,0.04,651,7,124.460233,0.025,0.0707,0.1905,0.03,0.048,0.087,,,
2021/12/10,0.1,,0.04,0.05,0.04,1204,10,124.46037,0.015,0.0618,0.1838,0.03,0.05,0.09,,,
2021/12/13,0.1,,0.04,0.04,0.04,444,6,124.460779,0.015,0.0615,0.185,0.03,0.049,0.091,,,
2021/12/14,0.1,,0.04,0.04,0.04,349,5,124.460915,0.0003,0.0612,0.1839,0.03,0.049,0.086,,,
2021/12/15,0.1,,0.04,0.04,0.04,264,4,124.461052,0.025,0.0721,0.1961,0.03,0.051,0.094,,,
2021/12/16,0.1,,0.04,N/A,N/A,10,N/A,124.461188,0.0283,0.075,0.2105,0.03,0.055,0.11,,,
2021/12/17,0.1,,0.04,N/A,N/A,290,N/A,124.461325,0.025,0.0804,0.2168,0.03,0.057,0.114,,,
2021/12/20,0.1,,0.04,0.04,0.04,592,6,124.461734,-0.005,0.045,0.1989,0.03,0.056,0.114,,,
2021/12/21,0.1,,0.04,0.04,0.04,519,6,124.46187,0.0069,0.0586,0.2041,0.03,0.056,0.108,,,
2021/12/22,0.1,,0.04,N/A,N/A,103,N/A,124.462006,-0.0177,0.0425,0.1834,0.03,0.052,0.098,,,
2021/12/23,0.1,,0.04,N/A,N/A,69,N/A,124.462142,0.025,0.0722,0.2212,0.03,0.05,0.096,,,
2021/12/24,0.1,,0.04,N/A,N/A,66,N/A,124.462278,0.015,0.06,0.2141,0.03,0.053,0.102,,,
2021/12/29,0.1,,0.04,N/A,N/A,73,N/A,124.46296,0.0095,0.0618,0.2123,0.03,0.055,0.099,,,
2021/12/30,0.1,,0.04,N/A,N/A,0,N/A,124.463096,0.025,0.0774,0.22,0.03,0.055,0.102,,,
2021/12/31,0.1,,0.04,N/A,N/A,58,N/A,124.463232,0.015,0.0677,0.2135,0.031,0.052,0.105,,,
2022/01/04,0.1,,0.04,N/A,N/A,62,N/A,124.463778,0.025,0.0749,0.2228,0.034,0.058,0.111,,,
2022/01/05,0.1,,0.04,N/A,N/A,62,N/A,124.463914,0.015,0.065,0.2168,0.034,0.057,0.112,,,
2022/01/06,0.1,,0.04,N/A,N/A,62,N/A,124.46405,0.015,0.0693,0.2284,0.035,0.06,0.128,,,
2022/01/07,0.1,,0.04,N/A,N/A,130,N/A,124.464186,0.005,0.0573,0.225,0.037,0.06,0.125,,,
2022/01/10,0.1,,0.04,N/A,N/A,296,N/A,124.464595,0.015,0.0683,0.2356,0.038,0.063,0.132,,,
2022/01/11,0.1,,0.04,N/A,N/A,287,N/A,124.464731,0.015,0.0663,0.235,0.038,0.063,0.132,,,
2022/01/12,0.1,,0.04,0.06,0.04,434,5,124.464867,0.0143,0.0662,0.2421,0.038,0.063,0.132,,,
2022/01/13,0.1,,0.05,0.06,0.04,572,7,124.465003,0.0122,0.065,0.2319,0.038,0.063,0.132,,,
2022/01/14,0.1,,0.05,0.06,0.04,791,5,124.465174,0.0289,0.0828,0.24,0.038,0.063,0.132,,,
2022/01/17,0.1,,0.05,0.06,0.04,517,5,124.465686,0.0061,0.055,0.228,0.045,0.07,0.159,,,
2022/01/18,0.1,,0.05,N/A,N/A,180,N/A,124.465857,0.025,0.0763,0.2495,0.049,0.077,0.171,,,
2022/01/19,0.1,,0.05,N/A,N/A,200,N/A,124.466028,0.0207,0.075,0.245,0.05,0.081,0.183,,,
2022/01/20,0.1,,0.05,N/A,N/A,184,N/A,124.466199,0.0106,0.065,0.2353,0.051,0.082,0.186,,,
2022/01/21,0.1,,0.05,N/A,N/A,34,N/A,124.46637,0.015,0.0749,0.2379,0.054,0.084,0.179,,,
2022/01/24,0.1,,0.05,N/A,N/A,325,N/A,124.466882,0.015,0.065,0.24,0.053,0.084,0.185,,,
2022/01/25,0.1,,0.05,N/A,N/A,292,N/A,124.467053,0.025,0.075,0.245,0.057,0.089,0.203,,,
2022/01/27,0.1,,0.05,N/A,N/A,190,N/A,124.467394,0.0124,0.075,0.2621,0.058,0.106,0.232,,,
2022/01/28,0.1,,0.05,N/A,N/A,214,N/A,124.467565,-0.0199,0.045,0.229,0.056,0.091,0.206,,,
2022/01/31,0.1,,0.05,0.06,0.05,375,5,124.468077,0.0032,0.065,0.2425,0.053,0.083,0.197,,,
2022/02/01,0.1,,0.05,N/A,N/A,442,N/A,124.468248,-0.036,0.0208,0.1969,0.048,0.053,0.108,,,
2022/02/02,0.1,,0.05,N/A,N/A,442,N/A,124.468419,-0.005,0.05,0.1915,0.031,0.059,0.143,,,
2022/02/03,0.1,,0.05,N/A,N/A,367,N/A,124.46859,0.0086,0.0675,0.2032,0.032,0.055,0.138,,,
2022/02/04,0.1,,0.05,N/A,N/A,239,N/A,124.468761,0.0281,0.0813,0.2288,0.036,0.064,0.16,,,
2022/02/07,0.1,,0.05,N/A,N/A,565,N/A,124.469273,0.015,0.07,0.2438,0.036,0.066,0.18,,,
2022/02/08,0.1,,0.05,N/A,N/A,106,N/A,124.469444,0.0273,0.0762,0.2481,0.038,0.068,0.192,,,
2022/02/09,0.1,,0.05,N/A,N/A,45,N/A,124.469615,0.005,0.055,0.2282,0.039,0.064,0.184,,,
2022/02/10,0.1,,0.05,N/A,N/A,39,N/A,124.469786,0.0114,0.0701,0.237,0.04,0.066,0.184,,,
2022/02/11,0.1,,0.05,N/A,N/A,39,N/A,124.469957,0.035,0.1017,0.3145,0.049,0.098,0.254,,,
2022/02/14,0.1,,0.05,N/A,N/A,89,N/A,124.470469,0.005,0.0644,0.265,0.046,0.082,0.225,,,
2022/02/15,0.1,,0.05,N/A,N/A,175,N/A,124.47064,0.015,0.08,0.2757,0.047,0.084,0.236,,,
2022/02/16,0.1,,0.05,N/A,N/A,316,N/A,124.470811,0.0032,0.0684,0.265,0.048,0.081,0.226,,,
2022/02/17,0.1,,0.05,0.06,0.05,440,4,124.470982,0.005,0.07,0.26,0.046,0.073,0.204,,,
2022/02/18,0.1,,0.05,N/A,N/A,158,N/A,124.471153,0.0145,0.09,0.275,0.049,0.082,0.213,,,
2022/02/21,0.1,,0.05,0.06,0.05,259,4,124.471665,0.0099,0.075,0.265,0.05,0.081,0.211,,,
2022/02/22,0.1,,0.05,0.06,0.05,521,5,124.471836,0.015,0.0755,0.265,0.051,0.083,0.222,,,
2022/02/23,0.1,,0.05,0.06,0.05,803,4,124.472007,-0.0164,0.055,0.2827,0.052,0.076,0.213,,,
2022/02/24,0.1,,0.05,N/A,N/A,128,N/A,124.472178,0.0185,0.075,0.27,0.049,0.068,0.18,,,
2022/02/25,0.1,,0.05,0.05,0.05,260,4,124.472349,0.015,0.0783,0.2683,0.052,0.077,0.203,,,
2022/02/28,0.1,,0.05,0.07,0.05,340,10,124.472861,0.0166,0.0798,0.25,0.053,0.073,0.169,,,
2022/03/01,0.1,,0.05,0.05,0.05,900,4,124.473032,0.0275,0.095,0.265,0.053,0.073,0.167,,,
2022/03/02,0.1,,0.05,N/A,N/A,37,N/A,124.473203,0.0161,0.085,0.281,0.03,0.063,0.155,,,
2022/03/03,0.1,,0.05,N/A,N/A,10,N/A,124.473374,0.015,0.0983,0.3385,0.03,0.068,0.181,,,
2022/03/04,0.1,,0.05,N/A,N/A,41,N/A,124.473545,0.0156,0.1183,0.3798,0.031,0.07,0.204,,,
2022/03/07,0.1,,0.05,N/A,N/A,109,N/A,124.474057,0.015,0.135,0.4043,0.033,0.073,0.218,,,
2022/03/08,0.1,,0.05,N/A,N/A,142,N/A,124.474228,0.085,0.2085,0.515,0.037,0.084,0.259,,,
2022/03/09,0.1,,0.05,N/A,N/A,196,N/A,124.474399,0.035,0.1658,0.5286,0.037,0.086,0.283,,,
2022/03/10,0.1,,0.05,N/A,N/A,156,N/A,124.47457,0.0286,0.155,0.51,0.037,0.094,0.272,,,
2022/03/11,0.1,,0.05,N/A,N/A,228,N/A,124.474741,0.015,0.145,0.51,0.042,0.095,0.281,,,
2022/03/14,0.1,,0.05,0.06,0.05,452,4,124.475253,0.0366,0.1647,0.52,0.044,0.096,0.285,,,
2022/03/15,0.1,,0.05,0.05,0.05,398,3,124.475424,0.025,0.1645,0.535,0.045,0.102,0.294,,,
2022/03/16,0.1,,0.05,N/A,N/A,42,N/A,124.475595,-0.015,0.1239,0.495,0.045,0.099,0.289,,,
2022/03/17,0.1,,0.05,0.06,0.05,670,8,124.475766,0.0645,0.1997,0.5669,0.048,0.115,0.31,,,
2022/03/18,0.1,,0.05,0.06,0.05,710,4,124.475937,0.0283,0.1928,0.5642,0.052,0.123,0.335,,,
2022/03/21,0.1,,0.05,N/A,N/A,611,N/A,124.476449,0.015,0.1802,0.565,0.053,0.13,0.351,,,
2022/03/22,0.1,,0.05,0.06,0.05,441,3,124.47662,0.0587,0.2216,0.6389,0.064,0.153,0.403,,,
2022/03/23,0.1,,0.05,N/A,N/A,105,N/A,124.476791,0.035,0.215,0.6682,0.061,0.158,0.438,,,
2022/03/24,0.1,,0.05,N/A,N/A,175,N/A,124.476962,0.055,0.235,0.6855,0.058,0.163,0.436,,,
2022/03/25,0.1,,0.05,N/A,N/A,250,N/A,124.477133,-0.015,0.1828,0.6458,0.062,0.159,0.447,,,
2022/03/28,0.1,,0.05,N/A,N/A,234,N/A,124.477645,0.0344,0.225,0.7,0.066,0.178,0.491,,,
2022/03/29,0.1,,0.05,0.05,0.05,419,3,124.477816,0.0686,0.2744,0.764,0.069,0.19,0.523,,,
2022/03/30,0.1,,0.05,N/A,N/A,268,N/A,124.477987,-0.045,0.1707,0.6664,0.061,0.158,0.465,,,
2022/03/31,0.1,,0.09,0.15,0.05,1532,13,124.478158,-0.0073,0.2115,0.685,0.063,0.15,0.46,,,
2022/04/01,0.1,,0.07,0.1,0.05,785,9,124.478465,0.005,0.2232,0.7007,0.083,0.176,0.478,,,
2022/04/04,0.1,,0.06,0.07,0.06,636,5,124.479181,0.0221,0.2531,0.7407,0.081,0.168,0.469,,,
2022/04/05,0.1,,0.06,0.07,0.06,625,8,124.479386,0.14,0.3584,0.8423,0.075,0.196,0.554,,,
2022/04/06,0.1,,0.06,0.06,0.06,405,3,124.479591,0.03,0.2942,0.8445,0.052,0.204,0.602,,,
2022/04/07,0.1,,0.06,0.06,0.06,798,8,124.479796,0.0263,0.2873,0.845,0.053,0.209,0.602,,,
2022/04/08,0.1,,0.06,0.06,0.06,569,4,124.480001,0.0171,0.285,0.86,0.058,0.218,0.611,,,
2022/04/11,0.1,,0.06,0.08,0.06,663,7,124.480615,0.025,0.31,0.87,0.06,0.223,0.611,,,
2022/04/12,0.1,,0.06,0.09,0.06,413,6,124.48082,0.039,0.3127,0.8772,0.064,0.222,0.611,,,
2022/04/13,0.1,,0.06,0.06,0.06,507,4,124.481025,0.035,0.3206,0.88,0.075,0.232,0.619,,,
2022/04/14,0.1,,0.06,0.06,0.06,473,6,124.48123,0.015,0.3092,0.8904,0.087,0.273,0.668,,,
2022/04/19,0.1,,0.06,0.06,0.06,689,6,124.482253,0.045,0.3729,0.9747,0.096,0.294,0.705,,,
2022/04/20,0.1,,0.06,0.06,0.06,751,5,124.482458,0.05,0.4008,1.0163,0.114,0.324,0.749,,,
2022/04/21,0.1,,0.06,0.06,0.06,932,5,124.482663,0.095,0.45,1.0823,0.123,0.344,0.796,,,
2022/04/22,0.1,,0.06,0.08,0.06,1036,10,124.482868,0.19,0.5832,1.2555,0.154,0.443,0.947,,,
2022/04/26,0.1,,0.06,0.06,0.06,1117,7,124.483687,0.07,0.5074,1.2242,0.142,0.428,0.941,,,
2022/04/27,0.1,,0.06,0.08,0.06,864,9,124.483892,0.3104,0.7393,1.4559,0.23,0.555,1.081,,,
2022/04/28,0.1,,0.06,0.07,0.06,685,7,124.484097,0.1293,0.6362,1.3867,0.229,0.565,1.117,,,
2022/04/29,0.1,,0.06,0.08,0.06,352,11,124.484302,0.1649,0.662,1.4045,0.242,0.574,1.12,,,
2022/05/02,0.1,,0.06,0.06,0.06,268,3,124.484916,0.21,0.72,1.485,0.207,0.55,1.11,,,
2022/05/03,0.1,,0.07,0.15,0.06,624,5,124.485121,0.39,0.8969,1.6805,0.31,0.707,1.284,,,
2022/05/04,0.35,0.25,0.31,N/A,N/A,349,N/A,124.48536,0.345,0.935,1.755,0.31,0.738,1.426,,,
2022/05/05,0.35,,0.31,0.31,0.31,670,7,124.486417,0.245,0.8664,1.7153,0.31,0.73,1.351,,,
2022/05/06,0.35,,0.31,0.31,0.31,954,7,124.487474,0.275,0.9204,1.7691,0.323,0.766,1.422,,,
2022/05/09,0.35,,0.31,0.31,0.31,1000,10,124.490646,0.2686,0.9037,1.7673,0.336,0.761,1.42,,,
2022/05/10,0.35,,0.31,0.31,0.31,1123,8,124.491703,0.3217,0.9503,1.7814,0.372,0.727,1.331,,,
2022/05/11,0.35,,0.31,0.31,0.31,686,8,124.49276,0.3383,0.9433,1.7815,0.375,0.748,1.361,,,
2022/05/12,0.35,,0.31,0.31,0.31,871,9,124.493817,0.3325,0.9614,1.8,0.374,0.755,1.329,,,
2022/05/13,0.35,,0.31,0.32,0.31,655,6,124.494874,0.36,0.9895,1.7834,0.397,0.759,1.308,,,
2022/05/16,0.35,,0.31,0.31,0.31,392,3,124.498046,0.37,1,1.797,0.408,0.771,1.325,,,
2022/05/17,0.35,,0.31,0.31,0.31,437,5,124.499103,0.4327,1.0653,1.8617,0.445,0.834,1.399,,,
2022/05/18,0.35,,0.31,0.31,0.31,415,7,124.50016,0.3937,1.04,1.855,0.441,0.835,1.412,,,
2022/05/19,0.35,,0.31,0.31,0.31,477,7,124.501217,0.3833,1.0141,1.798,0.433,0.81,1.342,,,
2022/05/20,0.35,,0.31,N/A,N/A,115,N/A,124.502274,0.4046,1.0347,1.7955,0.465,0.824,1.33,,,
2022/05/23,0.35,,0.31,0.31,0.31,433,3,124.505446,0.45,1.0644,1.8017,0.48,0.84,1.355,,,
2022/05/24,0.35,,0.31,0.32,0.31,707,10,124.506503,0.45,1.0705,1.8245,0.503,0.85,1.362,,,
2022/05/25,0.35,,0.31,0.31,0.31,325,3,124.50756,0.5,1.0933,1.8367,0.513,0.872,1.381,,,
2022/05/26,0.35,,0.31,0.31,0.31,598,5,124.508617,0.485,1.0852,1.8556,0.528,0.904,1.409,,,
2022/05/27,0.35,,0.31,0.32,0.31,169,3,124.509674,0.505,1.1385,1.8948,0.567,0.944,1.46,,,
2022/05/30,0.35,,0.31,0.31,0.31,373,4,124.512846,0.52,1.1604,1.9147,0.571,0.95,1.465,,,
2022/05/31,0.35,,0.31,0.35,0.31,979,13,124.513904,0.5622,1.1866,1.935,0.593,0.975,1.502,,,
2022/06/01,0.35,,0.31,0.32,0.31,1053,11,124.514962,0.545,1.1804,1.93,0.602,0.989,1.528,,,
2022/06/02,0.35,,0.31,0.33,0.31,1003,12,124.51602,0.585,1.2258,2.0082,0.619,1.022,1.595,,,
2022/06/03,0.35,,0.31,0.34,0.31,1327,16,124.517078,0.575,1.225,2.0092,0.654,1.053,1.629,,,
2022/06/06,0.35,,0.31,0.33,0.31,1631,9,124.520251,0.6,1.2317,1.996,0.64,1.013,1.564,,,
2022/06/07,0.35,,0.31,0.34,0.31,561,5,124.521309,1,1.6155,2.3989,0.837,1.272,1.884,,,
2022/06/08,0.85,0.5,0.81,0.83,0.81,881,7,124.522367,0.81,1.4634,2.3213,0.873,1.284,1.894,,,
2022/06/09,0.85,,0.82,0.85,0.81,1161,10,124.52513,0.82,1.4631,2.3121,0.878,1.321,1.918,,,
2022/06/10,0.85,,0.81,0.82,0.81,921,8,124.527928,0.8388,1.4962,2.334,0.932,1.376,1.973,,,
2022/06/14,0.85,,0.81,0.83,0.81,1261,11,124.538982,0.9034,1.5823,2.5455,0.983,1.531,2.265,,,
2022/06/15,0.85,,0.81,0.81,0.81,1150,8,124.541746,1.0352,1.7553,2.7521,1.041,1.619,2.397,,,
2022/06/16,0.85,,0.81,0.83,0.81,846,9,124.54451,1.0834,1.8326,2.7877,1.04,1.628,2.384,,,
2022/06/17,0.85,,0.81,0.82,0.81,1143,11,124.547274,1.0453,1.8089,2.8034,1.083,1.665,2.439,,,
2022/06/20,0.85,,0.81,0.83,0.81,1532,13,124.555566,0.9605,1.7662,2.7731,1.095,1.657,2.406,,,
2022/06/21,0.85,,0.81,0.83,0.81,3060,26,124.55833,0.8037,1.6158,2.6055,1.066,1.58,2.272,,,
2022/06/22,0.85,,0.81,0.83,0.81,1650,18,124.561094,0.9745,1.6983,2.625,1.087,1.553,2.195,,,
2022/06/23,0.85,,0.81,0.82,0.81,1790,11,124.563858,1.0883,1.74,2.61,1.09,1.558,2.189,,,
2022/06/24,0.85,,0.81,0.81,0.81,798,7,124.566622,1.06,1.741,2.5907,1.121,1.569,2.158,,,
2022/06/27,0.85,,0.81,0.83,0.81,1007,9,124.574915,1.16,1.8268,2.6825,1.149,1.601,2.208,,,
2022/06/28,0.85,,0.81,0.81,0.81,825,7,124.57768,1.0868,1.7698,2.64,1.167,1.613,2.217,,,
2022/06/29,0.85,,0.81,0.81,0.81,345,4,124.580445,1.102,1.7644,2.6425,1.175,1.618,2.209,,,
2022/06/30,0.85,,0.81,0.83,0.81,1800,20,124.58321,1.17,1.8432,2.7022,1.19,1.644,2.228,,,
2022/07/01,0.85,,0.81,0.81,0.81,833,4,124.585975,1.1333,1.793,2.625,1.24,1.658,2.22,,,
2022/07/04,0.85,,0.81,0.85,0.81,1195,7,124.594269,1.24,1.8616,2.67,1.274,1.663,2.223,,,
2022/07/05,0.85,,0.81,0.82,0.81,800,8,124.597034,1.19,1.8039,2.6467,1.374,1.724,2.263,,,
2022/07/06,1.35,0.5,1.31,1.35,1.31,616,7,124.599799,1.35,1.9247,2.7098,1.377,1.74,2.277,,,
2022/07/07,1.35,,1.31,1.32,1.31,490,8,124.604271,1.335,1.922,2.7496,1.381,1.777,2.305,,,
2022/07/08,1.35,,1.31,1.32,1.31,557,7,124.608743,1.3617,1.9418,2.76,1.423,1.802,2.342,,,
2022/07/11,1.35,,1.31,1.35,1.31,535,6,124.62216,1.4,1.98,2.795,1.441,1.828,2.386,,,
2022/07/12,1.35,,1.31,1.31,1.31,338,5,124.626633,1.39,1.9665,2.7583,1.474,1.83,2.353,,,
2022/07/13,1.35,,1.31,1.31,1.31,305,3,124.631106,1.4601,1.9845,2.75,1.475,1.832,2.348,,,
2022/07/14,1.35,,1.31,1.31,1.31,309,4,124.635579,1.5919,2.1604,3.012,1.558,2.068,2.624,,,
2022/07/15,1.35,,1.31,1.31,1.31,353,5,124.640052,1.495,2.1296,2.94,1.584,2.042,2.596,,,
2022/07/18,1.35,,1.31,1.31,1.31,228,3,124.653472,1.55,2.1718,2.98,1.602,2.06,2.618,,,
2022/07/19,1.35,,1.31,N/A,N/A,340,N/A,124.657946,1.61,2.2306,3.06,1.644,2.109,2.697,,,
2022/07/20,1.35,,1.31,1.32,1.31,927,6,124.66242,1.605,2.2266,3.0951,1.652,2.128,2.752,,,
2022/07/21,1.35,,1.31,1.31,1.31,604,5,124.666894,1.615,2.2338,3.085,1.657,2.149,2.745,,,
2022/07/22,1.35,,1.31,1.31,1.31,365,3,124.671368,1.58,2.2168,3.025,1.7,2.158,2.727,,,
2022/07/25,1.35,,1.31,N/A,N/A,327,N/A,124.684792,1.655,2.2193,3.0092,1.718,2.149,2.706,,,
2022/07/26,1.35,,1.31,N/A,N/A,207,N/A,124.689267,1.6974,2.271,3.0582,1.764,2.198,2.758,,,
2022/07/27,1.35,,1.31,1.31,1.31,323,3,124.693742,1.52,2.1008,2.88,1.704,2.096,2.622,,,
2022/07/28,1.35,,1.31,1.31,1.25,195,3,124.698217,1.67,2.1681,2.8871,1.726,2.104,2.59,,,
2022/07/29,1.35,,1.31,1.31,1.31,500,3,124.702692,1.612,2.0808,2.7445,1.777,2.111,2.549,,,
2022/08/01,1.35,,1.31,1.31,1.31,800,4,124.716119,,,,1.777,2.111,2.549,,,
2022/08/02,1.35,,1.31,1.32,1.31,213,4,124.720595,1.6341,2.0915,2.7427,1.777,2.109,2.522,,,
2022/08/03,1.85,0.5,1.81,1.81,1.81,875,4,124.725071,1.755,2.1781,2.8268,1.811,2.151,2.581,,,
2022/08/04,1.85,,1.81,N/A,N/A,150,N/A,124.731256,1.8052,2.1891,2.8374,1.811,2.183,2.605,,,
2022/08/05,1.85,,1.81,1.81,1.81,192,3,124.737441,1.8233,2.2211,2.8428,1.824,2.209,2.641,,,
2022/08/08,1.85,,1.81,N/A,N/A,380,N/A,124.755998,1.818,2.255,2.915,1.84,2.271,2.744,,,
2022/08/09,1.85,,1.81,N/A,N/A,282,N/A,124.762185,1.8125,2.2651,2.92,1.877,2.283,2.754,,,
2022/08/10,1.85,,1.81,N/A,N/A,180,N/A,124.768372,1.83,2.285,2.945,1.879,2.306,2.798,,,
2022/08/11,1.85,,1.81,N/A,N/A,245,N/A,124.774559,1.8557,2.2803,2.921,1.881,2.328,2.798,,,
2022/08/12,1.85,,1.81,N/A,N/A,150,N/A,124.780746,1.823,2.306,2.945,1.924,2.355,2.839,,,
2022/08/15,1.85,,1.81,N/A,N/A,150,N/A,124.799309,1.855,2.2951,2.9269,1.936,2.359,2.834,,,
2022/08/16,1.85,,1.81,N/A,N/A,150,N/A,124.805498,1.86,2.2835,2.8733,1.959,2.332,2.764,,,
2022/08/17,1.85,,1.81,1.81,1.81,397,5,124.811687,1.8917,2.2892,2.89,1.969,2.355,2.781,,,
2022/08/18,1.85,,1.81,1.81,1.81,572,6,124.817876,1.8866,2.3067,2.895,1.982,2.392,2.793,,,
2022/08/19,1.85,,1.81,1.81,1.81,656,6,124.824066,1.9239,2.3386,2.905,2.025,2.416,2.819,,,
2022/08/22,1.85,,1.81,1.81,1.81,422,4,124.842636,1.94,2.3401,2.9,2.046,2.444,2.858,,,
2022/08/23,1.85,,1.81,1.81,1.81,258,3,124.848827,1.9601,2.3742,2.9633,2.084,2.475,2.898,,,
2022/08/24,1.85,,1.81,1.81,1.81,168,3,124.855018,1.9812,2.372,2.96,2.083,2.469,2.88,,,
2022/08/25,1.85,,1.81,1.81,1.81,482,4,124.861209,1.99,2.39,2.975,2.093,2.505,2.904,,,
2022/08/26,1.85,,1.81,1.81,1.81,436,4,124.867401,2,2.4073,2.98,2.136,2.531,2.918,,,
2022/08/29,1.85,,1.81,1.81,1.81,311,3,124.885977,2.0489,2.4431,3,2.162,2.591,3.001,,,
2022/08/30,1.85,,1.81,1.81,1.81,274,4,124.89217,2.0452,2.4575,3.022,2.164,2.583,2.969,,,
2022/08/31,1.85,,1.81,1.82,1.81,515,15,124.898363,2.05,2.4666,3.0167,2.193,2.592,2.964,,,
2022/09/01,1.85,,1.81,1.81,1.81,443,4,124.904557,2.1003,2.475,3.03,2.205,2.618,2.997,,,
2022/09/02,1.85,,1.81,1.82,1.81,460,5,124.910751,2.1212,2.4723,3.035,2.241,2.641,3.009,,,
2022/09/05,1.85,,1.81,1.81,1.81,717,4,124.929334,2.1597,2.5611,3.07,2.274,2.653,2.968,,,
2022/09/06,1.85,,1.81,1.81,1.81,767,5,124.935529,2.1632,2.5315,3.04,2.333,2.688,3.025,,,
2022/09/07,2.35,0.5,2.31,2.31,2.31,490,3,124.941724,2.2575,2.5654,3.07,2.366,2.687,3.009,,,
2022/09/08,2.35,,2.31,2.31,2.31,991,5,124.949631,2.2547,2.5403,3.0194,2.362,2.661,2.942,,,
2022/09/09,2.35,,2.31,2.31,2.31,1113,6,124.957539,2.318,2.6099,3.0725,2.388,2.703,2.987,,,
2022/09/12,2.35,,2.31,2.31,2.31,897,8,124.981264,2.385,2.7329,3.1504,2.399,2.714,2.999,,,
2022/09/13,2.35,,2.31,2.31,2.31,1727,10,124.989174,2.3569,2.6625,3.1057,2.41,2.724,2.995,,,
2022/09/14,2.35,,2.31,2.31,2.31,1355,6,124.997084,2.386,2.722,3.2117,2.456,2.801,3.107,,,
2022/09/15,2.35,,2.31,2.31,2.31,1593,7,125.004995,2.4464,2.7734,3.2691,2.462,2.827,3.146,,,
2022/09/16,2.35,,2.31,2.31,2.31,1019,7,125.012906,2.4763,2.8523,3.3345,2.505,2.882,3.206,,,
2022/09/19,2.35,,2.31,2.31,2.31,981,7,125.036641,2.455,2.831,3.3316,2.521,2.892,3.201,,,
2022/09/20,2.35,,2.31,2.31,2.31,774,6,125.044554,2.4596,2.8332,3.3391,2.538,2.897,3.19,,,
2022/09/21,2.35,,2.31,2.33,2.31,1280,10,125.052468,2.4748,2.8508,3.34,2.564,2.911,3.198,,,
2022/09/23,2.35,,2.31,2.32,2.31,1540,12,125.068297,2.5346,2.895,3.4264,2.616,3.001,3.297,,,
2022/09/26,2.35,,2.31,2.32,2.31,2141,13,125.092043,2.6026,2.9889,3.52,2.65,3.039,3.354,,,
2022/09/27,2.35,,2.31,2.33,2.31,1751,12,125.09996,2.5958,2.9933,3.5117,2.641,3.022,3.332,,,
2022/09/28,2.35,,2.31,2.33,2.31,1489,10,125.107877,2.6102,2.9786,3.505,2.66,3.026,3.323,,,
2022/09/29,2.35,,2.31,2.31,2.31,1051,6,125.115795,2.6801,3.0381,3.55,2.672,3.031,3.318,,,
2022/09/30,2.35,,2.31,2.34,2.31,1926,14,125.123713,2.71,3.06,3.57,2.77,3.09,3.35,,,
2022/10/03,2.35,,2.31,N/A,N/A,0,N/A,125.147469,,,,2.764,3.086,3.348,,,
2022/10/04,2.35,,2.31,2.33,2.31,1594,9,125.155389,2.4508,2.7326,3.2341,2.592,2.78,2.954,,,
2022/10/05,2.6,0.25,2.56,2.58,2.56,1456,11,125.16331,2.6362,2.8558,3.3037,2.599,2.791,2.978,,,
2022/10/06,2.6,,2.56,2.58,2.56,2516,13,125.172089,2.6486,2.8754,3.3514,2.602,2.814,3.036,,,
2022/10/07,2.6,,2.56,2.58,2.56,1554,10,125.180868,2.635,2.8835,3.3795,2.627,2.833,3.065,,,
2022/10/10,2.6,,2.56,2.58,2.56,2189,16,125.207207,2.64,2.88,3.3801,2.636,2.844,3.073,,,
2022/10/11,2.6,,2.56,2.58,2.56,2323,14,125.215989,2.6738,2.9054,3.3862,2.654,2.844,3.07,,,
2022/10/12,2.6,,2.56,2.56,2.56,1150,9,125.224771,2.6316,2.8665,3.345,2.649,2.825,3.025,,,
2022/10/13,2.6,,2.56,2.57,2.56,1452,8,125.233554,2.7003,2.9052,3.375,2.643,2.81,3.005,,,
2022/10/14,2.6,,2.56,2.56,2.56,1289,9,125.242338,2.6717,2.9201,3.4244,2.68,2.846,3.068,,,
2022/10/17,2.6,,2.56,2.56,2.56,534,4,125.26869,2.705,2.9312,3.4624,2.688,2.8575,3.072,,,
2022/10/18,2.6,,2.56,2.56,2.56,548,4,125.277476,2.6739,2.8864,3.3967,2.704,2.882,3.096,,,
2022/10/19,2.6,,2.56,2.56,2.56,1595,6,125.286263,2.7646,2.9819,3.51,2.723,2.915,3.158,,,
2022/10/20,2.6,,2.56,2.57,2.56,2479,12,125.29505,2.7591,2.9897,3.545,2.732,2.9375,3.2,,,
2022/10/21,2.6,,2.56,2.56,2.56,1887,6,125.303838,2.7862,3.0603,3.6277,2.765,2.9575,3.234,,,
2022/10/24,2.6,,2.56,2.56,2.56,1141,5,125.330203,2.7667,3.0085,3.5833,2.76,2.9375,3.2,,,
2022/10/25,2.6,,2.56,N/A,N/A,445,N/A,125.338993,2.7751,3.0119,3.598,2.7795,2.946,3.198,,,
2022/10/26,2.6,,2.56,N/A,N/A,175,N/A,125.347784,2.875,3.0989,3.65,2.798,2.99,3.26,,,
2022/10/27,2.6,,2.56,N/A,N/A,100,N/A,125.356576,2.8301,3.0547,3.615,2.823,3,3.261,,,
2022/10/28,2.6,,2.56,N/A,N/A,50,N/A,125.365368,2.8691,3.1061,3.6448,2.839,3.005,3.243,,,
2022/10/31,2.6,,2.56,2.57,2.56,598,11,125.391746,2.8558,3.0763,3.65,2.8525,3.0225,3.2675,,,
2022/11/01,2.6,,2.56,2.56,2.56,178,3,125.400541,2.755,2.9833,3.5505,2.808,2.9575,3.202,,,
2022/11/02,2.85,0.25,2.81,2.81,2.81,406,4,125.409336,2.845,3.0645,3.6253,2.81,2.974,3.238,,,
2022/11/03,2.85,,2.81,2.81,2.81,167,3,125.418991,2.8389,3.055,3.6428,2.81,2.98,3.2525,,,
2022/11/04,2.85,,2.81,2.81,2.81,422,4,125.428647,2.82,3.0393,3.61,2.812,2.973,3.243,,,
2022/11/07,2.85,,2.81,2.81,2.81,408,4,125.457616,2.8123,3.0723,3.64,2.819,2.975,3.238,,,
2022/11/08,2.85,,2.81,2.81,2.81,688,5,125.467275,2.8306,3.0556,3.63,2.827,2.988,3.266,,,
2022/11/09,2.85,,2.81,2.81,2.81,348,3,125.476934,2.8435,3.0466,3.6214,2.847,2.985,3.254,,,
2022/11/10,2.85,,2.81,N/A,N/A,163,N/A,125.486594,2.8423,3.02,3.59,2.846,2.979,3.21,,,
2022/11/11,2.85,,2.81,2.82,2.81,596,5,125.496255,2.8422,3.0212,3.5204,2.855,2.975,3.197,,,
2022/11/14,2.85,,2.81,2.81,2.81,666,5,125.525239,2.8687,3.033,3.55,2.865,2.991,3.231,,,
2022/11/15,2.85,,2.81,2.85,2.81,1072,9,125.534903,2.881,3.0584,3.5512,2.8725,3.0025,2.735,,,
2022/11/16,2.85,,2.81,2.81,2.81,711,5,125.544567,2.8787,3.0697,3.55,2.888,3,3.225,,,
2022/11/17,2.85,,2.81,2.81,2.81,510,5,125.554232,2.8771,3.0433,3.5308,2.895,3.02,3.231,,,
2022/11/18,2.85,,2.81,2.81,2.81,740,5,125.563898,2.87,3.045,3.53,2.91,3.033,3.251,,,
2022/11/21,2.85,,2.81,2.82,2.81,628,4,125.592898,2.898,3.0701,3.55,2.92,3.0375,3.245,,,
2022/11/22,2.85,,2.81,N/A,N/A,150,N/A,125.602567,2.8944,3.0658,3.535,2.925,3.0375,3.239,,,
2022/11/23,2.85,,2.81,N/A,N/A,150,N/A,125.612237,2.9584,3.12,3.5856,2.953,3.055,3.281,,,
2022/11/24,2.85,,2.81,N/A,N/A,500,N/A,125.621907,2.92,3.0863,3.57,2.955,3.065,3.281,,,
2022/11/25,2.85,,2.81,2.82,2.81,1209,8,125.631578,2.9343,3.1061,3.5908,2.969,3.065,3.302,,,
2022/11/28,2.85,,2.81,2.82,2.81,844,5,125.660594,2.895,3.0698,3.5613,2.971,3.06,3.266,,,
2022/11/29,2.85,,2.81,2.82,2.81,1112,11,125.670268,2.9321,3.084,3.5602,2.974,3.06,3.261,,,
2022/11/30,2.85,,2.82,2.83,2.81,1856,17,125.679943,2.9289,3.0685,3.5391,2.969,3.0425,3.234,,,
2022/12/01,2.85,,2.81,2.82,2.81,1293,9,125.689653,2.9335,3.035,3.4778,2.969,3.035,3.22,,,
2022/12/02,2.85,,2.82,2.83,2.81,940,10,125.699329,2.9452,3.056,3.4941,,,,,,
2022/12/05,2.85,,2.81,2.82,2.81,1133,9,125.728464,2.9558,3.066,3.4748,,,,,,
2022/12/06,2.85,,2.81,2.81,2.81,978,8,125.738143,3.031,3.1386,3.55,,,,,,
2022/12/07,3.1,0.25,3.06,3.06,3.06,454,3,125.747823,3.0075,3.1184,3.5332,,,,,,
2022/12/08,3.1,,3.06,3.06,3.06,833,4,125.758365,3.0264,3.1422,3.569,,,,,,
2022/12/09,3.1,,3.06,3.06,3.06,753,6,125.768908,2.9971,3.108,3.535,,,,,,
2022/12/12,3.1,,3.06,3.06,3.06,846,6,125.80054,3.01,3.1422,3.5621,,,,,,
2022/12/13,3.1,,3.06,3.07,3.06,904,7,125.811087,3.02,3.1545,3.5667,,,,,,
2022/12/14,3.1,,3.06,3.06,3.06,265,3,125.821634,3.041,3.17,3.5841,,,,,,
2022/12/15,3.1,,3.06,3.06,3.06,512,6,125.832182,3.05,3.2069,3.632,,,,,,
2022/12/16,3.1,,3.06,3.07,3.06,625,7,125.842731,3.01,3.1884,3.6588,,,,,,
2022/12/19,3.1,,3.06,3.06,3.06,362,5,125.874381,3.0124,3.2014,3.6678,,,,,,
2022/12/20,3.1,,3.06,3.07,3.06,686,7,125.884934,3.0218,3.2072,3.6825,,,,,,
2022/12/21,3.1,,3.06,3.06,3.06,508,5,125.895488,3.01,3.2119,3.6765,,,,,,
2022/12/22,3.1,,3.06,3.06,3.06,460,4,125.906043,3.0184,3.21,3.675,,,,,,
2022/12/23,3.1,,3.06,3.06,3.06,467,4,125.916598,3.0228,3.2217,3.7108,,,,,,
2022/12/28,3.1,,3.06,3.07,3.06,596,6,125.969379,3.035,3.2656,3.745,,,,,,
2022/12/29,3.1,,3.06,3.06,3.06,445,4,125.97994,3.015,3.25,3.75,,,,,,
2022/12/30,3.1,,3.07,3.1,3.06,970,12,125.990502,3.025,3.2747,3.775,,,,,,
2023/01/03,3.1,,3.07,3.07,3.06,465,5,126.03289,3.005,3.2657,3.76,,,,,,
2023/01/04,3.1,,3.07,3.07,3.06,433,5,126.043491,3.0419,3.2884,3.78,,,,,,
2023/01/05,3.1,,3.07,N/A,N/A,62,N/A,126.054092,3.0449,3.2966,3.7888,,,,,,
2023/01/06,3.1,,3.07,N/A,N/A,147,N/A,126.064694,3.0243,3.3211,3.8165,,,,,,
2023/01/09,3.1,,3.07,3.07,3.06,207,3,126.096504,3.03,3.3285,3.81,,,,,,
2023/01/10,3.1,,3.07,N/A,N/A,180,N/A,126.10711,3.04,3.3378,3.8166,,,,,,
2023/01/11,3.1,,3.07,3.07,3.06,705,8,126.117717,3.0519,3.3291,3.8117,,,,,,
2023/01/12,3.1,,3.07,3.07,3.06,1025,11,126.128325,3.015,3.2985,3.755,,,,,,
2023/01/13,3.1,,3.07,3.1,3.06,791,10,126.138934,3.0583,3.314,3.7541,,,,,,
2023/01/16,3.1,,3.07,3.07,3.06,941,9,126.170762,3.075,3.3457,3.7617,,,,,,
2023/01/17,3.1,,3.07,3.08,3.06,806,7,126.181374,3.08,3.3239,3.7599,,,,,,
2023/01/18,3.1,,3.07,3.07,3.06,827,11,126.191987,3.065,3.29,3.7149,,,,,,
2023/01/19,3.1,,3.07,3.08,3.06,1133,11,126.202601,3.0145,3.215,3.5797,,,,,,
2023/01/20,3.1,,3.07,3.07,3.06,2110,13,126.213216,3.0742,3.2503,3.5841,,,,,,
2023/01/23,3.1,,3.07,3.07,3.07,548,6,126.245063,3.1283,3.2979,3.625,,,,,,
2023/01/24,3.1,,3.07,3.07,3.07,560,5,126.255681,3.1183,3.2733,3.6093,,,,,,
2023/01/25,3.1,,3.07,3.07,3.07,320,4,126.2663,3.325,3.4607,3.7583,,,,,,
2023/01/27,3.1,,3.07,3.07,3.07,425,3,126.28754,3.1687,3.3921,3.745,,,,,,
2023/01/30,3.1,,3.07,3.08,3.06,705,7,126.319406,3.1637,3.3612,3.7203,,,,,,
2023/01/31,3.1,,3.07,3.07,3.06,568,11,126.330031,3.1549,3.343,3.6925,,,,,,
2023/02/01,3.1,,3.07,3.07,3.06,472,5,126.340657,3.229,3.3717,3.7035,,,,,,
2023/02/02,3.1,,3.07,3.07,3.06,512,5,126.351283,3.195,3.3507,3.6714,,,,,,
2023/02/03,3.1,,3.07,3.07,3.06,550,5,126.36191,3.1716,3.315,3.615,,,,,,
2023/02/06,3.1,,3.07,3.07,3.06,175,3,126.393795,3.205,3.3449,3.6617,,,,,,
2023/02/07,3.1,,3.07,N/A,N/A,101,N/A,126.404426,3.335,3.4677,3.7823,,,,,,
2023/02/08,3.35,0.25,3.32,N/A,N/A,95,N/A,126.415058,3.2502,3.436,3.8014,,,,,,
2023/02/09,3.35,,3.32,N/A,N/A,0,N/A,126.426557,3.285,3.4956,3.8411,,,,,,
2023/02/10,3.35,,3.32,3.32,3.31,244,3,126.438057,3.2736,3.4781,3.8638,,,,,,
2023/02/13,3.35,,3.32,3.32,3.31,1003,10,126.472559,3.2318,3.4802,3.88,,,,,,
2023/02/14,3.35,,3.32,3.33,3.31,975,9,126.484063,3.245,3.469,3.8497,,,,,,
2023/02/15,3.35,,3.32,3.32,3.31,1267,14,126.495568,3.265,3.4766,3.8645,,,,,,
2023/02/16,3.35,,3.32,3.32,3.31,1216,11,126.507074,3.2636,3.4336,3.795,,,,,,
2023/02/17,3.35,,3.32,N/A,N/A,0,N/A,126.518581,3.295,3.4552,3.8033,,,,,,
2023/02/20,3.35,,3.32,3.33,3.32,166,4,126.553105,3.32,3.4845,3.825,,,,,,
2023/02/21,3.35,,3.32,3.32,3.31,814,7,126.564616,3.3423,3.5194,3.881,,,,,,
2023/02/22,3.35,,3.33,3.35,3.31,561,4,126.576128,3.28,3.4724,3.84,,,,,,
2023/02/23,3.35,,3.32,3.33,3.31,645,6,126.587676,3.3352,3.505,3.8474,,,,,,
2023/02/24,3.35,,3.32,3.32,3.31,1139,8,126.59919,3.3135,3.4934,3.85,,,,,,
2023/02/27,3.35,,3.32,3.32,3.31,1217,11,126.633736,3.3592,3.55,3.905,,,,,,
2023/02/28,3.35,,3.32,3.35,3.31,996,14,126.645254,3.3935,3.5728,3.9425,,,,,,
2023/03/01,3.35,,3.32,3.32,3.31,941,9,126.656774,3.3817,3.5749,3.9317,,,,,,
2023/03/02,3.35,,3.32,3.32,3.31,611,7,126.668295,3.42,3.6337,3.96,,,,,,
2023/03/03,3.35,,3.32,3.32,3.31,734,7,126.679817,3.4295,3.6186,3.95,,,,,,
2023/03/06,3.35,,3.32,3.32,3.31,771,6,126.714385,3.435,3.6025,3.9329,,,,,,
2023/03/07,3.35,,3.32,3.32,3.31,924,10,126.725911,3.3924,3.5124,3.835,,,,,,
2023/03/08,3.6,0.25,3.57,3.57,3.57,807,6,126.737438,3.5452,3.6532,3.95,,,,,,
2023/03/09,3.6,,3.57,3.57,3.57,698,5,126.749834,3.5236,3.6261,3.93,,,,,,
2023/03/10,3.6,,3.57,3.57,3.57,883,7,126.762231,3.5332,3.64,3.92,,,,,,
2023/03/13,3.6,,3.57,3.57,3.57,960,8,126.799426,3.56,3.6646,3.9467,,,,,,
2023/03/14,3.6,,3.57,3.57,3.57,956,9,126.811828,3.5023,3.568,3.785,,,,,,
2023/03/15,3.6,,3.57,3.57,3.57,1123,8,126.824231,3.57,3.6383,3.849,,,,,,
2023/03/16,3.6,,3.57,3.57,3.57,266,4,126.836635,3.4456,3.5115,3.62,,,,,,
2023/03/17,3.6,,3.57,3.57,3.57,144,3,126.849041,3.635,3.7157,3.8441,,,,,,
2023/03/20,3.6,,3.57,3.57,3.57,286,4,126.886262,3.49,3.5585,3.68,,,,,,
2023/03/21,3.6,,3.57,3.57,3.57,1188,9,126.898673,3.5771,3.6332,3.7392,,,,,,
2023/03/22,3.6,,3.57,3.57,3.57,712,4,126.911085,3.6537,3.7184,3.8368,,,,,,
2023/03/23,3.6,,3.57,3.57,3.57,1010,6,126.923498,3.64,3.706,3.8061,,,,,,
2023/03/24,3.6,,3.57,3.57,3.57,1114,7,126.935912,3.6243,3.6802,3.755,,,,,,
2023/03/27,3.6,,3.57,3.57,3.57,1241,7,126.973158,3.6179,3.685,3.755,,,,,,
2023/03/28,3.6,,3.57,3.57,3.57,1632,9,126.985577,3.61,3.6791,3.75,,,,,,
2023/03/29,3.6,,3.57,3.57,3.57,1479,12,126.997997,3.61,3.6844,3.761,,,,,,
2023/03/30,3.6,,3.57,3.57,3.57,799,5,127.010418,3.65,3.7288,3.81,,,,,,
2023/03/31,3.6,,3.57,3.57,3.57,984,13,127.022841,3.6234,3.705,3.7775,,,,,,
2023/04/03,3.6,,3.57,3.57,3.57,1433,11,127.060113,3.64,3.7091,3.78,,,,,,
2023/04/04,3.6,,3.57,3.57,3.57,1600,12,127.072541,3.59,3.6583,3.73,,,,,,
2023/04/05,3.6,,3.57,3.57,3.57,1354,10,127.08497,3.595,3.645,3.705,,,,,,
2023/04/06,3.6,,3.57,3.57,3.57,1390,10,127.0974,3.5832,3.629,3.69,,,,,,
2023/04/11,3.6,,3.57,3.57,3.57,1056,10,127.159556,3.5921,3.6527,3.74,,,,,,
2023/04/12,3.6,,3.57,3.62,3.57,1346,12,127.171993,3.6126,3.667,3.75,,,,,,
2023/04/13,3.6,,3.57,3.57,3.57,1107,12,127.184431,3.615,3.6648,3.7567,,,,,,
2023/04/14,3.6,,3.57,3.57,3.57,768,8,127.196871,3.575,3.6343,3.7267,,,,,,
2023/04/17,3.6,,3.57,3.57,3.57,947,7,127.234194,3.5742,3.6408,3.74,,,,,,
2023/04/18,3.6,,3.57,3.57,3.57,1237,11,127.246639,3.6398,3.7113,3.8333,,,,,,
2023/04/19,3.6,,3.57,3.57,3.57,1050,8,127.259085,3.6035,3.679,3.8467,,,,,,
2023/04/20,3.6,,3.57,3.58,3.57,1323,13,127.271532,3.6227,3.6957,3.8829,,,,,,
2023/04/21,3.6,,3.57,3.58,3.57,1246,14,127.28398,3.6,3.6721,3.8478,,,,,,
2023/04/24,3.6,,3.57,3.57,3.57,814,4,127.321328,3.5892,3.6632,3.845,,,,,,
2023/04/26,3.6,,3.57,3.58,3.57,824,7,127.346234,3.55,3.6161,3.7683,,,,,,
2023/04/27,3.6,,3.57,3.57,3.57,687,5,127.35869,3.6158,3.6686,3.815,,,,,,
2023/04/28,3.6,,3.57,3.57,3.57,1647,15,127.371147,3.5842,3.6481,3.825,,,,,,
2023/05/01,3.6,,3.57,3.57,3.57,1743,11,127.408521,3.6184,3.6774,3.835,,,,,,
2023/05/02,3.6,,3.57,3.57,3.57,1493,11,127.420983,3.8419,3.9059,4.0871,,,,,,
2023/05/03,3.85,0.25,3.82,3.85,3.8,2024,15,127.433446,3.8385,3.874,4.0456,,,,,,
2023/05/04,3.85,,3.82,3.85,3.82,2156,10,127.446783,3.8,3.852,3.9917,,,,,,
2023/05/05,3.85,,3.82,3.85,3.82,2212,11,127.460121,3.815,3.8715,3.9918,,,,,,
2023/05/08,3.85,,3.82,3.82,3.82,908,7,127.50014,3.8249,3.8761,4.02,,,,,,
2023/05/09,3.85,,3.82,3.85,3.82,1045,9,127.513484,3.8107,3.8659,4.0137,,,,,,
2023/05/10,3.85,,3.82,3.85,3.82,1590,9,127.526829,3.7951,3.8674,4.0165,,,,,,
2023/05/11,3.85,,3.82,3.85,3.82,1655,10,127.540176,3.8087,3.8743,4.0117,,,,,,
2023/05/12,3.85,,3.82,3.85,3.82,2108,10,127.553524,3.79,3.865,4,,,,,,
2023/05/15,3.85,,3.82,3.82,3.82,1888,11,127.593572,3.8399,3.9159,4.0613,,,,,,
2023/05/16,3.85,,3.82,3.82,3.82,1520,9,127.606926,3.7988,3.8922,4.07,,,,,,
2023/05/17,3.85,,3.82,3.82,3.82,1000,8,127.620281,3.795,3.9026,4.0728,,,,,,
2023/05/18,3.85,,3.82,3.83,3.82,642,7,127.633637,3.8014,3.9086,4.1025,,,,,,
2023/05/19,3.85,,3.82,3.82,3.82,2053,12,127.646995,3.8191,3.9194,4.1075,,,,,,
2023/05/22,3.85,,3.82,3.82,3.82,903,7,127.687073,3.8125,3.9167,4.1093,,,,,,
2023/05/23,3.85,,3.82,3.82,3.82,1006,11,127.700436,3.8263,3.9255,4.12,,,,,,
2023/05/24,3.85,,3.82,3.82,3.82,1263,8,127.713801,3.8187,3.913,4.1193,,,,,,
2023/05/25,3.85,,3.82,3.82,3.82,1550,11,127.727167,3.8189,3.9297,4.1328,,,,,,
2023/05/26,3.85,,3.82,3.82,3.82,902,7,127.740535,3.8164,3.9376,4.135,,,,,,
2023/05/29,3.85,,3.82,3.82,3.82,1051,8,127.780642,3.8414,3.9637,4.1773,,,,,,
2023/05/30,3.85,,3.82,3.82,3.82,1325,11,127.794015,3.8653,3.998,4.195,,,,,,
2023/05/31,3.85,,3.82,3.83,3.82,1567,18,127.80739,3.8972,4.0418,4.23,,,,,,
2023/06/01,3.85,,3.82,3.82,3.82,1824,9,127.820766,3.845,4.0045,4.205,,,,,,
2023/06/02,3.85,,3.82,3.82,3.82,1720,12,127.834143,3.895,4.0617,4.2767,,,,,,
2023/06/05,3.85,,3.82,3.82,3.82,2104,13,127.874279,3.89,4.0726,4.305,,,,,,
2023/06/06,3.85,,3.82,3.82,3.82,1168,10,127.887662,4.045,4.2104,4.4532,,,,,,
2023/06/07,4.1,0.25,4.07,4.07,4.07,1602,11,127.901046,4.0801,4.2093,4.445,,,,,,
2023/06/08,4.1,,4.07,4.07,4.07,1868,10,127.915308,4.1039,4.2519,4.5371,,,,,,
2023/06/09,4.1,,4.07,4.07,4.07,633,5,127.929571,4.0475,4.1967,4.48,,,,,,
2023/06/13,4.1,,4.07,4.07,4.07,1267,10,127.986631,4.07,4.2265,4.5086,,,,,,
2023/06/14,4.1,,4.07,4.08,4.07,878,12,128.000902,4.0931,4.2399,4.535,,,,,,
2023/06/15,4.1,,4.07,4.1,4.07,1395,11,128.015175,4.1899,4.356,4.665,,,,,,
2023/06/16,4.1,,4.07,4.07,4.07,638,9,128.02945,4.1356,4.3424,4.675,,,,,,
2023/06/19,4.1,,4.07,4.07,4.07,794,10,128.072278,4.11,4.3153,4.6534,,,,,,
2023/06/20,4.1,,4.07,4.07,4.07,739,7,128.086559,4.0535,4.2579,4.6,,,,,,
2023/06/21,4.1,,4.07,4.07,4.07,710,7,128.100842,4.085,4.273,4.5939,,,,,,
2023/06/22,4.1,,4.07,4.07,4.07,1537,6,128.115126,4.1328,4.3235,4.6383,,,,,,
2023/06/23,4.1,,4.07,4.07,4.07,1801,13,128.129412,4.11,4.3213,4.6813,,,,,,
2023/06/26,4.1,,4.07,4.09,4.07,2024,12,128.172274,4.115,4.3172,4.65,,,,,,
2023/06/27,4.1,,4.07,4.1,4.07,1810,13,128.186566,4.13,4.318,4.655,,,,,,
2023/06/28,4.1,,4.07,4.1,4.07,845,9,128.20086,4.04,4.2355,4.5831,,,,,,
2023/06/29,4.1,,4.07,4.1,4.07,1911,16,128.215155,4.1568,4.3326,4.6729,,,,,,
2023/06/30,4.1,,4.07,4.1,4.07,2527,22,128.229452,4.154,4.3607,4.71,,,,,,
2023/07/03,4.1,,4.07,4.1,4.07,1528,16,128.272347,4.0894,4.2792,4.645,,,,,,
2023/07/04,4.1,,4.07,4.1,4.07,1319,12,128.28665,4.095,4.2848,4.6484,,,,,,
2023/07/05,4.1,,4.07,4.07,4.07,1198,11,128.300955,4.0817,4.278,4.6575,,,,,,
2023/07/06,4.1,,4.07,4.1,4.07,1162,11,128.315261,4.0663,4.27,4.6896,,,,,,
2023/07/07,4.1,,4.07,4.1,4.07,1226,10,128.329569,4.0953,4.3226,4.74,,,,,,
2023/07/10,4.1,,4.07,4.1,4.07,932,11,128.372498,4.0628,4.29,4.74,,,,,,
2023/07/11,4.1,,4.07,4.1,4.07,1300,12,128.386812,4.086,4.2913,4.71,,,,,,
2023/07/12,4.1,,4.07,4.08,4.07,995,9,128.401128,4.07,4.275,4.69,,,,,,
2023/07/13,4.1,,4.07,4.07,4.07,1187,10,128.415446,4.1005,4.2929,4.6711,,,,,,
2023/07/14,4.1,,4.07,4.07,4.07,1349,10,128.429765,4.1122,4.2991,4.6644,,,,,,
2023/07/17,4.1,,4.07,4.1,4.07,1397,11,128.472727,4.0903,4.2883,4.6787,,,,,,
2023/07/18,4.1,,4.07,4.07,4.07,1614,11,128.487053,4.095,4.2774,4.6836,,,,,,
2023/07/19,4.1,,4.07,4.07,4.07,1402,13,128.50138,4.0884,4.265,4.6715,,,,,,
2023/07/20,4.1,,4.07,4.07,4.07,2118,13,128.515709,4.18,4.367,4.7752,,,,,,
2023/07/21,4.1,,4.07,4.07,4.07,2411,15,128.530039,4.1447,4.3579,4.7848,,,,,,
2023/07/24,4.1,,4.07,4.1,4.07,1626,13,128.573035,4.145,4.3475,4.783,,,,,,
2023/07/25,4.1,,4.07,4.1,4.07,1905,14,128.587372,4.1642,4.3646,4.8001,,,,,,
2023/07/26,4.1,,4.07,4.1,4.07,933,8,128.60171,4.08,4.27,4.7152,,,,,,
2023/07/27,4.1,,4.07,4.07,4.07,1329,11,128.61605,4.095,4.2659,4.6989,,,,,,
2023/07/28,4.1,,4.07,4.07,4.07,603,7,128.630392,4.0824,4.2512,4.655,,,,,,
2023/07/31,4.1,,4.07,4.1,4.07,1593,21,128.673422,4.12,4.2769,4.6624,,,,,,
2023/08/01,4.1,,4.07,4.07,4.07,907,7,128.68777,4.0085,4.1627,4.5578,,,,,,
2023/08/02,4.1,,4.07,4.07,4.07,391,4,128.70212,4.06,4.19,4.57,,,,,,
2023/08/03,4.1,,4.07,4.07,4.07,414,4,128.716471,4.0811,4.2,4.5839,,,,,,
2023/08/04,4.1,,4.07,N/A,N/A,500,N/A,128.730824,4.065,4.1999,4.581,,,,,,
2023/08/07,4.1,,4.07,N/A,N/A,500,N/A,128.773887,,,,,,,,,
2023/08/08,4.1,,4.07,4.07,4.07,1879,12,128.788246,4.0384,4.1677,4.5369,,,,,,
2023/08/09,4.1,,4.07,4.07,4.07,1180,10,128.802607,4.0533,4.178,4.5156,,,,,,
2023/08/10,4.1,,4.07,4.07,4.07,1245,6,128.816969,4.0412,4.1563,4.4949,,,,,,
2023/08/11,4.1,,4.07,4.07,4.07,831,7,128.831333,4.075,4.1879,4.5173,,,,,,
2023/08/14,4.1,,4.07,4.07,4.07,1634,11,128.87443,4.0682,4.178,4.515,,,,,,
2023/08/15,4.1,,4.07,4.07,4.07,1018,9,128.8888,4.0387,4.1516,4.4935,,,,,,
2023/08/16,4.1,,4.07,4.07,4.07,467,3,128.903172,4.045,4.1443,4.4788,,,,,,
2023/08/17,4.1,,4.07,4.07,4.07,964,8,128.917546,4.0442,4.1521,4.4611,,,,,,
2023/08/18,4.1,,4.07,4.07,4.07,1510,7,128.931921,4.0547,4.1399,4.44,,,,,,
2023/08/21,4.1,,4.07,4.07,4.07,1343,10,128.975051,4.0338,4.1243,4.4284,,,,,,
2023/08/22,4.1,,4.07,4.07,4.07,1132,9,128.989433,4.0508,4.132,4.4181,,,,,,
2023/08/23,4.1,,4.07,4.07,4.07,2673,20,129.003816,4.055,4.1445,4.4161,,,,,,
2023/08/24,4.1,,4.07,4.07,4.07,2172,17,129.018201,4.0505,4.1372,4.3926,,,,,,
2023/08/25,4.1,,4.07,4.08,4.07,1822,15,129.032587,4.055,4.137,4.3966,,,,,,
2023/08/28,4.1,,4.07,4.07,4.07,1845,13,129.075751,4.055,4.135,4.4019,,,,,,
2023/08/29,4.1,,4.07,4.07,4.07,1702,13,129.090144,4.0524,4.1381,4.3961,,,,,,
2023/08/30,4.1,,4.07,4.07,4.07,1880,15,129.104538,4.035,4.1103,4.3742,,,,,,
2023/08/31,4.1,,4.07,4.07,4.07,1130,15,129.118934,4.065,4.1404,4.3817,,,,,,
2023/09/01,4.1,,4.07,4.08,4.07,1422,10,129.133332,4.055,4.1335,4.368,,,,,,
2023/09/04,4.1,,4.07,4.08,4.07,1807,18,129.17653,4.075,4.145,4.386,,,,,,
2023/09/05,4.1,,4.07,4.08,4.07,1370,13,129.190934,4.045,4.1151,4.3665,,,,,,
2023/09/06,4.1,,4.07,4.08,4.07,1391,12,129.20534,4.045,4.1128,4.3584,,,,,,
2023/09/07,4.1,,4.07,4.08,4.07,1479,9,129.219747,4.065,4.1303,4.365,,,,,,
2023/09/08,4.1,,4.07,4.07,4.07,1814,12,129.234156,4.0425,4.111,4.3441,,,,,,
2023/09/11,4.1,,4.07,4.07,4.07,1607,10,129.277387,4.055,4.127,4.355,,,,,,
2023/09/12,4.1,,4.07,4.07,4.07,1210,12,129.291802,4.055,4.1238,4.355,,,,,,
2023/09/13,4.1,,4.07,4.07,4.07,1134,10,129.306219,4.0499,4.1063,4.345,,,,,,
2023/09/14,4.1,,4.07,4.07,4.07,1415,10,129.320638,4.055,4.1225,4.35,,,,,,
2023/09/15,4.1,,4.07,4.07,4.07,1603,10,129.335058,4.055,4.1273,4.35,,,,,,
2023/09/18,4.1,,4.07,4.08,4.07,1404,9,129.378323,4.075,4.1394,4.3688,,,,,,
2023/09/19,4.1,,4.07,4.08,4.07,1691,13,129.39275,4.0605,4.1256,4.365,,,,,,
2023/09/20,4.1,,4.07,4.07,4.07,1183,9,129.407178,4.0558,4.1352,4.3692,,,,,,
2023/09/21,4.1,,4.07,4.08,4.07,1946,9,129.421608,4.0541,4.14,4.3752,,,,,,
2023/09/22,4.1,,4.07,4.08,4.07,1251,7,129.436039,4.04,4.13,4.37,,,,,,
2023/09/25,4.1,,4.07,4.08,4.07,876,6,129.479338,4.0551,4.1388,4.3753,,,,,,
2023/09/26,4.1,,4.07,4.08,4.07,1415,9,129.493776,4.055,4.1356,4.3873,,,,,,
2023/09/27,4.1,,4.07,4.07,4.07,889,6,129.508215,4.045,4.1298,4.375,,,,,,
2023/09/28,4.1,,4.07,4.08,4.07,1260,9,129.522656,4.065,4.1569,4.4056,,,,,,
2023/09/29,4.1,,4.07,N/A,N/A,350,N/A,129.537099,4.0513,4.14,4.4046,,,,,,
2023/10/02,4.1,,4.07,N/A,N/A,0,N/A,129.580432,,,,,,,,,
2023/10/03,4.1,,4.07,4.07,4.07,940,8,129.594881,4.03,4.1271,4.3833,,,,,,
2023/10/04,4.1,,4.07,4.07,4.07,1002,9,129.609332,4.03,4.1271,4.3833,,,,,,
2023/10/05,4.1,,4.07,4.07,4.07,1168,7,129.623784,4.04,4.1266,4.37,,,,,,
2023/10/06,4.1,,4.07,4.07,4.07,1260,11,129.638238,4.03,4.109,4.35,,,,,,
2023/10/09,4.1,,4.07,4.08,4.07,1320,11,129.681605,4.0513,4.1394,4.3717,,,,,,
2023/10/10,4.1,,4.07,4.07,4.07,1866,12,129.696065,4.0515,4.1383,4.3807,,,,,,
2023/10/11,4.1,,4.07,4.07,4.07,1176,9,129.710527,4.0533,4.1396,4.385,,,,,,
2023/10/12,4.1,,4.07,4.08,4.07,1076,8,129.724991,4.055,4.135,4.385,,,,,,
2023/10/13,4.1,,4.07,4.07,4.07,955,8,129.739456,4.0589,4.1541,4.4164,,,,,,
2023/10/16,4.1,,4.07,4.07,4.07,1279,10,129.782857,4.045,4.1417,4.4098,,,,,,
2023/10/17,4.1,,4.07,4.07,4.07,1224,8,129.797329,4.105,4.2042,4.4768,,,,,,
2023/10/18,4.1,,4.07,4.07,4.07,931,8,129.811802,4.055,4.1906,4.4826,,,,,,
2023/10/19,4.1,,4.07,4.07,4.07,1278,8,129.826277,4.06,4.2067,4.5229,,,,,,
2023/10/20,4.1,,4.07,4.07,4.07,1247,12,129.840754,4.0525,4.1998,4.512,,,,,,
2023/10/23,4.1,,4.07,4.07,4.07,1230,12,129.884188,4.0839,4.21,4.51,,,,,,
2023/10/24,4.1,,4.07,4.07,4.07,2056,13,129.898671,4.085,4.2273,4.5463,,,,,,
2023/10/25,4.1,,4.07,4.07,4.07,1049,8,129.913156,4.18,4.3329,4.6663,,,,,,
2023/10/26,4.1,,4.07,4.07,4.07,1812,12,129.927642,4.1698,4.3526,4.6931,,,,,,
2023/10/27,4.1,,4.07,4.07,4.07,1337,10,129.94213,4.155,4.3242,4.6858,,,,,,
2023/10/30,4.1,,4.07,4.07,4.07,908,8,129.985598,4.19,4.3718,4.7311,,,,,,
2023/10/31,4.1,,4.07,4.07,4.07,1613,12,130.000092,4.1739,4.3507,4.744,,,,,,
2023/11/01,4.1,,4.07,4.07,4.07,1400,8,130.014588,4.16,4.3321,4.77,,,,,,
2023/11/02,4.1,,4.07,4.07,4.07,733,7,130.029086,4.1749,4.3397,4.7156,,,,,,
2023/11/03,4.1,,4.07,4.07,4.07,655,5,130.043585,4.195,4.3638,4.7404,,,,,,
2023/11/06,4.1,,4.07,4.07,4.07,832,7,130.087087,4.1907,4.3472,4.72,,,,,,
2023/11/07,4.1,,4.07,4.08,4.07,1057,11,130.101593,4.195,4.3672,4.7402,,,,,,
2023/11/08,4.35,0.25,4.32,4.32,4.32,856,7,130.1161,4.2739,4.4142,4.7552,,,,,,
2023/11/09,4.35,,4.32,4.32,4.32,1490,8,130.1315,4.2825,4.4129,4.7572,,,,,,
2023/11/10,4.35,,4.32,4.32,4.32,791,6,130.146902,4.2696,4.4042,4.7473,,,,,,
2023/11/13,4.35,,4.32,4.32,4.32,1012,13,130.193113,4.275,4.4186,4.7519,,,,,,
2023/11/14,4.35,,4.32,4.33,4.32,594,7,130.208522,4.2817,4.4116,4.7433,,,,,,
2023/11/15,4.35,,4.32,4.32,4.32,1021,7,130.223933,4.2734,4.3774,4.6788,,,,,,
2023/11/16,4.35,,4.32,4.32,4.32,2130,11,130.239346,4.3,4.388,4.6774,,,,,,
2023/11/17,4.35,,4.32,4.32,4.32,1480,10,130.254761,4.3,4.3905,4.6464,,,,,,
2023/11/20,4.35,,4.32,4.32,4.32,2685,12,130.30101,4.2786,4.3728,4.6224,,,,,,
2023/11/21,4.35,,4.32,4.32,4.32,1173,9,130.316432,4.2789,4.3729,4.625,,,,,,
2023/11/22,4.35,,4.32,4.32,4.32,1172,7,130.331856,4.285,4.3658,4.62,,,,,,
2023/11/23,4.35,,4.32,4.32,4.32,1062,7,130.347282,4.3083,4.3982,4.6636,,,,,,
2023/11/24,4.35,,4.32,4.32,4.32,975,6,130.362709,4.309,4.3886,4.655,,,,,,
2023/11/27,4.35,,4.32,4.32,4.32,1210,9,130.408997,4.2756,4.3675,4.645,,,,,,
2023/11/28,4.35,,4.32,4.32,4.32,1512,10,130.424432,4.2949,4.3744,4.6306,,,,,,
2023/11/29,4.35,,4.32,4.32,4.32,836,6,130.439869,4.2688,4.3581,4.59,,,,,,
2023/11/30,4.35,,4.32,4.32,4.32,835,4,130.455307,4.2914,4.3674,4.5767,,,,,,
2023/12/01,4.35,,4.32,4.32,4.32,965,7,130.470747,4.2964,4.3696,4.5878,,,,,,
2023/12/04,4.35,,4.32,4.32,4.32,977,6,130.517073,4.3012,4.3768,4.585,,,,,,
2023/12/05,4.35,,4.32,4.32,4.32,894,6,130.532521,4.22,4.3056,4.5178,,,,,,
2023/12/06,4.35,,4.32,4.32,4.32,994,6,130.54797,4.248,4.3148,4.4764,,,,,,
2023/12/07,4.35,,4.32,4.32,4.32,778,5,130.563421,4.335,4.3903,4.5203,,,,,,
2023/12/08,4.35,,4.32,4.32,4.32,730,5,130.578874,4.2753,4.3244,4.46,,,,,,
2023/12/11,4.35,,4.32,4.32,4.32,670,7,130.625238,4.28,4.3502,4.5083,,,,,,
2023/12/12,4.35,,4.32,4.32,4.32,748,5,130.640698,4.2941,4.3452,4.5,,,,,,
2023/12/13,4.35,,4.32,4.32,4.32,686,4,130.65616,4.295,4.3583,4.51,,,,,,
2023/12/14,4.35,,4.32,4.32,4.32,714,6,130.671624,4.275,4.3341,4.4432,,,,,,
2023/12/15,4.35,,4.32,4.32,4.32,498,5,130.68709,4.3176,4.37,4.46,,,,,,
2023/12/18,4.35,,4.32,4.32,4.32,514,4,130.733493,4.2717,4.3325,4.425,,,,,,
2023/12/19,4.35,,4.32,4.32,4.32,484,3,130.748966,4.3255,4.3869,4.4813,,,,,,
2023/12/20,4.35,,4.32,4.32,4.32,710,5,130.764441,4.3038,4.3553,4.4551,,,,,,
2023/12/21,4.35,,4.32,4.32,4.32,2054,13,130.779918,4.3081,4.3633,4.4586,,,,,,
2023/12/22,4.35,,4.32,4.32,4.32,801,8,130.795397,4.3116,4.3793,4.465,,,,,,
2023/12/27,4.35,,4.32,4.32,4.32,807,6,130.872799,4.308,4.3651,4.455,,,,,,
2023/12/28,4.35,,4.32,4.32,4.32,509,4,130.888289,4.3149,4.36,4.4461,,,,,,
2023/12/29,4.35,,4.32,4.33,4.32,603,4,130.90378,4.3,4.3475,4.435,,,,,,
2024/01/02,4.35,,4.32,4.32,4.32,541,4,130.965753,4.315,4.3678,4.45,,,,,,
2024/01/03,4.35,,4.32,4.32,4.32,557,4,130.981254,4.32,4.3713,4.46,,,,,,
2024/01/04,4.35,,4.32,4.35,4.32,641,4,130.996756,4.31,4.3637,4.4432,,,,,,
2024/01/05,4.35,,4.32,4.32,4.32,1001,5,131.01226,4.31,4.3617,4.453,,,,,,
2024/01/08,4.35,,4.32,4.35,4.32,660,5,131.058778,4.295,4.3529,4.4445,,,,,,
2024/01/09,4.35,,4.32,4.35,4.32,570,4,131.07429,4.305,4.3593,4.4501,,,,,,
2024/01/10,4.35,,4.32,4.33,4.32,565,4,131.089803,4.315,4.3737,4.4659,,,,,,
2024/01/11,4.35,,4.32,N/A,N/A,418,N/A,131.105318,4.315,4.3674,4.4689,,,,,,
2024/01/12,4.35,,4.32,4.32,4.32,177,3,131.120835,4.305,4.355,4.4531,,,,,,
2024/01/15,4.35,,4.32,4.35,4.32,535,6,131.167392,4.315,4.3602,4.4529,,,,,,
2024/01/16,4.35,,4.32,N/A,N/A,36,N/A,131.182916,4.315,4.3608,4.4652,,,,,,
2024/01/17,4.35,,4.32,4.32,4.32,125,4,131.198442,4.305,4.3502,4.4683,,,,,,
2024/01/18,4.35,,4.32,4.32,4.32,105,3,131.21397,4.305,4.35,4.4735,,,,,,
2024/01/19,4.35,,4.32,4.32,4.32,230,4,131.2295,4.3059,4.3389,4.4631,,,,,,
2024/01/22,4.35,,4.32,4.35,4.32,402,8,131.276095,4.2839,4.3263,4.4411,,,,,,
2024/01/23,4.35,,4.32,4.35,4.32,302,6,131.291632,4.305,4.345,4.4607,,,,,,
2024/01/24,4.35,,4.32,4.35,4.32,350,3,131.307171,4.305,4.3501,4.4664,,,,,,
2024/01/25,4.35,,4.32,4.35,4.32,271,4,131.322712,4.305,4.3515,4.46,,,,,,
2024/01/29,4.35,,4.32,4.35,4.32,780,8,131.384883,4.3035,4.3564,4.455,,,,,,
2024/01/30,4.35,,4.32,4.35,4.32,492,6,131.400433,4.3188,4.3543,4.45,,,,,,
2024/01/31,4.35,,4.32,4.35,4.32,588,8,131.415985,4.2741,4.316,4.4045,,,,,,
2024/02/01,4.35,,4.32,N/A,N/A,280,N/A,131.431539,4.3223,4.3552,4.4121,,,,,,
2024/02/02,4.35,,4.32,4.32,4.32,413,4,131.447095,4.3088,4.3328,4.4178,,,,,,
2024/02/05,4.35,,4.32,4.33,4.32,555,7,131.493768,4.3072,4.3592,4.4538,,,,,,
2024/02/06,4.35,,4.32,4.32,4.32,276,4,131.509331,4.3144,4.3577,4.4775,,,,,,
2024/02/07,4.35,,4.32,4.32,4.32,831,8,131.524896,4.3021,4.349,4.455,,,,,,
2024/02/08,4.35,,4.32,4.32,4.32,415,6,131.540463,4.305,4.3445,4.4653,,,,,,
2024/02/09,4.35,,4.32,4.32,4.32,108,4,131.556032,4.315,4.3536,4.4783,,,,,,
2024/02/12,4.35,,4.32,4.32,4.32,361,4,131.602743,4.3084,4.3572,4.4865,,,,,,
2024/02/13,4.35,,4.32,4.35,4.32,504,5,131.618319,4.2923,4.3455,4.467,,,,,,
2024/02/14,4.35,,4.32,4.32,4.32,913,4,131.633897,4.295,4.3459,4.465,,,,,,
2024/02/15,4.35,,4.32,N/A,N/A,383,N/A,131.649477,4.285,4.3376,4.4542,,,,,,
2024/02/16,4.35,,4.32,4.35,4.32,954,9,131.665059,4.295,4.338,4.4497,,,,,,
2024/02/19,4.35,,4.32,4.32,4.32,346,6,131.711809,4.2975,4.34,4.4563,,,,,,
2024/02/20,4.35,,4.32,4.35,4.32,1581,12,131.727398,4.2975,4.3329,4.46,,,,,,
2024/02/21,4.35,,4.32,4.32,4.32,1605,10,131.742989,4.2944,4.3326,4.45,,,,,,
2024/02/22,4.35,,4.32,4.32,4.32,1060,7,131.758582,4.2856,4.3273,4.451,,,,,,
2024/02/23,4.35,,4.32,4.32,4.32,1243,10,131.774176,4.305,4.3451,4.4839,,,,,,
2024/02/26,4.35,,4.32,4.35,4.32,720,9,131.820965,4.285,4.3256,4.4659,,,,,,
2024/02/27,4.35,,4.32,4.35,4.32,743,8,131.836567,4.3106,4.3449,4.477,,,,,,
2024/02/28,4.35,,4.32,4.35,4.32,1269,12,131.852171,4.2995,4.3398,4.4778,,,,,,
2024/02/29,4.35,,4.32,4.35,4.32,886,8,131.867777,4.2974,4.335,4.48,,,,,,
2024/03/01,4.35,,4.32,4.32,4.32,1629,11,131.883384,4.2995,4.3375,4.4849,,,,,,
2024/03/04,4.35,,4.32,4.35,4.32,1523,17,131.930212,4.3018,4.3387,4.4938,,,,,,
2024/03/05,4.35,,4.32,4.32,4.32,1381,12,131.945827,4.295,4.3465,4.49,,,,,,
2024/03/06,4.35,,4.32,4.32,4.32,1111,9,131.961444,4.295,4.3433,4.485,,,,,,
2024/03/07,4.35,,4.32,4.32,4.32,1040,6,131.977062,4.305,4.36,4.4975,,,,,,
2024/03/08,4.35,,4.32,4.32,4.32,1079,7,131.992682,4.2868,4.3401,4.48,,,,,,
2024/03/11,4.35,,4.32,4.35,4.32,969,7,132.039548,4.285,4.3356,4.4742,,,,,,
2024/03/12,4.35,,4.32,4.35,4.32,1195,7,132.055176,4.295,4.3454,4.48,,,,,,
2024/03/13,4.35,,4.32,4.32,4.32,801,4,132.070806,4.295,4.345,4.48,,,,,,
2024/03/14,4.35,,4.32,4.32,4.32,1345,9,132.086437,4.295,4.3445,4.4855,,,,,,
2024/03/15,4.35,,4.32,4.32,4.32,1993,11,132.10207,4.295,4.3448,4.4874,,,,,,
2024/03/18,4.35,,4.32,4.35,4.32,1966,12,132.148975,4.2878,4.3439,4.4825,,,,,,
2024/03/19,4.35,,4.32,4.35,4.32,955,10,132.164616,4.2802,4.3285,4.475,,,,,,
2024/03/20,4.35,,4.32,4.35,4.32,1016,7,132.180258,4.285,4.341,4.483,,,,,,
2024/03/21,4.35,,4.32,4.35,4.32,1463,9,132.195902,4.3272,4.3828,4.5222,,,,,,
2024/03/22,4.35,,4.32,4.35,4.32,1256,11,132.211548,4.2944,4.3497,4.5203,,,,,,
2024/03/25,4.35,,4.32,4.35,4.32,1494,14,132.258492,4.3007,4.3537,4.5128,,,,,,
2024/03/26,4.35,,4.32,4.35,4.32,1410,13,132.274146,4.295,4.3505,4.501,,,,,,
2024/03/27,4.35,,4.32,4.35,4.32,1571,14,132.289801,4.3003,4.3436,4.5034,,,,,,
2024/03/28,4.35,,4.32,4.35,4.32,1425,13,132.305458,4.2873,4.3342,4.4886,,,,,,
2024/04/02,4.35,,4.32,4.35,4.32,2278,17,132.383754,4.2906,4.33,4.5,,,,,,
2024/04/03,4.35,,4.32,4.35,4.32,1678,15,132.399422,4.2967,4.3455,4.515,,,,,,
2024/04/04,4.35,,4.32,4.35,4.32,1364,9,132.415092,4.2948,4.3447,4.518,,,,,,
2024/04/05,4.35,,4.32,4.35,4.32,810,10,132.430764,4.3052,4.3554,4.5284,,,,,,
2024/04/08,4.35,,4.32,4.33,4.32,1409,12,132.477786,4.2991,4.3487,4.5301,,,,,,
2024/04/09,4.35,,4.32,4.32,4.32,699,5,132.493466,4.2923,4.3468,4.5386,,,,,,
2024/04/10,4.35,,4.32,4.35,4.32,764,8,132.509147,4.285,4.3358,4.5256,,,,,,
2024/04/11,4.35,,4.32,4.35,4.32,1536,11,132.52483,4.2971,4.3549,4.5441,,,,,,
2024/04/12,4.35,,4.32,4.35,4.32,796,6,132.540515,4.3082,4.3503,4.5676,,,,,,
2024/04/15,4.35,,4.32,4.35,4.32,688,7,132.587576,4.2954,4.3554,4.5624,,,,,,
2024/04/16,4.35,,4.32,N/A,N/A,242,N/A,132.603269,4.295,4.3555,4.5821,,,,,,
2024/04/17,4.35,,4.32,4.35,4.32,649,5,132.618963,4.3119,4.3691,4.6207,,,,,,
2024/04/18,4.35,,4.32,4.35,4.32,403,4,132.634659,4.302,4.3633,4.6171,,,,,,
2024/04/19,4.35,,4.32,4.32,4.32,406,4,132.650357,4.294,4.3525,4.61,,,,,,
2024/04/22,4.35,,4.32,4.35,4.32,896,9,132.697457,4.3025,4.3669,4.6178,,,,,,
2024/04/23,4.35,,4.32,4.35,4.32,1555,11,132.713163,4.3001,4.3682,4.6219,,,,,,
2024/04/24,4.35,,4.32,4.35,4.32,774,6,132.72887,4.3795,4.4505,4.7099,,,,,,
2024/04/26,4.35,,4.32,4.35,4.32,971,9,132.760289,4.3025,4.4022,4.6999,,,,,,
2024/04/29,4.35,,4.32,4.35,4.32,1652,11,132.807428,4.3144,4.4211,4.7124,,,,,,
2024/04/30,4.35,,4.32,4.35,4.32,2506,18,132.823147,4.291,4.3886,4.6806,,,,,,
2024/05/01,4.35,,4.32,4.35,4.32,1659,10,132.838867,4.325,4.4096,4.6924,,,,,,
2024/05/02,4.35,,4.32,4.35,4.32,1648,10,132.854589,4.3144,4.4106,4.6869,,,,,,
2024/05/03,4.35,,4.32,4.35,4.32,1625,12,132.870313,4.3225,4.4171,4.6755,,,,,,
2024/05/06,4.35,,4.32,4.35,4.32,1648,12,132.917491,4.29,4.3917,4.6577,,,,,,
2024/05/07,4.35,,4.32,4.35,4.32,1645,15,132.933223,4.255,4.3581,4.6343,,,,,,
2024/05/08,4.35,,4.32,4.35,4.32,2007,13,132.948956,4.32,4.3987,4.6529,,,,,,
2024/05/09,4.35,,4.32,4.32,4.32,1552,10,132.964691,4.3075,4.3775,4.6434,,,,,,
2024/05/10,4.35,,4.32,4.35,4.32,1287,9,132.980428,4.2975,4.3718,4.6167,,,,,,
2024/05/13,4.35,,4.32,4.32,4.32,1653,10,133.027645,4.2983,4.3704,4.6218,,,,,,
2024/05/14,4.35,,4.32,4.35,4.32,1955,11,133.04339,4.3008,4.3803,4.6281,,,,,,
2024/05/15,4.35,,4.32,4.35,4.32,1404,9,133.059137,4.2905,4.36,4.6099,,,,,,
2024/05/16,4.35,,4.32,4.35,4.32,843,8,133.074885,4.2875,4.3442,4.5942,,,,,,
2024/05/17,4.35,,4.32,4.35,4.32,1565,13,133.090635,4.2949,4.345,4.5922,,,,,,
2024/05/20,4.35,,4.32,4.33,4.32,1787,14,133.137891,4.2925,4.3425,4.5793,,,,,,
2024/05/21,4.35,,4.32,4.32,4.32,1164,10,133.153649,4.2925,4.3426,4.5666,,,,,,
2024/05/22,4.35,,4.32,4.32,4.32,906,6,133.169409,4.3,4.345,4.5695,,,,,,
2024/05/23,4.35,,4.32,4.32,4.32,408,4,133.18517,4.2901,4.335,4.5665,,,,,,
2024/05/24,4.35,,4.33,4.35,4.32,679,10,133.200933,4.2812,4.3403,4.5763,,,,,,
2024/05/27,4.35,,4.33,4.35,4.32,626,8,133.248338,4.29,4.335,4.57,,,,,,
2024/05/28,4.35,,4.32,4.33,4.32,956,5,133.264145,4.29,4.335,4.5633,,,,,,
2024/05/29,4.35,,4.32,4.35,4.32,1735,12,133.279918,4.2908,4.3425,4.5888,,,,,,
2024/05/30,4.35,,4.32,4.35,4.32,1722,11,133.295692,4.2943,4.3496,4.6203,,,,,,
2024/05/31,4.35,,4.32,4.32,4.32,1981,15,133.311468,4.2884,4.35,4.6025,,,,,,
2024/06/03,4.35,,4.32,4.32,4.32,2032,12,133.358803,4.28,4.3392,4.6,,,,,,
2024/06/04,4.35,,4.32,4.32,4.32,2007,13,133.374587,4.29,4.3547,4.595,,,,,,
2024/06/05,4.35,,4.32,4.33,4.32,1660,12,133.390373,4.283,4.3519,4.5833,,,,,,
2024/06/06,4.35,,4.32,4.32,4.32,1641,11,133.406161,4.2882,4.3458,4.5989,,,,,,
2024/06/07,4.35,,4.32,4.32,4.32,1908,11,133.42195,4.3025,4.3637,4.6,,,,,,
2024/06/11,4.35,,4.32,4.35,4.32,3187,21,133.485115,4.2914,4.3573,4.6184,,,,,,
2024/06/12,4.35,,4.32,4.35,4.32,2500,13,133.500914,4.294,4.3598,4.6135,,,,,,
2024/06/13,4.35,,4.32,4.35,4.32,2947,24,133.516715,4.3108,4.3859,4.61,,,,,,
2024/06/14,4.35,,4.32,4.35,4.32,1235,10,133.532518,4.2744,4.3478,4.5707,,,,,,
2024/06/17,4.35,,4.32,4.35,4.32,1602,8,133.579931,4.295,4.3709,4.5989,,,,,,
2024/06/18,4.35,,4.32,4.35,4.32,922,10,133.595741,4.3412,4.4114,4.649,,,,,,
2024/06/19,4.35,,4.33,4.35,4.32,945,8,133.611553,4.3077,4.3868,4.645,,,,,,
2024/06/20,4.35,,4.33,4.35,4.32,1006,10,133.627403,4.295,4.38,4.6439,,,,,,
2024/06/21,4.35,,4.33,4.35,4.32,1456,12,133.643255,4.2997,4.4056,4.6489,,,,,,
2024/06/24,4.35,,4.33,4.33,4.32,1954,11,133.690817,4.295,4.3923,4.6468,,,,,,
2024/06/25,4.35,,4.33,4.35,4.32,2713,19,133.706677,4.299,4.401,4.6564,,,,,,
2024/06/26,4.35,,4.33,4.35,4.32,2212,13,133.722539,4.3975,4.4983,4.7659,,,,,,
2024/06/27,4.35,,4.33,4.35,4.32,1989,17,133.738403,4.2841,4.4383,4.7477,,,,,,
2024/06/28,4.35,,4.33,4.36,4.32,2316,13,133.754268,4.3045,4.4453,4.736,,,,,,
2024/07/01,4.35,,4.33,4.34,4.32,2281,12,133.80187,4.2805,4.4288,4.72,,,,,,
2024/07/02,4.35,,4.33,4.35,4.33,1737,16,133.817743,4.29,4.4355,4.7477,,,,,,
2024/07/03,4.35,,4.33,4.34,4.33,1646,9,133.833618,4.3125,4.4696,4.7649,,,,,,
2024/07/04,4.35,,4.33,4.34,4.33,2690,13,133.849495,4.3116,4.4589,4.7456,,,,,,
2024/07/05,4.35,,4.34,4.35,4.33,1425,11,133.865374,4.305,4.4616,4.7633,,,,,,
2024/07/08,4.35,,4.34,4.35,4.33,1428,11,133.913125,4.3125,4.4721,4.7715,,,,,,
2024/07/09,4.35,,4.34,4.34,4.33,1881,10,133.929048,4.3019,4.4633,4.7543,,,,,,
2024/07/10,4.35,,4.34,4.35,4.33,2337,15,133.944973,4.2925,4.4509,4.7573,,,,,,
2024/07/11,4.35,,4.34,4.35,4.33,2016,13,133.9609,4.3025,4.4575,4.7645,,,,,,
2024/07/12,4.35,,4.34,4.35,4.33,1177,12,133.976829,4.3025,4.4569,4.7548,,,,,,
2024/07/15,4.35,,4.34,4.34,4.33,1989,13,134.02462,4.31,4.4633,4.7466,,,,,,
2024/07/16,4.35,,4.34,4.35,4.33,1614,14,134.040556,4.316,4.4524,4.7317,,,,,,
2024/07/17,4.35,,4.34,4.35,4.33,2425,14,134.056494,4.3373,4.4561,4.72,,,,,,
2024/07/18,4.35,,4.34,4.35,4.32,3256,18,134.072434,4.35,4.4689,4.73,,,,,,
2024/07/19,4.35,,4.34,4.36,4.33,3661,19,134.088376,4.3142,4.465,4.7447,,,,,,
2024/07/22,4.35,,4.34,4.35,4.33,2657,15,134.136207,4.3175,4.4699,4.7625,,,,,,
2024/07/23,4.35,,4.34,4.35,4.33,2016,15,134.152156,4.32,4.4788,4.7628,,,,,,
2024/07/24,4.35,,4.34,4.35,4.33,2008,14,134.168107,4.3125,4.46,4.7525,,,,,,
2024/07/25,4.35,,4.34,4.36,4.33,1942,15,134.18406,4.3283,4.4805,4.7686,,,,,,
2024/07/26,4.35,,4.34,4.35,4.33,1570,12,134.200015,4.33,4.485,4.775,,,,,,
2024/07/29,4.35,,4.34,4.34,4.33,1622,9,134.247886,4.3495,4.49,4.78,,,,,,
2024/07/30,4.35,,4.34,4.34,4.33,2428,16,134.263849,4.3379,4.491,4.797,,,,,,
2024/07/31,4.35,,4.34,4.35,4.33,1313,12,134.279814,4.2297,4.3799,4.6725,,,,,,
2024/08/01,4.35,,4.34,4.35,4.33,2187,13,134.29578,4.3155,4.427,4.6791,,,,,,
2024/08/02,4.35,,4.34,N/A,N/A,300,N/A,134.311748,4.3181,4.4202,4.6622,,,,,,
2024/08/05,4.35,,4.34,N/A,N/A,150,N/A,134.359659,,,,,,,,,
2024/08/06,4.35,,4.34,4.35,4.33,1860,15,134.375635,4.3546,4.4042,4.5452,,,,,,
2024/08/07,4.35,,4.34,4.35,4.33,2138,13,134.391613,4.2892,4.3803,4.56,,,,,,
2024/08/08,4.35,,4.34,4.34,4.34,1216,9,134.407593,4.2823,4.3761,4.5428,,,,,,
2024/08/09,4.35,,4.34,4.35,4.34,844,8,134.423575,4.2985,4.3791,4.5425,,,,,,
2024/08/12,4.35,,4.34,4.34,4.33,883,9,134.471526,4.295,4.3729,4.523,,,,,,
2024/08/13,4.35,,4.34,4.35,4.34,948,8,134.487515,4.295,4.3567,4.4944,,,,,,
2024/08/14,4.35,,4.34,4.34,4.34,316,3,134.503506,4.2931,4.3463,4.4578,,,,,,
2024/08/15,4.35,,4.34,4.35,4.34,1391,12,134.519499,4.3004,4.3492,4.4651,,,,,,
2024/08/16,4.35,,4.34,4.34,4.34,1234,10,134.535494,4.285,4.3572,4.5005,,,,,,
2024/08/19,4.35,,4.34,4.35,4.34,1642,12,134.583484,4.285,4.3542,4.4814,,,,,,
2024/08/20,4.35,,4.34,4.35,4.34,2032,15,134.599487,4.295,4.3685,4.5093,,,,,,
2024/08/21,4.35,,4.34,4.35,4.34,1817,14,134.615491,4.295,4.3793,4.5021,,,,,,
2024/08/22,4.35,,4.34,4.35,4.34,2549,12,134.631497,4.2925,4.3651,4.4829,,,,,,
2024/08/23,4.35,,4.34,4.35,4.34,1436,14,134.647505,4.295,4.3525,4.4794,,,,,,
2024/08/26,4.35,,4.34,4.35,4.34,2303,16,134.695535,4.295,4.3511,4.4642,,,,,,
2024/08/27,4.35,,4.34,4.35,4.34,1370,14,134.711551,4.3075,4.3741,4.4786,,,,,,
2024/08/28,4.35,,4.34,4.35,4.34,1685,13,134.727569,4.3246,4.3875,4.4961,,,,,,
2024/08/29,4.35,,4.34,4.35,4.34,1609,14,134.743589,4.3078,4.3965,4.5186,,,,,,
2024/08/30,4.35,,4.34,4.35,4.34,2073,15,134.759611,4.3042,4.3937,4.5275,,,,,,
2024/09/02,4.35,,4.34,4.35,4.34,2759,16,134.807681,4.3084,4.3966,4.5266,,,,,,
2024/09/03,4.35,,4.34,4.35,4.34,1075,13,134.82371,4.3049,4.3996,4.5425,,,,,,
2024/09/04,4.35,,4.34,4.35,4.34,1392,15,134.839741,4.3025,4.4094,4.5333,,,,,,
2024/09/05,4.35,,4.34,4.35,4.34,739,6,134.855774,4.3025,4.3875,4.5167,,,,,,
2024/09/06,4.35,,4.34,4.35,4.34,734,7,134.871809,4.2969,4.4027,4.5466,,,,,,
2024/09/09,4.35,,4.34,4.35,4.34,484,12,134.919919,4.312,4.4253,4.5676,,,,,,
2024/09/10,4.35,,4.34,4.35,4.34,1083,11,134.935962,4.2925,4.411,4.5526,,,,,,
2024/09/11,4.35,,4.34,4.35,4.34,1057,9,134.952006,4.3025,4.4327,4.5639,,,,,,
2024/09/12,4.35,,4.34,4.35,4.34,832,9,134.968052,4.3014,4.41,4.5685,,,,,,
2024/09/13,4.35,,4.34,4.35,4.34,1267,12,134.9841,4.2839,4.3945,4.5509,,,,,,
2024/09/16,4.35,,4.34,4.34,4.34,702,10,135.03225,4.3165,4.4261,4.5779,,,,,,
2024/09/17,4.35,,4.34,4.34,4.34,1200,9,135.048306,4.3125,4.4277,4.5805,,,,,,
2024/09/18,4.35,,4.34,4.36,4.34,1572,12,135.064364,4.3068,4.4231,4.5806,,,,,,
2024/09/19,4.35,,4.34,4.35,4.34,1853,13,135.080424,4.3465,4.4555,4.6327,,,,,,
2024/09/20,4.35,,4.34,4.35,4.34,2639,17,135.096486,4.3006,4.41,4.6106,,,,,,
2024/09/23,4.35,,4.34,4.35,4.34,1936,21,135.144677,4.3113,4.4383,4.6455,,,,,,
2024/09/24,4.35,,4.34,4.35,4.34,2008,17,135.160746,4.2592,4.3882,4.5913,,,,,,
2024/09/25,4.35,,4.34,4.35,4.34,1371,14,135.176817,4.3225,4.4467,4.6384,,,,,,
2024/09/26,4.35,,4.34,4.35,4.34,836,7,135.19289,4.3181,4.4438,4.6364,,,,,,
2024/09/27,4.35,,4.34,4.35,4.34,1168,10,135.208965,4.2925,4.4314,4.6254,,,,,,
2024/09/30,4.35,,4.34,4.35,4.34,849,9,135.257196,4.3121,4.4441,4.6321,,,,,,
2024/10/01,4.35,,4.34,4.34,4.34,1033,6,135.273279,4.3125,4.4433,4.6342,,,,,,
2024/10/02,4.35,,4.34,4.34,4.34,1129,7,135.289364,4.286,4.4092,4.598,,,,,,
2024/10/03,4.35,,4.34,4.35,4.34,915,6,135.30545,4.3025,4.42,4.6052,,,,,,
2024/10/04,4.35,,4.34,N/A,N/A,0,N/A,135.321538,4.3125,4.4244,4.6148,,,,,,
2024/10/07,4.35,,4.34,N/A,N/A,0,N/A,135.369809,,,,,,,,,
2024/10/08,4.35,,4.34,4.35,4.34,1374,10,135.385905,4.2925,4.4149,4.6178,,,,,,
2024/10/09,4.35,,4.34,4.35,4.33,1291,16,135.402003,4.3211,4.4346,4.6353,,,,,,
2024/10/10,4.35,,4.34,4.35,4.34,1556,13,135.418103,4.3183,4.4346,4.6349,,,,,,
2024/10/11,4.35,,4.34,4.35,4.34,1631,13,135.434205,4.3025,4.4197,4.619,,,,,,
2024/10/14,4.35,,4.34,4.35,4.34,1682,17,135.482516,4.3125,4.425,4.6203,,,,,,
2024/10/15,4.35,,4.34,4.35,4.34,1671,14,135.498625,4.3025,4.4038,4.6081,,,,,,
2024/10/16,4.35,,4.34,4.35,4.34,1897,19,135.514736,4.2925,4.3832,4.5955,,,,,,
2024/10/17,4.35,,4.34,4.35,4.34,1400,15,135.530849,4.3525,4.4217,4.6171,,,,,,
2024/10/18,4.35,,4.34,4.35,4.34,991,10,135.546964,4.3111,4.397,4.6217,,,,,,
2024/10/21,4.35,,4.34,4.35,4.34,1211,11,135.595315,4.296,4.37,4.5891,,,,,,
2024/10/22,4.35,,4.34,4.35,4.34,1323,13,135.611438,4.3275,4.406,4.6088,,,,,,
2024/10/23,4.35,,4.34,4.34,4.34,1715,10,135.627563,4.3109,4.3976,4.5911,,,,,,
2024/10/24,4.35,,4.34,4.35,4.34,1476,11,135.64369,4.3005,4.3837,4.5755,,,,,,
2024/10/25,4.35,,4.34,4.35,4.34,1662,13,135.659819,4.3075,4.3836,4.5948,,,,,,
2024/10/28,4.35,,4.34,4.35,4.34,1909,12,135.708211,4.3075,4.3956,4.58,,,,,,
2024/10/29,4.35,,4.34,4.35,4.34,1421,12,135.724347,4.3075,4.3911,4.59,,,,,,
2024/10/30,4.35,,4.34,4.35,4.34,1970,12,135.740485,4.3375,4.4205,4.6242,,,,,,
2024/10/31,4.35,,4.34,4.35,4.34,2335,14,135.756625,4.3094,4.4183,4.6374,,,,,,
2024/11/01,4.35,,4.34,4.35,4.34,1656,11,135.772767,4.2975,4.4017,4.6408,,,,,,
2024/11/04,4.35,,4.34,4.35,4.34,2477,13,135.821199,4.3175,4.4311,4.647,,,,,,
2024/11/05,4.35,,4.34,4.35,4.34,2075,17,135.837349,4.3296,4.4306,4.6589,,,,,,
2024/11/06,4.35,,4.34,4.35,4.34,985,9,135.853501,4.3,4.4131,4.6465,,,,,,
2024/11/07,4.35,,4.34,4.35,4.34,1394,10,135.869655,4.31,4.415,4.6784,,,,,,
2024/11/08,4.35,,4.34,4.34,4.34,1210,10,135.88581,4.32,4.4292,4.675,,,,,,
2024/11/11,4.35,,4.34,4.34,4.34,1133,9,135.934282,4.31,4.4131,4.6608,,,,,,
2024/11/12,4.35,,4.34,4.35,4.34,1218,11,135.950445,4.3072,4.4165,4.6698,,,,,,
2024/11/13,4.35,,4.34,4.35,4.34,793,8,135.96661,4.31,4.4125,4.6653,,,,,,
2024/11/14,4.35,,4.34,4.35,4.34,1329,10,135.982777,4.3266,4.4373,4.6736,,,,,,
2024/11/15,4.35,,4.34,4.35,4.34,1359,7,135.998946,4.31,4.4194,4.66,,,,,,
2024/11/18,4.35,,4.34,4.35,4.34,945,7,136.047459,4.2975,4.4163,4.6488,,,,,,
2024/11/19,4.35,,4.34,4.35,4.34,1407,10,136.063636,4.3232,4.4335,4.6678,,,,,,
2024/11/20,4.35,,4.34,4.35,4.34,854,9,136.079815,4.315,4.42,4.6628,,,,,,
2024/11/21,4.35,,4.34,4.34,4.34,819,7,136.095995,4.313,4.4227,4.6625,,,,,,
2024/11/22,4.35,,4.34,4.35,4.34,605,9,136.112177,4.3175,4.4229,4.6665,,,,,,
2024/11/25,4.35,,4.34,4.35,4.34,303,8,136.16073,4.3254,4.4151,4.6648,,,,,,
2024/11/26,4.35,,4.34,4.35,4.34,730,9,136.17692,4.315,4.4179,4.6629,,,,,,
2024/11/27,4.35,,4.34,4.35,4.34,776,7,136.193112,4.317,4.415,4.6686,,,,,,
2024/11/28,4.35,,4.34,4.35,4.34,895,7,136.209306,4.3224,4.4316,4.674,,,,,,
2024/11/29,4.35,,4.34,4.35,4.34,925,8,136.225502,4.3178,4.4378,4.6696,,,,,,
2024/12/02,4.35,,4.34,4.35,4.34,1288,17,136.274095,4.33,4.456,4.6849,,,,,,
2024/12/03,4.35,,4.34,4.35,4.34,1278,8,136.290299,4.315,4.4273,4.6759,,,,,,
2024/12/04,4.35,,4.34,4.35,4.34,925,8,136.306504,4.3042,4.4027,4.6692,,,,,,
2024/12/05,4.35,,4.34,4.34,4.34,511,6,136.322711,4.335,4.4457,4.6512,,,,,,
2024/12/06,4.35,,4.34,4.34,4.34,601,6,136.33892,4.315,4.426,4.6497,,,,,,
2024/12/09,4.35,,4.34,4.34,4.34,838,9,136.387554,4.3422,4.4597,4.6651,,,,,,
2024/12/10,4.35,,4.34,4.34,4.34,893,9,136.403771,4.225,4.3543,4.5757,,,,,,
2024/12/11,4.35,,4.34,4.35,4.34,1650,16,136.41999,4.315,4.4388,4.5977,,,,,,
2024/12/12,4.35,,4.34,4.35,4.34,845,7,136.436211,4.4232,4.5483,4.7006,,,,,,
2024/12/13,4.35,,4.34,4.35,4.34,1085,9,136.452434,4.31,4.4504,4.6439,,,,,,
2024/12/16,4.35,,4.34,4.35,4.34,1170,11,136.501108,4.319,4.4499,4.6432,,,,,,
2024/12/17,4.35,,4.34,4.35,4.34,1690,13,136.517339,4.3105,4.4456,4.6155,,,,,,
2024/12/18,4.35,,4.34,4.35,4.34,814,9,136.533571,4.292,4.428,4.6031,,,,,,
2024/12/19,4.35,,4.34,4.35,4.34,2941,17,136.549805,4.3253,4.4527,4.6075,,,,,,
2024/12/20,4.35,,4.34,4.35,4.34,1951,8,136.566041,4.3149,4.4383,4.5946,,,,,,
2024/12/23,4.35,,4.34,4.35,4.34,1379,9,136.614756,4.31,4.4413,4.5633,,,,,,
2024/12/24,4.35,,4.34,4.35,4.34,1242,7,136.631,4.29,4.4087,4.5259,,,,,,
2024/12/27,4.35,,4.34,4.35,4.34,1481,12,136.679738,4.3125,4.4221,4.5277,,,,,,
2024/12/30,4.35,,4.34,4.35,4.34,1124,7,136.728493,4.3325,4.43,4.5109,,,,,,
2024/12/31,4.35,,4.34,4.35,4.34,768,8,136.744751,4.3225,4.4163,4.4925,,,,,,
2025/01/02,4.35,,4.34,4.35,4.34,718,7,136.77727,4.3325,4.4075,4.5097,,,,,,
2025/01/03,4.35,,4.34,4.34,4.34,573,5,136.793533,4.3225,4.3877,4.4782,,,,,,
2025/01/06,4.35,,4.34,4.34,4.34,610,6,136.842329,4.3375,4.4075,4.5103,,,,,,
2025/01/07,4.35,,4.34,4.34,4.34,746,5,136.8586,4.3158,4.3777,4.4772,,,,,,
2025/01/08,4.35,,4.34,4.35,4.34,962,8,136.874873,4.2698,4.3281,4.4356,,,,,,
2025/01/09,4.35,,4.34,4.35,4.34,1056,8,136.891148,4.3114,4.3369,4.4434,,,,,,
2025/01/10,4.35,,4.34,4.34,4.34,1012,7,136.907425,4.3315,4.3628,4.4393,,,,,,
2025/01/13,4.35,,4.34,4.35,4.34,1383,10,136.956262,4.3368,4.3597,4.4585,,,,,,
2025/01/14,4.35,,4.34,4.35,4.34,1648,11,136.972547,4.315,4.3411,4.4453,,,,,,
2025/01/15,4.35,,4.34,4.34,4.34,1143,6,136.988834,4.3099,4.3484,4.44,,,,,,
2025/01/16,4.35,,4.34,4.35,4.34,1262,11,137.005123,4.335,4.3599,4.4534,,,,,,
2025/01/17,4.35,,4.34,4.35,4.34,1301,11,137.021413,4.325,4.3408,4.4488,,,,,,
2025/01/20,4.35,,4.34,4.35,4.34,1245,11,137.07029,4.3075,4.3231,4.4125,,,,,,
2025/01/21,4.35,,4.34,4.35,4.34,1912,16,137.086588,4.3075,4.3223,4.4078,,,,,,
2025/01/22,4.35,,4.34,4.35,4.34,1237,8,137.102888,4.315,4.3329,4.4219,,,,,,
2025/01/23,4.35,,4.34,4.35,4.34,1525,12,137.11919,4.315,4.3285,4.4079,,,,,,
2025/01/24,4.35,,4.34,4.35,4.34,2115,15,137.135494,4.3108,4.315,4.4042,,,,,,
2025/01/28,4.35,,4.34,4.35,4.34,1516,14,137.200718,4.3085,4.3003,4.3704,,,,,,
2025/01/29,4.35,,4.34,4.35,4.34,829,6,137.217032,4.2375,4.2443,4.3138,,,,,,
2025/01/30,4.35,,4.34,4.35,4.34,1402,10,137.233348,4.273,4.2553,4.3343,,,,,,
2025/01/31,4.35,,4.34,4.35,4.34,1276,10,137.249666,4.2676,4.2496,4.3058,,,,,,
2025/02/03,4.35,,4.34,4.35,4.34,1242,9,137.298625,4.2325,4.2249,4.305,,,,,,
2025/02/04,4.35,,4.34,4.34,4.34,1059,7,137.31495,4.235,4.2277,4.2868,,,,,,
2025/02/05,4.35,,4.34,4.35,4.34,395,4,137.331277,4.2175,4.2108,4.2675,,,,,,
2025/02/06,4.35,,4.34,4.35,4.34,646,5,137.347606,4.2125,4.2,4.2611,,,,,,
2025/02/07,4.35,,4.34,4.35,4.34,494,5,137.363937,4.2325,4.22,4.2776,,,,,,
2025/02/10,4.35,,4.34,4.35,4.34,606,6,137.412936,4.2084,4.203,4.2647,,,,,,
2025/02/11,4.35,,4.34,4.35,4.34,871,7,137.429275,4.195,4.1944,4.27,,,,,,
2025/02/12,4.35,,4.34,4.35,4.34,312,4,137.445616,4.205,4.2139,4.2902,,,,,,
2025/02/13,4.35,,4.34,4.34,4.34,345,4,137.461959,4.1807,4.1857,4.2923,,,,,,
2025/02/14,4.35,,4.34,4.35,4.34,342,7,137.478304,4.195,4.1993,4.2836,,,,,,
2025/02/17,4.35,,4.34,4.35,4.34,427,6,137.527344,4.165,4.174,4.2577,,,,,,
2025/02/18,4.35,,4.34,4.34,4.34,1008,9,137.543697,4.159,4.1691,4.2583,,,,,,
2025/02/19,4.1,-0.25,4.09,4.1,4.09,1396,8,137.560052,4.0925,4.1485,4.2663,,,,,,
2025/02/20,4.1,,4.09,4.1,4.09,1053,10,137.575466,4.0925,4.1473,4.2638,,,,,,
2025/02/21,,,,,,,,137.590882,,,,,,,,,
