F1 INTEREST RATES AND YIELDS – MONEY MARKET,,,,,,,,,,,,
Title,Cash Rate Target,Change in the Cash Rate Target ,Interbank Overnight Cash Rate,1-month BABs/NCDs,3-month BABs/NCDs,6-month BABs/NCDs,1-month OIS,3-month OIS,6-month OIS,1-month Treasury Note,3- month Treasury Note,6- month Treasury Note
Description,Cash Rate Target on date,Change in the Cash Rate Target (in percentage points),Interbank Overnight Cash Rate on date,Bank Accepted Bills/Negotiable Certificates of Deposit-1 month,Bank Accepted Bills/Negotiable Certificates of Deposit-3 months,Bank Accepted Bills/Negotiable Certificates of Deposit- 6 months,Overnight Indexed Swaps-1 month,Overnight Indexed Swaps-3 months,Overnight Indexed Swaps-6 months,Treasury Note-1 month,Treasury Note-3 month,Treasury Note-6 month
Frequency,Daily,as announced,Daily,Daily,Daily,Daily,Daily,Daily,Daily,Daily,Daily,Daily
Type,Original,Original,Original,Original,Original,Original,Original,Original,Original,Original,Original,Original
Units,Per cent,Per cent,Per cent,Per cent,Per cent,Per cent,Per cent,Per cent,Per cent,Per cent,Per cent,Per cent
,,,,,,,,,,,,
,,,,,,,,,,,,
Source,RBA,RBA,RBA,AFMA,AFMA,AFMA,Tullett Prebon (Australia) Pty Ltd,Tullett Prebon (Australia) Pty Ltd,Tullett Prebon (Australia) Pty Ltd,RBA,RBA,RBA
Publication date,2016/05/09,2016/05/09,2016/05/09,2016/05/09,2016/05/09,2016/05/09,2016/05/09,2016/05/09,2016/05/09,2016/05/09,2016/05/09,2016/05/09
Series ID,FIRMMCRTD,FIRMMCCRT,FIRMMCRID,FIRMMBAB30D,FIRMMBAB90D,FIRMMBAB180D,FIRMMOIS1D,FIRMMOIS3D,FIRMMOIS6D,FIRMMTN1D,FIRMMTN3D,FIRMMTN6D
1976/04/07,,,7.5,,8.75,,,,,,,
1976/04/08,,,8.4,,8.8,,,,,,,
1976/04/09,,,7.4,,8.6,,,,,,,
1976/04/12,,,8.89,,8.8,,,,,,,
1976/04/13,,,9.26,,9,,,,,,,
1976/04/14,,,9.02,,9.7,,,,,,,
1976/04/15,,,7.04,,10.25,,,,,,,
1976/04/20,,,5.48,,10.25,,,,,,,
1976/04/21,,,7.52,,10,,,,,,,
1976/04/22,,,8.79,,10.25,,,,,,,
1976/04/23,,,7.19,,9.725,,,,,,,
1976/04/26,,,7.1,,9.75,,,,,,,
1976/04/27,,,7.9,,10,,,,,,,
1976/04/28,,,5.4,,9.9,,,,,,,
1976/04/29,,,5.13,,10,,,,,,,
1976/04/30,,,5.02,,10,,,,,,,
1976/05/03,,,6.62,,10.5,,,,,,,
1976/05/04,,,5.34,,10.575,,,,,,,
1976/05/05,,,7.9,,10.55,,,,,,,
1976/05/06,,,8.07,,10.375,,,,,,,
1976/05/07,,,7.68,,10.75,,,,,,,
1976/05/10,,,7.87,,10.5,,,,,,,
1976/05/11,,,6.94,,10.5,,,,,,,
1976/05/12,,,7.83,,10.1,,,,,,,
1976/05/13,,,8.04,,10.125,,,,,,,
1976/05/14,,,7.84,,10.125,,,,,,,
1976/05/17,,,7.94,,10.1,,,,,,,
1976/05/18,,,6.11,,9.8,,,,,,,
1976/05/19,,,7.91,,9.75,,,,,,,
1976/05/20,,,8.32,,9.75,,,,,,,
1976/05/21,,,8.16,,9.8,,,,,,,
1976/05/24,,,8.17,,9.725,,,,,,,
1976/05/25,,,7.94,,12.85,,,,,,,
1976/05/26,,,8.21,,9.725,,,,,,,
1976/05/27,,,8.3,,9.725,,,,,,,
1976/05/28,,,8.31,,9.825,,,,,,,
1976/05/31,,,8.33,,9.85,,,,,,,
1976/06/01,,,8.25,,10.175,,,,,,,
1976/06/02,,,8.5,,10.3,,,,,,,
1976/06/03,,,8.55,,10.05,,,,,,,
1976/06/04,,,8.46,,10.275,,,,,,,
1976/06/07,,,8.49,,10.15,,,,,,,
1976/06/08,,,8.38,,10.15,,,,,,,
1976/06/09,,,8.55,,10.1,,,,,,,
1976/06/10,,,8.73,,10.15,,,,,,,
1976/06/11,,,8.5,,10.225,,,,,,,
1976/06/14,,,8.5,,10.2,,,,,,,
1976/06/15,,,8.44,,10.2,,,,,,,
1976/06/16,,,7.89,,10.2,,,,,,,
1976/06/17,,,8.5,,10.225,,,,,,,
1976/06/18,,,8.41,,10.275,,,,,,,
1976/06/21,,,8.49,,10.375,,,,,,,
1976/06/22,,,8.41,,10.45,,,,,,,
1976/06/23,,,8.59,,10.5,,,,,,,
1976/06/24,,,8.62,,10.5,,,,,,,
1976/06/25,,,7.42,,10.5,,,,,,,
1976/06/28,,,6.45,,10.45,,,,,,,
1976/06/29,,,5.4,,10.3,,,,,,,
1976/06/30,,,4.97,,10.25,,,,,,,
1976/07/01,,,8.79,,10.25,,,,,,,
1976/07/02,,,5.58,,10.125,,,,,,,
1976/07/05,,,5.27,,10.025,,,,,,,
1976/07/06,,,4.89,,9.725,,,,,,,
1976/07/07,,,6.15,,9.425,,,,,,,
1976/07/08,,,8.02,,9.525,,,,,,,
1976/07/09,,,7.86,,9.625,,,,,,,
1976/07/12,,,8.18,,9.7,,,,,,,
1976/07/13,,,7.79,,9.7,,,,,,,
1976/07/14,,,8.52,,9.775,,,,,,,
1976/07/15,,,8.09,,9.7,,,,,,,
1976/07/16,,,5.08,,9.5,,,,,,,
1976/07/19,,,6.59,,9.625,,,,,,,
1976/07/20,,,8.11,,9.6,,,,,,,
1976/07/21,,,8.55,,9.625,,,,,,,
1976/07/22,,,8.8,,9.5,,,,,,,
1976/07/23,,,8.37,,9.55,,,,,,,
1976/07/26,,,8.44,,9.5,,,,,,,
1976/07/27,,,7.95,,9.475,,,,,,,
1976/07/28,,,8.36,,9.6,,,,,,,
1976/07/29,,,8.91,,9.6,,,,,,,
1976/07/30,,,8.27,,9.6,,,,,,,
1976/08/02,,,8.2,,9.5,,,,,,,
1976/08/03,,,6.55,,9.5,,,,,,,
1976/08/04,,,8.13,,9.55,,,,,,,
1976/08/05,,,8.32,,9.525,,,,,,,
1976/08/06,,,7.04,,9.5,,,,,,,
1976/08/09,,,6.07,,9.35,,,,,,,
1976/08/10,,,7.35,,9.25,,,,,,,
1976/08/11,,,8.79,,9.3,,,,,,,
1976/08/12,,,9.91,,9.29,,,,,,,
1976/08/13,,,9.33,,9.35,,,,,,,
1976/08/16,,,8.37,,9.275,,,,,,,
1976/08/17,,,5.35,,9.175,,,,,,,
1976/08/18,,,7.58,,9.25,,,,,,,
1976/08/19,,,8.73,,9.5,,,,,,,
1976/08/20,,,8.27,,9.3,,,,,,,
1976/08/23,,,7.39,,9.325,,,,,,,
1976/08/24,,,5.16,,9.375,,,,,,,
1976/08/25,,,5.95,,9.3,,,,,,,
1976/08/26,,,8.77,,9.325,,,,,,,
1976/08/27,,,8.73,,9.3,,,,,,,
1976/08/30,,,8.77,,9.35,,,,,,,
1976/08/31,,,7.72,,9.3,,,,,,,
1976/09/01,,,9.02,,9.3,,,,,,,
1976/09/02,,,8.4,,9.375,,,,,,,
1976/09/03,,,6.8,,9.35,,,,,,,
1976/09/06,,,5.18,,9.35,,,,,,,
1976/09/07,,,4.99,,9.35,,,,,,,
1976/09/08,,,7.22,,9.275,,,,,,,
1976/09/09,,,8.54,,9.3,,,,,,,
1976/09/10,,,8.44,,9.3,,,,,,,
1976/09/13,,,9.1,,9.275,,,,,,,
1976/09/14,,,8.93,,9.325,,,,,,,
1976/09/15,,,8.79,,9.3,,,,,,,
1976/09/16,,,5.91,,9.25,,,,,,,
1976/09/17,,,5.08,,9.2,,,,,,,
1976/09/20,,,7.17,,9.35,,,,,,,
1976/09/21,,,7.57,,9.325,,,,,,,
1976/09/22,,,8.6,,9.3,,,,,,,
1976/09/23,,,8.62,,9.3,,,,,,,
1976/09/24,,,8.48,,9.35,,,,,,,
1976/09/27,,,7.87,,9.35,,,,,,,
1976/09/28,,,5.51,,9.275,,,,,,,
1976/09/29,,,6.04,,9.35,,,,,,,
1976/09/30,,,7.91,,9.275,,,,,,,
1976/10/01,,,6.83,,9.2,,,,,,,
1976/10/04,,,5.54,,9.2,,,,,,,
1976/10/05,,,5.27,,9.2,,,,,,,
1976/10/06,,,7.16,,9.15,,,,,,,
1976/10/07,,,8.53,,9.075,,,,,,,
1976/10/08,,,5.64,,9,,,,,,,
1976/10/11,,,7.13,,9,,,,,,,
1976/10/12,,,8.55,,9.1,,,,,,,
1976/10/13,,,9.42,,9.125,,,,,,,
1976/10/14,,,9.93,,9.15,,,,,,,
1976/10/15,,,7.29,,9.075,,,,,,,
1976/10/18,,,5.28,,9,,,,,,,
1976/10/19,,,5.16,,9.05,,,,,,,
1976/10/20,,,6.33,,9.05,,,,,,,
1976/10/21,,,7.44,,9,,,,,,,
1976/10/22,,,5.67,,8.975,,,,,,,
1976/10/25,,,7.75,,8.95,,,,,,,
1976/10/26,,,7.94,,9,,,,,,,
1976/10/27,,,9.18,,9,,,,,,,
1976/10/28,,,9.31,,9.05,,,,,,,
1976/10/29,,,7.47,,8.95,,,,,,,
1976/11/01,,,7.18,,8.95,,,,,,,
1976/11/02,,,6.4,,8.95,,,,,,,
1976/11/03,,,7.53,,8.925,,,,,,,
1976/11/04,,,8.99,,8.925,,,,,,,
1976/11/05,,,7.08,,8.825,,,,,,,
1976/11/08,,,7.4,,9.25,,,,,,,
1976/11/09,,,7.55,,9.3,,,,,,,
1976/11/10,,,9.48,,9.275,,,,,,,
1976/11/11,,,9.67,,9.725,,,,,,,
1976/11/12,,,8.24,,9.7,,,,,,,
1976/11/15,,,7.41,,9.8,,,,,,,
1976/11/16,,,5.31,,9.75,,,,,,,
1976/11/17,,,6.11,,9.75,,,,,,,
1976/11/18,,,8.3,,9.75,,,,,,,
1976/11/19,,,5.38,,9.7,,,,,,,
1976/11/22,,,7.28,,9.7,,,,,,,
1976/11/23,,,6.01,,9.775,,,,,,,
1976/11/24,,,7.92,,9.775,,,,,,,
1976/11/25,,,8.63,,9.7,,,,,,,
1976/11/26,,,5.06,,9.6,,,,,,,
1976/11/29,,,6.34,,10.15,,,,,,,
1976/11/30,,,4.59,,10.25,,,,,,,
1976/12/01,,,4.61,,10.1,,,,,,,
1976/12/02,,,4.17,,9.95,,,,,,,
1976/12/03,,,4.12,,9.9,,,,,,,
1976/12/06,,,4.27,,9.925,,,,,,,
1976/12/07,,,4.21,,9.7,,,,,,,
1976/12/08,,,6.02,,9.625,,,,,,,
1976/12/09,,,8.02,,9.55,,,,,,,
1976/12/10,,,6.07,,9.55,,,,,,,
1976/12/13,,,6.85,,9.525,,,,,,,
1976/12/14,,,6.91,,9.3,,,,,,,
1976/12/15,,,8.11,,9.375,,,,,,,
1976/12/16,,,4.49,,9.225,,,,,,,
1976/12/17,,,4.04,,9.2,,,,,,,
1976/12/20,,,4.3,,9.2,,,,,,,
1976/12/21,,,8.28,,9.15,,,,,,,
1976/12/22,,,9.67,,9.175,,,,,,,
1976/12/23,,,9.68,,9.175,,,,,,,
1976/12/24,,,6.31,,9.1,,,,,,,
1976/12/29,,,7.42,,9.175,,,,,,,
1976/12/30,,,9.06,,9.25,,,,,,,
1976/12/31,,,7.2,,9.125,,,,,,,
1977/01/04,,,9.17,,9.125,,,,,,,
1977/01/05,,,7.74,,9.125,,,,,,,
1977/01/06,,,5.58,,9.075,,,,,,,
1977/01/07,,,5.16,,9,,,,,,,
1977/01/10,,,7.94,,8.95,,,,,,,
1977/01/11,,,8.56,,8.875,,,,,,,
1977/01/12,,,9.76,,8.95,,,,,,,
1977/01/13,,,10.09,,8.9,,,,,,,
1977/01/14,,,7.66,,8.9,,,,,,,
1977/01/17,,,6.81,,8.9,,,,,,,
1977/01/18,,,4.84,,8.95,,,,,,,
1977/01/19,,,5.27,,8.95,,,,,,,
1977/01/20,,,7.36,,8.9,,,,,,,
1977/01/21,,,4.85,,8.9,,,,,,,
1977/01/24,,,5.1,,8.8,,,,,,,
1977/01/25,,,7.31,,8.825,,,,,,,
1977/01/26,,,9.4,,8.825,,,,,,,
1977/01/27,,,10.34,,8.85,,,,,,,
1977/01/28,,,8.73,,8.85,,,,,,,
1977/02/01,,,8.71,,8.85,,,,,,,
1977/02/02,,,6.58,,8.85,,,,,,,
1977/02/03,,,5.91,,8.85,,,,,,,
1977/02/04,,,5.38,,8.85,,,,,,,
1977/02/07,,,7.03,,8.975,,,,,,,
1977/02/08,,,7.59,,9,,,,,,,
1977/02/09,,,9.16,,9.05,,,,,,,
1977/02/10,,,10.28,,9.5,,,,,,,
1977/02/11,,,8.1,,9.3,,,,,,,
1977/02/14,,,9.8,,9.625,,,,,,,
1977/02/15,,,6.94,,9.625,,,,,,,
1977/02/16,,,4.77,,9.625,,,,,,,
1977/02/17,,,4.66,,9.65,,,,,,,
1977/02/18,,,4.41,,9.5,,,,,,,
1977/02/21,,,7.97,,9.575,,,,,,,
1977/02/22,,,8.75,,9.5,,,,,,,
1977/02/23,,,7.5,,9.45,,,,,,,
1977/02/24,,,10.5,,9.475,,,,,,,
1977/02/25,,,6.09,,9.475,,,,,,,
1977/02/28,,,8.34,,9.4,,,,,,,
1977/03/01,,,6.72,,9.5,,,,,,,
1977/03/02,,,6.67,,9.675,,,,,,,
1977/03/03,,,7.85,,9.675,,,,,,,
1977/03/04,,,5.2,,9.675,,,,,,,
1977/03/07,,,6.68,,9.725,,,,,,,
1977/03/08,,,5.83,,9.675,,,,,,,
1977/03/09,,,9.86,,9.7,,,,,,,
1977/03/10,,,10.87,,9.6,,,,,,,
1977/03/11,,,8.11,,9.6,,,,,,,
1977/03/14,,,7.67,,9.725,,,,,,,
1977/03/15,,,9.21,,9.75,,,,,,,
1977/03/16,,,8.44,,9.7,,,,,,,
1977/03/17,,,9.54,,9.7,,,,,,,
1977/03/18,,,6.32,,9.725,,,,,,,
1977/03/21,,,6.14,,9.675,,,,,,,
1977/03/22,,,4.82,,9.7,,,,,,,
1977/03/23,,,7.33,,9.7,,,,,,,
1977/03/24,,,9.3,,9.675,,,,,,,
1977/03/25,,,5.63,,9.675,,,,,,,
1977/03/28,,,7.64,,9.75,,,,,,,
1977/03/29,,,7.64,,9.875,,,,,,,
1977/03/30,,,7.77,,9.9,,,,,,,
1977/03/31,,,9,,10.425,,,,,,,
1977/04/01,,,5.76,,10.425,,,,,,,
1977/04/04,,,5.54,,10.55,,,,,,,
1977/04/05,,,6.37,,10.55,,,,,,,
1977/04/06,,,8.42,,10.7,,,,,,,
1977/04/07,,,5.65,,10.7,,,,,,,
1977/04/12,,,6.19,,10.75,,,,,,,
1977/04/13,,,8.88,,10.775,,,,,,,
1977/04/14,,,9.79,,10.825,,,,,,,
1977/04/15,,,6.79,,10.875,,,,,,,
1977/04/18,,,5.43,,10.875,,,,,,,
1977/04/19,,,4.99,,10.775,,,,,,,
1977/04/20,,,7.13,,10.775,,,,,,,
1977/04/21,,,9.72,,10.9,,,,,,,
1977/04/22,,,7.91,,11,,,,,,,
1977/04/26,,,8.76,,11.125,,,,,,,
1977/04/27,,,7.39,,11.175,,,,,,,
1977/04/28,,,9.67,,11.375,,,,,,,
1977/04/29,,,8.13,,11.4,,,,,,,
1977/05/02,,,9,,11.45,,,,,,,
1977/05/03,,,6.36,,11.475,,,,,,,
1977/05/04,,,7.41,,11.45,,,,,,,
1977/05/05,,,9.74,,11.45,,,,,,,
1977/05/06,,,8.72,,11.4,,,,,,,
1977/05/09,,,8.54,,11.275,,,,,,,
1977/05/10,,,7.99,,11.15,,,,,,,
1977/05/11,,,9.73,,11.15,,,,,,,
1977/05/12,,,10.43,,10.825,,,,,,,
1977/05/13,,,9.52,,10.775,,,,,,,
1977/05/16,,,8.26,,10.775,,,,,,,
1977/05/17,,,5.58,,10.75,,,,,,,
1977/05/18,,,5.6,,10.65,,,,,,,
1977/05/19,,,9.56,,10.6,,,,,,,
1977/05/20,,,9.57,,10.7,,,,,,,
1977/05/23,,,9.41,,10.75,,,,,,,
1977/05/24,,,8.03,,10.75,,,,,,,
1977/05/25,,,9.09,,10.75,,,,,,,
1977/05/26,,,10.01,,10.75,,,,,,,
1977/05/27,,,9.16,,10.725,,,,,,,
1977/05/30,,,9.18,,10.6,,,,,,,
1977/05/31,,,9.28,,10.525,,,,,,,
1977/06/01,,,9.96,,10.575,,,,,,,
1977/06/02,,,8.92,,10.55,,,,,,,
1977/06/03,,,8.14,,10.6,,,,,,,
1977/06/06,,,9.39,,10.75,,,,,,,
1977/06/07,,,9.81,,10.875,,,,,,,
1977/06/08,,,10.18,,10.95,,,,,,,
1977/06/09,,,10.43,,10.95,,,,,,,
1977/06/10,,,10.09,,11.05,,,,,,,
1977/06/13,,,10.06,,11.05,,,,,,,
1977/06/14,,,9.76,,11.05,,,,,,,
1977/06/15,,,9.74,,11,,,,,,,
1977/06/16,,,8.81,,10.95,,,,,,,
1977/06/17,,,9.6,,11,,,,,,,
1977/06/20,,,8.13,,10.975,,,,,,,
1977/06/21,,,7.57,,10.9,,,,,,,
1977/06/22,,,9.25,,10.95,,,,,,,
1977/06/23,,,10.13,,10.95,,,,,,,
1977/06/24,,,9.78,,11.05,,,,,,,
1977/06/27,,,8.52,,11.05,,,,,,,
1977/06/28,,,7.96,,11,,,,,,,
1977/06/29,,,10.75,,11.2,,,,,,,
1977/06/30,,,12.47,,11.5,,,,,,,
1977/07/01,,,9.88,,11.25,,,,,,,
1977/07/04,,,8.83,,10.95,,,,,,,
1977/07/05,,,5,,10.75,,,,,,,
1977/07/06,,,7.53,,10.7,,,,,,,
1977/07/07,,,10.01,,10.6,,,,,,,
1977/07/08,,,9.9,,10.475,,,,,,,
1977/07/11,,,10.45,,10.45,,,,,,,
1977/07/12,,,10.63,,10.6,,,,,,,
1977/07/13,,,10.77,,10.65,,,,,,,
1977/07/14,,,11,,10.725,,,,,,,
1977/07/15,,,9.27,,10.6,,,,,,,
1977/07/18,,,6.05,,10.6,,,,,,,
1977/07/19,,,5.7,,10.675,,,,,,,
1977/07/20,,,9.89,,10.7,,,,,,,
1977/07/21,,,10.35,,10.75,,,,,,,
1977/07/22,,,9.85,,10.725,,,,,,,
1977/07/25,,,9.59,,10.725,,,,,,,
1977/07/26,,,9.57,,10.75,,,,,,,
1977/07/27,,,10.41,,10.775,,,,,,,
1977/07/28,,,11.04,,10.8,,,,,,,
1977/07/29,,,10.34,,10.85,,,,,,,
1977/08/01,,,9.81,,10.85,,,,,,,
1977/08/02,,,8.9,,10.825,,,,,,,
1977/08/03,,,8.7,,10.825,,,,,,,
1977/08/04,,,9.92,,10.775,,,,,,,
1977/08/05,,,9.82,,10.825,,,,,,,
1977/08/08,,,9.76,,10.825,,,,,,,
1977/08/09,,,10.01,,10.85,,,,,,,
1977/08/10,,,10.61,,10.975,,,,,,,
1977/08/11,,,11.49,,11,,,,,,,
1977/08/12,,,11.08,,10.95,,,,,,,
1977/08/15,,,10.31,,10.875,,,,,,,
1977/08/16,,,6.72,,10.825,,,,,,,
1977/08/17,,,7.35,,10.925,,,,,,,
1977/08/18,,,10.1,,11,,,,,,,
1977/08/19,,,9.96,,11,,,,,,,
1977/08/22,,,9.89,,11.1,,,,,,,
1977/08/23,,,8.11,,11.15,,,,,,,
1977/08/24,,,8.37,,11,,,,,,,
1977/08/25,,,9.41,,10.95,,,,,,,
1977/08/26,,,9.33,,10.875,,,,,,,
1977/08/29,,,9.53,,10.825,,,,,,,
1977/08/30,,,10.88,,10.7,,,,,,,
1977/08/31,,,12.34,,10.725,,,,,,,
1977/09/01,,,12.56,,10.75,,,,,,,
1977/09/02,,,9.71,,10.675,,,,,,,
1977/09/05,,,5.89,,10.6,,,,,,,
1977/09/06,,,5.47,,10.375,,,,,,,
1977/09/07,,,10.56,,10.125,,,,,,,
1977/09/08,,,11.97,,10.05,,,,,,,
1977/09/09,,,10.46,,10.1,,,,,,,
1977/09/12,,,10.82,,10.3,,,,,,,
1977/09/13,,,11.77,,10.525,,,,,,,
1977/09/14,,,12.11,,10.675,,,,,,,
1977/09/15,,,11.18,,10.625,,,,,,,
1977/09/16,,,8.75,,10.4,,,,,,,
1977/09/19,,,5.85,,10.325,,,,,,,
1977/09/20,,,5.29,,10.275,,,,,,,
1977/09/21,,,7.44,,10.275,,,,,,,
1977/09/22,,,9.02,,10.275,,,,,,,
1977/09/23,,,10.32,,10.45,,,,,,,
1977/09/26,,,10.54,,10.675,,,,,,,
1977/09/27,,,8.93,,10.65,,,,,,,
1977/09/28,,,9.13,,10.45,,,,,,,
1977/09/29,,,10.05,,10.45,,,,,,,
1977/09/30,,,10.5,,10.45,,,,,,,
1977/10/03,,,9.28,,10.4,,,,,,,
1977/10/04,,,5.76,,10.275,,,,,,,
1977/10/05,,,5.74,,10.225,,,,,,,
1977/10/06,,,5.5,,10.175,,,,,,,
1977/10/07,,,7.27,,10,,,,,,,
1977/10/10,,,9.22,,10.075,,,,,,,
1977/10/11,,,10.2,,10.2,,,,,,,
1977/10/12,,,10.93,,10.225,,,,,,,
1977/10/13,,,11.31,,10.175,,,,,,,
1977/10/14,,,10.55,,10.025,,,,,,,
1977/10/17,,,8.88,,9.9,,,,,,,
1977/10/18,,,5.49,,9.775,,,,,,,
1977/10/19,,,8.88,,10.1,,,,,,,
1977/10/20,,,9.06,,10.025,,,,,,,
1977/10/21,,,8.27,,9.95,,,,,,,
1977/10/24,,,8.42,,9.8,,,,,,,
1977/10/25,,,9.27,,9.725,,,,,,,
1977/10/26,,,10.96,,9.9,,,,,,,
1977/10/27,,,10.71,,9.85,,,,,,,
1977/10/28,,,10.38,,9.775,,,,,,,
1977/10/31,,,9.87,,9.75,,,,,,,
1977/11/01,,,8.78,,9.675,,,,,,,
1977/11/02,,,7.63,,9.8,,,,,,,
1977/11/03,,,9.26,,9.875,,,,,,,
1977/11/04,,,8.99,,9.775,,,,,,,
1977/11/07,,,10.05,,10.075,,,,,,,
1977/11/08,,,9.14,,10.05,,,,,,,
1977/11/09,,,10.52,,10.175,,,,,,,
1977/11/10,,,10.81,,10.225,,,,,,,
1977/11/11,,,10.56,,10.175,,,,,,,
1977/11/14,,,9.82,,10.075,,,,,,,
1977/11/15,,,5.6,,9.85,,,,,,,
1977/11/16,,,5.35,,10.025,,,,,,,
1977/11/17,,,10.26,,10.175,,,,,,,
1977/11/18,,,10.48,,10.25,,,,,,,
1977/11/21,,,10.49,,10.25,,,,,,,
1977/11/22,,,9.28,,10.25,,,,,,,
1977/11/23,,,9.98,,10.2,,,,,,,
1977/11/24,,,9.92,,10.175,,,,,,,
1977/11/25,,,9.8,,10.1,,,,,,,
1977/11/28,,,9.12,,9.825,,,,,,,
1977/11/29,,,6,,9.675,,,,,,,
1977/11/30,,,9.76,,9.65,,,,,,,
1977/12/01,,,10.03,,9.675,,,,,,,
1977/12/02,,,6.92,,9.6,,,,,,,
1977/12/05,,,5.42,,9.575,,,,,,,
1977/12/06,,,6,,9.55,,,,,,,
1977/12/07,,,7.86,,9.625,,,,,,,
1977/12/08,,,10.31,,9.65,,,,,,,
1977/12/09,,,10.13,,9.725,,,,,,,
1977/12/12,,,10.55,,9.85,,,,,,,
1977/12/13,,,10.36,,9.75,,,,,,,
1977/12/14,,,11.02,,10,,,,,,,
1977/12/15,,,10.81,,9.85,,,,,,,
1977/12/16,,,7.54,,9.8,,,,,,,
1977/12/19,,,9.09,,9.8,,,,,,,
1977/12/20,,,9.9,,9.9,,,,,,,
1977/12/21,,,11.13,,10.025,,,,,,,
1977/12/22,,,10.79,,9.9,,,,,,,
1977/12/23,,,9.47,,9.85,,,,,,,
1977/12/27,,,9.46,,9.85,,,,,,,
1977/12/28,,,9.85,,9.775,,,,,,,
1977/12/29,,,7.56,,9.575,,,,,,,
1977/12/30,,,7.91,,9.525,,,,,,,
1978/01/03,,,10.74,,9.55,,,,,,,
1978/01/04,,,9.81,,9.55,,,,,,,
1978/01/05,,,7.41,,9.575,,,,,,,
1978/01/06,,,7.72,,9.525,,,,,,,
1978/01/09,,,7.07,,9.45,,,,,,,
1978/01/10,,,6.91,,9.475,,,,,,,
1978/01/11,,,8.76,,9.475,,,,,,,
1978/01/12,,,10.54,,9.5,,,,,,,
1978/01/13,,,10.76,,9.5,,,,,,,
1978/01/16,,,10.67,,9.525,,,,,,,
1978/01/17,,,6.15,,9.45,,,,,,,
1978/01/18,,,6.3,,9.375,,,,,,,
1978/01/19,,,9.99,,9.375,,,,,,,
1978/01/20,,,9.37,,9.425,,,,,,,
1978/01/23,,,9.34,,9.45,,,,,,,
1978/01/24,,,8.63,,9.525,,,,,,,
1978/01/25,,,7.8,,9.525,,,,,,,
1978/01/26,,,7.93,,9.525,,,,,,,
1978/01/27,,,8.58,,9.475,,,,,,,
1978/01/31,,,10.61,,9.5,,,,,,,
1978/02/01,,,11.19,,9.525,,,,,,,
1978/02/02,,,9.04,,9.55,,,,,,,
1978/02/03,,,5.99,,9.45,,,,,,,
1978/02/06,,,5.53,,9.4,,,,,,,
1978/02/07,,,5.31,,9.4,,,,,,,
1978/02/08,,,6.76,,9.425,,,,,,,
1978/02/09,,,10.03,,9.45,,,,,,,
1978/02/10,,,9.61,,9.45,,,,,,,
1978/02/13,,,9.67,,9.525,,,,,,,
1978/02/14,,,9.83,,9.575,,,,,,,
1978/02/15,,,7.26,,9.6,,,,,,,
1978/02/16,,,5.58,,9.6,,,,,,,
1978/02/17,,,8.82,,9.6,,,,,,,
1978/02/20,,,9.85,,9.65,,,,,,,
1978/02/21,,,7.9,,9.625,,,,,,,
1978/02/22,,,9.54,,9.625,,,,,,,
1978/02/23,,,9.77,,9.65,,,,,,,
1978/02/24,,,9.35,,9.65,,,,,,,
1978/02/27,,,8.75,,9.625,,,,,,,
1978/02/28,,,8.6,,9.6,,,,,,,
1978/03/01,,,8.7,,9.575,,,,,,,
1978/03/02,,,6.95,,9.525,,,,,,,
1978/03/03,,,8.19,,9.525,,,,,,,
1978/03/06,,,7.42,,9.525,,,,,,,
1978/03/07,,,5.44,,9.65,,,,,,,
1978/03/08,,,6.87,,9.6,,,,,,,
1978/03/09,,,9.84,,9.675,,,,,,,
1978/03/10,,,9.36,,9.825,,,,,,,
1978/03/13,,,9.46,,9.925,,,,,,,
1978/03/14,,,10.25,,9.975,,,,,,,
1978/03/15,,,9.74,,10.025,,,,,,,
1978/03/16,,,6.51,,10.05,,,,,,,
1978/03/17,,,6.61,,10.1,,,,,,,
1978/03/20,,,6.8,,10.15,,,,,,,
1978/03/21,,,6.14,,10.3,,,,,,,
1978/03/22,,,6.46,,10.3,,,,,,,
1978/03/23,,,8.17,,10.5,,,,,,,
1978/03/28,,,8.29,,10.6,,,,,,,
1978/03/29,,,8.52,,10.8,,,,,,,
1978/03/30,,,9.15,,10.675,,,,,,,
1978/03/31,,,8.14,,10.625,,,,,,,
1978/04/03,,,5.65,,10.875,,,,,,,
1978/04/04,,,5.39,,10.85,,,,,,,
1978/04/05,,,5.57,,10.9,,,,,,,
1978/04/06,,,6.85,,10.875,,,,,,,
1978/04/07,,,8.65,,10.85,,,,,,,
1978/04/10,,,8.73,,10.95,,,,,,,
1978/04/11,,,8.71,,10.95,,,,,,,
1978/04/12,,,9.62,,10.975,,,,,,,
1978/04/13,,,9.45,,10.975,,,,,,,
1978/04/14,,,8.73,,10.925,,,,,,,
1978/04/17,,,6.86,,10.85,,,,,,,
1978/04/18,,,5.48,,10.775,,,,,,,
1978/04/19,,,5.78,,10.8,,,,,,,
1978/04/20,,,8.16,,10.825,,,,,,,
1978/04/21,,,8,,10.8,,,,,,,
1978/04/24,,,8.28,,10.85,,,,,,,
1978/04/26,,,8.58,,10.85,,,,,,,
1978/04/27,,,9.24,,10.8,,,,,,,
1978/04/28,,,8.05,,10.725,,,,,,,
1978/05/01,,,7.52,,10.625,,,,,,,
1978/05/02,,,5.46,,10.55,,,,,,,
1978/05/03,,,5.43,,10.55,,,,,,,
1978/05/04,,,9.9,,10.725,,,,,,,
1978/05/05,,,9.93,,10.625,,,,,,,
1978/05/08,,,10.01,,10.625,,,,,,,
1978/05/09,,,9.9,,10.65,,,,,,,
1978/05/10,,,9.93,,10.675,,,,,,,
1978/05/11,,,10.4,,10.725,,,,,,,
1978/05/12,,,10.04,,10.675,,,,,,,
1978/05/15,,,9.03,,10.65,,,,,,,
1978/05/16,,,5.63,,10.575,,,,,,,
1978/05/17,,,8.24,,10.625,,,,,,,
1978/05/18,,,10.08,,10.6,,,,,,,
1978/05/19,,,9.48,,10.525,,,,,,,
1978/05/22,,,9.58,,10.5,,,,,,,
1978/05/23,,,9.97,,10.625,,,,,,,
1978/05/24,,,10.49,,10.675,,,,,,,
1978/05/25,,,10.71,,10.7,,,,,,,
1978/05/26,,,10.03,,10.625,,,,,,,
1978/05/29,,,9.47,,10.525,,,,,,,
1978/05/30,,,8.49,,10.45,,,,,,,
1978/05/31,,,9.79,,10.4,,,,,,,
1978/06/01,,,10.54,,10.375,,,,,,,
1978/06/02,,,9.86,,10.45,,,,,,,
1978/06/06,,,10.14,,10.55,,,,,,,
1978/06/07,,,9.86,,10.5,,,,,,,
1978/06/08,,,9.89,,10.55,,,,,,,
1978/06/09,,,10.03,,10.6,,,,,,,
1978/06/12,,,10.08,,10.525,,,,,,,
1978/06/13,,,10.33,,10.6,,,,,,,
1978/06/14,,,11.05,,10.625,,,,,,,
1978/06/15,,,11.12,,10.7,,,,,,,
1978/06/16,,,7.54,,10.65,,,,,,,
1978/06/19,,,7.64,,10.675,,,,,,,
1978/06/20,,,6.06,,10.7,,,,,,,
1978/06/21,,,8.81,,10.75,,,,,,,
1978/06/22,,,10.26,,10.85,,,,,,,
1978/06/23,,,9.81,,10.8,,,,,,,
1978/06/26,,,7.11,,10.8,,,,,,,
1978/06/27,,,5.6,,10.625,,,,,,,
1978/06/28,,,6.08,,10.675,,,,,,,
1978/06/29,,,7.75,,10.65,,,,,,,
1978/06/30,,,10.29,,10.65,,,,,,,
1978/07/03,,,11.05,,10.65,,,,,,,
1978/07/04,,,9.44,,10.55,,,,,,,
1978/07/05,,,7.31,,10.425,,,,,,,
1978/07/06,,,9.17,,10.3,,,,,,,
1978/07/07,,,8.46,,9.975,,,,,,,
1978/07/10,,,8.48,,9.925,,,,,,,
1978/07/11,,,7.3,,9.8,,,,,,,
1978/07/12,,,10.43,,9.85,,,,,,,
1978/07/13,,,11.25,,9.9,,,,,,,
1978/07/14,,,10.48,,9.825,,,,,,,
1978/07/17,,,7.73,,9.65,,,,,,,
1978/07/18,,,5.68,,9.5,,,,,,,
1978/07/19,,,6.9,,9.625,,,,,,,
1978/07/20,,,9.3,,9.675,,,,,,,
1978/07/21,,,8.59,,9.55,,,,,,,
1978/07/24,,,8.58,,9.55,,,,,,,
1978/07/25,,,7.38,,9.575,,,,,,,
1978/07/26,,,9.11,,9.675,,,,,,,
1978/07/27,,,9.65,,9.625,,,,,,,
1978/07/28,,,9.1,,9.5,,,,,,,
1978/07/31,,,9.68,,9.55,,,,,,,
1978/08/01,,,7.98,,9.55,,,,,,,
1978/08/02,,,6.52,,9.55,,,,,,,
1978/08/03,,,8.87,,9.65,,,,,,,
1978/08/04,,,7.9,,9.625,,,,,,,
1978/08/07,,,7.24,,9.6,,,,,,,
1978/08/08,,,5.93,,9.575,,,,,,,
1978/08/09,,,8.49,,9.6,,,,,,,
1978/08/10,,,9.96,,9.6,,,,,,,
1978/08/11,,,10.18,,9.625,,,,,,,
1978/08/14,,,10.57,,9.65,,,,,,,
1978/08/15,,,8.13,,9.6,,,,,,,
1978/08/16,,,6.37,,9.6,,,,,,,
1978/08/17,,,9,,9.65,,,,,,,
1978/08/18,,,10.26,,9.725,,,,,,,
1978/08/21,,,10.7,,9.825,,,,,,,
1978/08/22,,,10.45,,9.775,,,,,,,
1978/08/23,,,10.51,,9.85,,,,,,,
1978/08/24,,,10.77,,9.95,,,,,,,
1978/08/25,,,10.09,,10.05,,,,,,,
1978/08/28,,,8.74,,9.825,,,,,,,
1978/08/29,,,8.18,,9.725,,,,,,,
1978/08/30,,,9.36,,9.725,,,,,,,
1978/08/31,,,10.99,,9.725,,,,,,,
1978/09/01,,,9.62,,9.7,,,,,,,
1978/09/04,,,8.11,,9.65,,,,,,,
1978/09/05,,,7.47,,9.7,,,,,,,
1978/09/06,,,9.4,,9.75,,,,,,,
1978/09/07,,,10.03,,9.75,,,,,,,
1978/09/08,,,9.59,,9.75,,,,,,,
1978/09/11,,,9.2,,9.725,,,,,,,
1978/09/12,,,9.31,,9.675,,,,,,,
1978/09/13,,,10.75,,9.725,,,,,,,
1978/09/14,,,11.2,,9.75,,,,,,,
1978/09/15,,,9.32,,9.75,,,,,,,
1978/09/18,,,5.59,,9.7,,,,,,,
1978/09/19,,,5.36,,9.65,,,,,,,
1978/09/20,,,7.91,,9.675,,,,,,,
1978/09/21,,,10.16,,9.7,,,,,,,
1978/09/22,,,9.96,,9.7,,,,,,,
1978/09/25,,,9.97,,9.825,,,,,,,
1978/09/26,,,9.7,,9.8,,,,,,,
1978/09/27,,,9.98,,9.775,,,,,,,
1978/09/28,,,10.01,,9.675,,,,,,,
1978/09/29,,,10.15,,9.675,,,,,,,
1978/10/02,,,10.14,,9.65,,,,,,,
1978/10/03,,,10.44,,9.65,,,,,,,
1978/10/04,,,10.5,,9.7,,,,,,,
1978/10/05,,,10.82,,9.8,,,,,,,
1978/10/06,,,10.37,,9.9,,,,,,,
1978/10/09,,,10.25,,9.825,,,,,,,
1978/10/10,,,9.41,,9.8,,,,,,,
1978/10/11,,,11.05,,9.9,,,,,,,
1978/10/12,,,11.56,,9.9,,,,,,,
1978/10/13,,,11.37,,9.9,,,,,,,
1978/10/16,,,9.64,,9.85,,,,,,,
1978/10/17,,,5.65,,9.725,,,,,,,
1978/10/18,,,7.92,,9.775,,,,,,,
1978/10/19,,,9.69,,9.775,,,,,,,
1978/10/20,,,9.24,,9.775,,,,,,,
1978/10/23,,,8.48,,9.725,,,,,,,
1978/10/24,,,5.88,,9.7,,,,,,,
1978/10/25,,,9.21,,9.725,,,,,,,
1978/10/26,,,9.98,,9.675,,,,,,,
1978/10/27,,,9.39,,9.675,,,,,,,
1978/10/30,,,7.98,,9.575,,,,,,,
1978/10/31,,,7.8,,9.375,,,,,,,
1978/11/01,,,8.55,,9.3,,,,,,,
1978/11/02,,,9.32,,9.35,,,,,,,
1978/11/03,,,9.16,,9.375,,,,,,,
1978/11/06,,,8.52,,9.375,,,,,,,
1978/11/07,,,6.71,,9.35,,,,,,,
1978/11/08,,,8.06,,9.35,,,,,,,
1978/11/09,,,9.69,,9.375,,,,,,,
1978/11/10,,,9.9,,9.4,,,,,,,
1978/11/13,,,9.49,,9.375,,,,,,,
1978/11/14,,,7.64,,9.325,,,,,,,
1978/11/15,,,5.85,,9.225,,,,,,,
1978/11/16,,,5.26,,9.175,,,,,,,
1978/11/17,,,5.78,,9.175,,,,,,,
1978/11/20,,,9.17,,9.225,,,,,,,
1978/11/21,,,8.72,,9.25,,,,,,,
1978/11/22,,,9.45,,9.15,,,,,,,
1978/11/23,,,8.76,,9.1,,,,,,,
1978/11/24,,,6.71,,8.95,,,,,,,
1978/11/27,,,6.24,,8.87,,,,,,,
1978/11/28,,,6.48,,8.85,,,,,,,
1978/11/29,,,7.21,,8.8,,,,,,,
1978/11/30,,,8.66,,8.775,,,,,,,
1978/12/01,,,8.26,,8.7,,,,,,,
1978/12/04,,,7.66,,8.725,,,,,,,
1978/12/05,,,6.34,,8.75,,,,,,,
1978/12/06,,,8,,8.725,,,,,,,
1978/12/07,,,8.79,,8.775,,,,,,,
1978/12/08,,,8.47,,8.8,,,,,,,
1978/12/11,,,7.98,,8.775,,,,,,,
1978/12/12,,,9.08,,8.775,,,,,,,
1978/12/13,,,10,,8.925,,,,,,,
1978/12/14,,,10.7,,9,,,,,,,
1978/12/15,,,8.66,,8.925,,,,,,,
1978/12/18,,,6.13,,8.775,,,,,,,
1978/12/19,,,6.16,,8.75,,,,,,,
1978/12/20,,,9.19,,8.875,,,,,,,
1978/12/21,,,9.27,,8.725,,,,,,,
1978/12/22,,,8.51,,8.625,,,,,,,
1978/12/27,,,8.9,,8.7,,,,,,,
1978/12/28,,,7.6,,8.6,,,,,,,
1978/12/29,,,8.28,,8.6,,,,,,,
1979/01/02,,,9,,8.625,,,,,,,
1979/01/03,,,9.5,,8.6,,,,,,,
1979/01/04,,,7.5,,8.6,,,,,,,
1979/01/05,,,8,,8.575,,,,,,,
1979/01/08,,,8,,8.575,,,,,,,
1979/01/09,,,8,,8.55,,,,,,,
1979/01/10,,,8,,8.55,,,,,,,
1979/01/11,,,9.5,,8.525,,,,,,,
1979/01/12,,,9.5,,8.525,,,,,,,
1979/01/15,,,7,,8.475,,,,,,,
1979/01/16,,,6,,8.45,,,,,,,
1979/01/17,,,7.5,,8.475,,,,,,,
1979/01/18,,,9,,8.475,,,,,,,
1979/01/19,,,8.25,,8.5,,,,,,,
1979/01/22,,,5,,8.5,,,,,,,
1979/01/23,,,6,,8.425,,,,,,,
1979/01/24,,,7.5,,8.45,,,,,,,
1979/01/25,,,9,,8.45,,,,,,,
1979/01/26,,,9.5,,8.45,,,,,,,
1979/01/30,,,9.5,,8.475,,,,,,,
1979/01/31,,,10.5,,8.53,,,,,,,
1979/02/01,,,9.5,,8.5,,,,,,,
1979/02/02,,,7.5,,8.45,,,,,,,
1979/02/05,,,5.5,,8.5,,,,,,,
1979/02/06,,,5,,8.5,,,,,,,
1979/02/07,,,7,,8.5,,,,,,,
1979/02/08,,,7,,8.5,,,,,,,
1979/02/09,,,8.5,,8.525,,,,,,,
1979/02/12,,,10,,8.55,,,,,,,
1979/02/13,,,10,,8.6,,,,,,,
1979/02/14,,,11.5,,8.625,,,,,,,
1979/02/15,,,7.5,,8.6,,,,,,,
1979/02/16,,,8.5,,8.6,,,,,,,
1979/02/19,,,7,,8.65,,,,,,,
1979/02/20,,,7,,8.65,,,,,,,
1979/02/21,,,7,,8.575,,,,,,,
1979/02/22,,,9,,8.675,,,,,,,
1979/02/23,,,8.5,,8.725,,,,,,,
1979/02/26,,,6.5,,8.725,,,,,,,
1979/02/27,,,5.5,,8.775,,,,,,,
1979/02/28,,,8.5,,8.825,,,,,,,
1979/03/01,,,10,,8.8,,,,,,,
1979/03/02,,,9,,8.925,,,,,,,
1979/03/05,,,6.5,,8.925,,,,,,,
1979/03/06,,,6,,9,,,,,,,
1979/03/07,,,7.5,,9.05,,,,,,,
1979/03/08,,,9.5,,9.025,,,,,,,
1979/03/09,,,9.5,,9.05,,,,,,,
1979/03/12,,,10,,9.1,,,,,,,
1979/03/13,,,10.25,,9.15,,,,,,,
1979/03/14,,,11.5,,9.225,,,,,,,
1979/03/15,,,9,,9.225,,,,,,,
1979/03/16,,,7.5,,9.175,,,,,,,
1979/03/19,,,5.5,,9.175,,,,,,,
1979/03/20,,,5,,9.125,,,,,,,
1979/03/21,,,6.5,,9.1,,,,,,,
1979/03/22,,,7.5,,9.1,,,,,,,
1979/03/23,,,8.5,,9.15,,,,,,,
1979/03/26,,,9,,9.325,,,,,,,
1979/03/27,,,5.5,,9.325,,,,,,,
1979/03/28,,,8.5,,9.4,,,,,,,
1979/03/29,,,9,,9.55,,,,,,,
1979/03/30,,,8.75,,9.575,,,,,,,
1979/04/02,,,6,,9.625,,,,,,,
1979/04/03,,,5,,9.825,,,,,,,
1979/04/04,,,8.5,,10.075,,,,,,,
1979/04/05,,,10.5,,10.1,,,,,,,
1979/04/06,,,9,,10.125,,,,,,,
1979/04/09,,,10.5,,10.3,,,,,,,
1979/04/10,,,11,,10.375,,,,,,,
1979/04/11,,,11,,10.475,,,,,,,
1979/04/12,,,9.5,,10.5,,,,,,,
1979/04/17,,,8,,10.5,,,,,,,
1979/04/18,,,6,,10.575,,,,,,,
1979/04/19,,,7.5,,10.675,,,,,,,
1979/04/20,,,8.5,,10.675,,,,,,,
1979/04/23,,,6.5,,10.75,,,,,,,
1979/04/24,,,8.5,,10.8,,,,,,,
1979/04/26,,,9.5,,10.8,,,,,,,
1979/04/27,,,9.5,,10.725,,,,,,,
1979/04/30,,,10,,10.725,,,,,,,
1979/05/01,,,5,,10.725,,,,,,,
1979/05/02,,,6,,10.725,,,,,,,
1979/05/03,,,10.5,,10.8,,,,,,,
1979/05/04,,,10.5,,10.875,,,,,,,
1979/05/07,,,10.5,,10.825,,,,,,,
1979/05/08,,,9,,10.75,,,,,,,
1979/05/09,,,9.5,,10.8,,,,,,,
1979/05/10,,,11.25,,10.75,,,,,,,
1979/05/11,,,12,,10.8,,,,,,,
1979/05/14,,,11.5,,10.725,,,,,,,
1979/05/15,,,9,,10.6,,,,,,,
1979/05/16,,,7.5,,10.7,,,,,,,
1979/05/17,,,10,,10.675,,,,,,,
1979/05/18,,,10,,10.675,,,,,,,
1979/05/21,,,10,,10.575,,,,,,,
1979/05/22,,,9.5,,10.5,,,,,,,
1979/05/23,,,10,,10.425,,,,,,,
1979/05/24,,,11,,10.275,,,,,,,
1979/05/25,,,10,,10.275,,,,,,,
1979/05/28,,,8.5,,10.1,,,,,,,
1979/05/29,,,5,,9.925,,,,,,,
1979/05/30,,,10,,9.95,,,,,,,
1979/05/31,,,11,,10,,,,,,,
1979/06/01,,,9.5,,9.975,,,,,,,
1979/06/04,,,7,,10,,,,,,,
1979/06/05,,,7,,10.025,,,,,,,
1979/06/06,,,9.5,,10.05,,,,,,,
1979/06/07,,,10.5,,10.275,,,,,,,
1979/06/08,,,9.5,,10.225,,,,,,,
1979/06/11,,,9,,10.175,,,,,,,
1979/06/12,,,9,,10.225,,,,,,,
1979/06/13,,,10.5,,10.325,,,,,,,
1979/06/14,,,12,,10.375,,,,,,,
1979/06/15,,,9.5,,10.3,,,,,,,
1979/06/18,,,9.5,,10.3,,,,,,,
1979/06/19,,,6,,10.3,,,,,,,
1979/06/20,,,8,,10.33,,,,,,,
1979/06/21,,,6,,10.35,,,,,,,
1979/06/22,,,6,,10.3,,,,,,,
1979/06/25,,,6,,10.325,,,,,,,
1979/06/26,,,7,,10.35,,,,,,,
1979/06/27,,,9.5,,10.375,,,,,,,
1979/06/28,,,10,,10.4,,,,,,,
1979/06/29,,,12,,10.4,,,,,,,
1979/07/02,,,12,,10.35,,,,,,,
1979/07/03,,,12,,10.2,,,,,,,
1979/07/04,,,12,,10.075,,,,,,,
1979/07/05,,,10,,9.925,,,,,,,
1979/07/06,,,9.5,,9.825,,,,,,,
1979/07/09,,,8,,9.85,,,,,,,
1979/07/10,,,8,,9.85,,,,,,,
1979/07/11,,,11.5,,9.875,,,,,,,
1979/07/12,,,11.5,,9.975,,,,,,,
1979/07/13,,,11.5,,9.95,,,,,,,
1979/07/16,,,9,,9.75,,,,,,,
1979/07/17,,,8,,9.7,,,,,,,
1979/07/18,,,10,,9.775,,,,,,,
1979/07/19,,,10,,9.825,,,,,,,
1979/07/20,,,9,,9.75,,,,,,,
1979/07/23,,,8.25,,9.75,,,,,,,
1979/07/24,,,8.5,,9.775,,,,,,,
1979/07/25,,,10,,9.775,,,,,,,
1979/07/26,,,12,,9.775,,,,,,,
1979/07/27,,,10.5,,9.775,,,,,,,
1979/07/30,,,10,,9.725,,,,,,,
1979/07/31,,,10,,9.675,,,,,,,
1979/08/01,,,10.5,,9.675,,,,,,,
1979/08/02,,,10.5,,9.775,,,,,,,
1979/08/03,,,10,,9.8,,,,,,,
1979/08/06,,,9,,9.75,,,,,,,
1979/08/07,,,6,,9.75,,,,,,,
1979/08/08,,,6,,9.7,,,,,,,
1979/08/09,,,8.5,,9.7,,,,,,,
1979/08/10,,,10.5,,9.725,,,,,,,
1979/08/13,,,14,,9.75,,,,,,,
1979/08/14,,,14,,9.75,,,,,,,
1979/08/15,,,12,,9.725,,,,,,,
1979/08/16,,,6,,9.7,,,,,,,
1979/08/17,,,10,,9.75,,,,,,,
1979/08/20,,,11,,9.825,,,,,,,
1979/08/21,,,10.5,,9.825,,,,,,,
1979/08/22,,,12,,9.8,,,,,,,
1979/08/23,,,13,,9.85,,,,,,,
1979/08/24,,,13,,9.875,,,,,,,
1979/08/27,,,10,,9.825,,,,,,,
1979/08/28,,,10,,9.725,,,,,,,
1979/08/29,,,12.5,,9.825,,,,,,,
1979/08/30,,,13,,9.9,,,,,,,
1979/08/31,,,12.5,,9.875,,,,,,,
1979/09/03,,,8,,9.775,,,,,,,
1979/09/04,,,5.5,,9.775,,,,,,,
1979/09/05,,,8,,9.775,,,,,,,
1979/09/06,,,10,,9.8,,,,,,,
1979/09/07,,,10,,9.825,,,,,,,
1979/09/10,,,9.5,,9.875,,,,,,,
1979/09/11,,,9.5,,9.85,,,,,,,
1979/09/12,,,13,,9.875,,,,,,,
1979/09/13,,,14,,9.95,,,,,,,
1979/09/14,,,13,,9.9,,,,,,,
1979/09/17,,,8,,9.8,,,,,,,
1979/09/18,,,4.5,,9.8,,,,,,,
1979/09/19,,,5.5,,9.85,,,,,,,
1979/09/20,,,11.5,,9.925,,,,,,,
1979/09/21,,,11.5,,10.05,,,,,,,
1979/09/24,,,8.5,,9.925,,,,,,,
1979/09/25,,,8,,9.925,,,,,,,
1979/09/26,,,8.5,,9.925,,,,,,,
1979/09/27,,,10.75,,9.925,,,,,,,
1979/09/28,,,11,,9.925,,,,,,,
1979/10/01,,,9.25,,9.85,,,,,,,
1979/10/02,,,9,,9.85,,,,,,,
1979/10/03,,,10,,9.9,,,,,,,
1979/10/04,,,10.5,,9.975,,,,,,,
1979/10/05,,,11,,10,,,,,,,
1979/10/08,,,9,,10.025,,,,,,,
1979/10/09,,,8.5,,10.025,,,,,,,
1979/10/10,,,11,,10.075,,,,,,,
1979/10/11,,,14,,10.1,,,,,,,
1979/10/12,,,13.5,,10.1,,,,,,,
1979/10/15,,,7,,10.05,,,,,,,
1979/10/16,,,5,,10.05,,,,,,,
1979/10/17,,,6,,10.05,,,,,,,
1979/10/18,,,7,,10.05,,,,,,,
1979/10/19,,,6,,10.05,,,,,,,
1979/10/22,,,7,,10.05,,,,,,,
1979/10/23,,,7.5,,10.15,,,,,,,
1979/10/24,,,9.4,,10.075,,,,,,,
1979/10/25,,,11,,10.175,,,,,,,
1979/10/26,,,11,,10.2,,,,,,,
1979/10/29,,,8.5,,10.1,,,,,,,
1979/10/30,,,8.5,,10.05,,,,,,,
1979/10/31,,,8.5,,10.05,,,,,,,
1979/11/01,,,9.25,,10.1,,,,,,,
1979/11/02,,,8.5,,10.1,,,,,,,
1979/11/05,,,8,,10.1,,,,,,,
1979/11/06,,,6,,10.1,,,,,,,
1979/11/07,,,8,,10.075,,,,,,,
1979/11/08,,,8,,10.125,,,,,,,
1979/11/09,,,8.5,,10.125,,,,,,,
1979/11/12,,,8.5,,10.125,,,,,,,
1979/11/13,,,9.5,,10.05,,,,,,,
1979/11/14,,,11,,10.125,,,,,,,
1979/11/15,,,9.5,,10.075,,,,,,,
1979/11/16,,,9,,10.05,,,,,,,
1979/11/19,,,7.5,,10.05,,,,,,,
1979/11/20,,,9,,10.15,,,,,,,
1979/11/21,,,10.5,,10.15,,,,,,,
1979/11/22,,,10.5,,10.175,,,,,,,
1979/11/23,,,9.5,,10.175,,,,,,,
1979/11/26,,,9.5,,10.225,,,,,,,
1979/11/27,,,8.5,,10.275,,,,,,,
1979/11/28,,,9.5,,10.175,,,,,,,
1979/11/29,,,10,,10.125,,,,,,,
1979/11/30,,,9.5,,10.05,,,,,,,
1979/12/03,,,7.5,,10.1,,,,,,,
1979/12/04,,,6,,10.1,,,,,,,
1979/12/05,,,7,,10.1,,,,,,,
1979/12/06,,,8,,10.1,,,,,,,
1979/12/07,,,9,,10.1,,,,,,,
1979/12/10,,,9.5,,10.075,,,,,,,
1979/12/11,,,9.5,,10,,,,,,,
1979/12/12,,,12,,10.15,,,,,,,
1979/12/13,,,13,,10.15,,,,,,,
1979/12/14,,,13,,10.175,,,,,,,
1979/12/17,,,9.5,,10.1,,,,,,,
1979/12/18,,,10,,10.125,,,,,,,
1979/12/19,,,13,,10.25,,,,,,,
1979/12/20,,,13,,10.25,,,,,,,
1979/12/21,,,10,,10.225,,,,,,,
1979/12/24,,,8.5,,10.05,,,,,,,
1979/12/27,,,5.5,,10.2,,,,,,,
1979/12/28,,,8.5,,10.05,,,,,,,
1979/12/31,,,8,,10.05,,,,,,,
1980/01/02,,,10.5,,10.025,,,,,,,
1980/01/03,,,9,,10.025,,,,,,,
1980/01/04,,,9,,9.95,,,,,,,
1980/01/07,,,6,,9.95,,,,,,,
1980/01/08,,,6,,9.93,,,,,,,
1980/01/09,,,6.5,,9.875,,,,,,,
1980/01/10,,,9.5,,9.9,,,,,,,
1980/01/11,,,9.5,,9.95,,,,,,,
1980/01/14,,,9,,9.95,,,,,,,
1980/01/15,,,6,,9.925,,,,,,,
1980/01/16,,,9,,9.95,,,,,,,
1980/01/17,,,13,,10.225,,,,,,,
1980/01/18,,,10,,10.1,,,,,,,
1980/01/21,,,9,,10,,,,,,,
1980/01/22,,,8,,10.075,,,,,,,
1980/01/23,,,10.5,,10.125,,,,,,,
1980/01/24,,,12,,10.175,,,,,,,
1980/01/25,,,10,,10.075,,,,,,,
1980/01/29,,,9.5,,10.15,,,,,,,
1980/01/30,,,11,,10.15,,,,,,,
1980/01/31,,,11,,10.15,,,,,,,
1980/02/01,,,9.5,,10.175,,,,,,,
1980/02/04,,,7.5,,10.2,,,,,,,
1980/02/05,,,5,,10.05,,,,,,,
1980/02/06,,,6,,10.075,,,,,,,
1980/02/07,,,8.5,,10.075,,,,,,,
1980/02/08,,,7,,10.05,,,,,,,
1980/02/11,,,6.5,,9.96,,,,,,,
1980/02/12,,,7.5,,9.95,,,,,,,
1980/02/13,,,11,,10.025,,,,,,,
1980/02/14,,,12.5,,10.05,,,,,,,
1980/02/15,,,9,,10.075,,,,,,,
1980/02/18,,,5,,10.025,,,,,,,
1980/02/19,,,5,,10,,,,,,,
1980/02/20,,,9.5,,9.975,,,,,,,
1980/02/21,,,12,,10.1,,,,,,,
1980/02/22,,,10.5,,10.025,,,,,,,
1980/02/25,,,11,,10.05,,,,,,,
1980/02/26,,,11,,10.075,,,,,,,
1980/02/27,,,11.5,,10.1,,,,,,,
1980/02/28,,,10.5,,10.1,,,,,,,
1980/02/29,,,10,,10.05,,,,,,,
1980/03/03,,,8,,10.2,,,,,,,
1980/03/04,,,8,,10.35,,,,,,,
1980/03/05,,,9.5,,10.325,,,,,,,
1980/03/06,,,12,,10.4,,,,,,,
1980/03/07,,,10,,10.55,,,,,,,
1980/03/10,,,9,,10.625,,,,,,,
1980/03/11,,,8,,10.7,,,,,,,
1980/03/12,,,12,,10.8,,,,,,,
1980/03/13,,,14,,10.95,,,,,,,
1980/03/14,,,14,,11.15,,,,,,,
1980/03/17,,,8.5,,11,,,,,,,
1980/03/18,,,7.5,,11.125,,,,,,,
1980/03/19,,,9.5,,11.25,,,,,,,
1980/03/20,,,14,,11.65,,,,,,,
1980/03/21,,,12,,12.375,,,,,,,
1980/03/24,,,10.5,,12.675,,,,,,,
1980/03/25,,,11,,13.15,,,,,,,
1980/03/26,,,11.5,,13.1,,,,,,,
1980/03/27,,,10.5,,12.9,,,,,,,
1980/03/28,,,9,,12.6,,,,,,,
1980/03/31,,,10,,12.975,,,,,,,
1980/04/01,,,10.5,,13.025,,,,,,,
1980/04/02,,,12,,13.325,,,,,,,
1980/04/03,,,10,,13.375,,,,,,,
1980/04/08,,,10,,13.275,,,,,,,
1980/04/09,,,10.5,,13.35,,,,,,,
1980/04/10,,,11.5,,13.5,,,,,,,
1980/04/11,,,12,,13.475,,,,,,,
1980/04/14,,,11.5,,13.425,,,,,,,
1980/04/15,,,10,,13.3,,,,,,,
1980/04/16,,,6,,13.2,,,,,,,
1980/04/17,,,8,,13.2,,,,,,,
1980/04/18,,,10,,13.175,,,,,,,
1980/04/21,,,10.5,,13.25,,,,,,,
1980/04/22,,,11,,13.3,,,,,,,
1980/04/23,,,13,,13.3,,,,,,,
1980/04/24,,,14,,13.275,,,,,,,
1980/04/28,,,11,,13.25,,,,,,,
1980/04/29,,,10.5,,13.175,,,,,,,
1980/04/30,,,11,,13.125,,,,,,,
1980/05/01,,,16,,13.25,,,,,,,
1980/05/02,,,16,,13.4,,,,,,,
1980/05/05,,,16,,13.5,,,,,,,
1980/05/06,,,16,,13.75,,,,,,,
1980/05/07,,,16,,13.975,,,,,,,
1980/05/08,,,16,,14.05,,,,,,,
1980/05/09,,,13,,13.9,,,,,,,
1980/05/12,,,13,,13.825,,,,,,,
1980/05/13,,,14,,13.8,,,,,,,
1980/05/14,,,17,,13.875,,,,,,,
1980/05/15,,,11,,13.8,,,,,,,
1980/05/16,,,10.5,,13.8,,,,,,,
1980/05/19,,,11,,13.8,,,,,,,
1980/05/20,,,11.25,,13.9,,,,,,,
1980/05/21,,,14,,13.925,,,,,,,
1980/05/22,,,14,,14.025,,,,,,,
1980/05/23,,,12,,13.95,,,,,,,
1980/05/26,,,12,,13.875,,,,,,,
1980/05/27,,,11.25,,13.925,,,,,,,
1980/05/28,,,12.5,,13.85,,,,,,,
1980/05/29,,,16,,14.05,,,,,,,
1980/05/30,,,13.25,,13.925,,,,,,,
1980/06/02,,,12,,13.825,,,,,,,
1980/06/03,,,11,,13.875,,,,,,,
1980/06/04,,,11,,13.925,,,,,,,
1980/06/05,,,11.25,,13.9,,,,,,,
1980/06/06,,,11.5,,13.85,,,,,,,
1980/06/09,,,10,,13.8,,,,,,,
1980/06/10,,,9,,13.725,,,,,,,
1980/06/11,,,12,,13.75,,,,,,,
1980/06/12,,,14,,13.75,,,,,,,
1980/06/13,,,14,,13.75,,,,,,,
1980/06/16,,,13.5,,13.75,,,,,,,
1980/06/17,,,12,,13.7,,,,,,,
1980/06/18,,,10,,13.7,,,,,,,
1980/06/19,,,14,,13.725,,,,,,,
1980/06/20,,,13,,13.75,,,,,,,
1980/06/23,,,12.5,,13.8,,,,,,,
1980/06/24,,,12.5,,13.85,,,,,,,
1980/06/25,,,13,,13.85,,,,,,,
1980/06/26,,,15.5,,13.975,,,,,,,
1980/06/27,,,14,,14.025,,,,,,,
1980/06/30,,,42.5,,14.15,,,,,,,
1980/07/01,,,20,,13.975,,,,,,,
1980/07/02,,,14,,13.675,,,,,,,
1980/07/03,,,13,,13.5,,,,,,,
1980/07/04,,,11.5,,13.175,,,,,,,
1980/07/07,,,11.25,,12.9,,,,,,,
1980/07/08,,,11.5,,12.8,,,,,,,
1980/07/09,,,13.5,,12.925,,,,,,,
1980/07/10,,,15,,12.875,,,,,,,
1980/07/11,,,14,,12.775,,,,,,,
1980/07/14,,,13.5,,12.6,,,,,,,
1980/07/15,,,11,,12.525,,,,,,,
1980/07/16,,,13,,12.55,,,,,,,
1980/07/17,,,14.5,,12.75,,,,,,,
1980/07/18,,,12,,12.625,,,,,,,
1980/07/21,,,11,,12.7,,,,,,,
1980/07/22,,,10,,12.75,,,,,,,
1980/07/23,,,10,,12.65,,,,,,,
1980/07/24,,,13,,12.75,,,,,,,
1980/07/25,,,13,,12.675,,,,,,,
1980/07/28,,,12,,12.7,,,,,,,
1980/07/29,,,12.5,,12.7,,,,,,,
1980/07/30,,,13,,12.775,,,,,,,
1980/07/31,,,13.5,,12.7,,,,,,,
1980/08/01,,,11.5,,12.725,,,,,,,
1980/08/04,,,9.5,,12.725,,,,,,,
1980/08/05,,,9,,12.55,,,,,,,
1980/08/06,,,10,,12.5,,,,,,,
1980/08/07,,,11,,12.475,,,,,,,
1980/08/08,,,11,,12.35,,,,,,,
1980/08/11,,,11.25,,12.4,,,,,,,
1980/08/12,,,12,,12.375,,,,,,,
1980/08/13,,,13.5,,12.475,,,,,,,
1980/08/14,,,15,,12.425,,,,,,,
1980/08/15,,,11.5,,12.35,,,,,,,
1980/08/18,,,8.5,,12.175,,,,,,,
1980/08/19,,,10.5,,12.1,,,,,,,
1980/08/20,,,15,,12.25,,,,,,,
1980/08/21,,,15,,12.225,,,,,,,
1980/08/22,,,13,,12.1,,,,,,,
1980/08/25,,,12.5,,12.075,,,,,,,
1980/08/26,,,13,,12.075,,,,,,,
1980/08/27,,,15,,12.2,,,,,,,
1980/08/28,,,20,,12.3,,,,,,,
1980/08/29,,,13,,12.175,,,,,,,
1980/09/01,,,12,,12.025,,,,,,,
1980/09/02,,,10.75,,12.025,,,,,,,
1980/09/03,,,9.5,,12.05,,,,,,,
1980/09/04,,,10.5,,12.025,,,,,,,
1980/09/05,,,10.5,,12.025,,,,,,,
1980/09/08,,,10,,11.975,,,,,,,
1980/09/09,,,10,,11.95,,,,,,,
1980/09/10,,,11,,11.875,,,,,,,
1980/09/11,,,13,,11.825,,,,,,,
1980/09/12,,,12.5,,11.7,,,,,,,
1980/09/15,,,10.75,,11.575,,,,,,,
1980/09/16,,,8,,11.375,,,,,,,
1980/09/17,,,10,,11.325,,,,,,,
1980/09/18,,,13,,11.35,,,,,,,
1980/09/19,,,13,,11.375,,,,,,,
1980/09/22,,,14,,11.425,,,,,,,
1980/09/23,,,11.5,,11.5,,,,,,,
1980/09/24,,,13,,11.975,,,,,,,
1980/09/25,,,11.5,,11.525,,,,,,,
1980/09/26,,,11.5,,11.475,,,,,,,
1980/09/29,,,10.5,,11.425,,,,,,,
1980/09/30,,,10.5,,11.375,,,,,,,
1980/10/01,,,10.5,,11.45,,,,,,,
1980/10/02,,,10.5,,11.375,,,,,,,
1980/10/03,,,10.5,,11.5,,,,,,,
1980/10/06,,,8,,11.5,,,,,,,
1980/10/07,,,8,,11.4,,,,,,,
1980/10/08,,,7.5,,11.25,,,,,,,
1980/10/09,,,10,,11.25,,,,,,,
1980/10/10,,,13,,11.35,,,,,,,
1980/10/13,,,13,,11.275,,,,,,,
1980/10/14,,,12,,11.05,,,,,,,
1980/10/15,,,7,,10.95,,,,,,,
1980/10/16,,,10,,10.85,,,,,,,
1980/10/17,,,10,,10.9,,,,,,,
1980/10/20,,,11,,11.075,,,,,,,
1980/10/21,,,8,,11.2,,,,,,,
1980/10/22,,,11,,11.125,,,,,,,
1980/10/23,,,11,,11.2,,,,,,,
1980/10/24,,,11,,11.225,,,,,,,
1980/10/27,,,10,,11.25,,,,,,,
1980/10/28,,,6,,11.25,,,,,,,
1980/10/29,,,5.5,,11.175,,,,,,,
1980/10/30,,,11,,11.25,,,,,,,
1980/10/31,,,11.5,,11.2,,,,,,,
1980/11/03,,,10.5,,11.2,,,,,,,
1980/11/04,,,7,,11.15,,,,,,,
1980/11/05,,,7.5,,11.15,,,,,,,
1980/11/06,,,10.5,,11.075,,,,,,,
1980/11/07,,,11,,11.175,,,,,,,
1980/11/10,,,10,,11.175,,,,,,,
1980/11/11,,,6,,11.2,,,,,,,
1980/11/12,,,8,,11.2,,,,,,,
1980/11/13,,,12.5,,11.25,,,,,,,
1980/11/14,,,12,,11.225,,,,,,,
1980/11/17,,,7.5,,11.125,,,,,,,
1980/11/18,,,5.5,,11.125,,,,,,,
1980/11/19,,,10.5,,11.15,,,,,,,
1980/11/20,,,13.5,,11.3,,,,,,,
1980/11/21,,,12.5,,11.325,,,,,,,
1980/11/24,,,11.5,,11.35,,,,,,,
1980/11/25,,,10.5,,11.35,,,,,,,
1980/11/26,,,12,,11.375,,,,,,,
1980/11/27,,,13.5,,11.675,,,,,,,
1980/11/28,,,14.5,,11.8,,,,,,,
1980/12/01,,,12.5,,11.9,,,,,,,
1980/12/02,,,12,,12.1,,,,,,,
1980/12/03,,,13,,12.65,,,,,,,
1980/12/04,,,10,,12.5,,,,,,,
1980/12/05,,,9,,12.25,,,,,,,
1980/12/08,,,8.5,,12.325,,,,,,,
1980/12/09,,,7.5,,12.4,,,,,,,
1980/12/10,,,11,,12.375,,,,,,,
1980/12/11,,,12,,12.5,,,,,,,
1980/12/12,,,13,,12.5,,,,,,,
1980/12/15,,,8,,12.5,,,,,,,
1980/12/16,,,6.5,,12.45,,,,,,,
1980/12/17,,,8.5,,12.55,,,,,,,
1980/12/18,,,12.5,,12.475,,,,,,,
1980/12/19,,,12.5,,12.575,,,,,,,
1980/12/22,,,13,,12.55,,,,,,,
1980/12/23,,,12,,12.575,,,,,,,
1980/12/24,,,11,,12.575,,,,,,,
1980/12/29,,,11.5,,12.55,,,,,,,
1980/12/30,,,12,,12.6,,,,,,,
1980/12/31,,,12.5,,12.55,,,,,,,
1981/01/02,,,12.5,,12.65,,,,,,,
1981/01/05,,,12.5,,12.625,,,,,,,
1981/01/06,,,12.5,,12.7,,,,,,,
1981/01/07,,,12.5,,12.675,,,,,,,
1981/01/08,,,12.5,,12.725,,,,,,,
1981/01/09,,,11.5,,12.75,,,,,,,
1981/01/12,,,10.5,,12.75,,,,,,,
1981/01/13,,,8.5,,12.7,,,,,,,
1981/01/14,,,9,,12.65,,,,,,,
1981/01/15,,,10.5,,12.625,,,,,,,
1981/01/16,,,8.5,,12.55,,,,,,,
1981/01/19,,,5,,12.35,,,,,,,
1981/01/20,,,3,,12.15,,,,,,,
1981/01/21,,,10,,12.225,,,,,,,
1981/01/22,,,12.5,,12.4,,,,,,,
1981/01/23,,,12,,12.5,,,,,,,
1981/01/27,,,12.5,,12.65,,,,,,,
1981/01/28,,,13,,12.85,,,,,,,
1981/01/29,,,12.5,,12.875,,,,,,,
1981/01/30,,,12,,12.85,,,,,,,
1981/02/02,,,11.5,,12.85,,,,,,,
1981/02/03,,,10,,12.8,,,,,,,
1981/02/04,,,12,,12.875,,,,,,,
1981/02/05,,,11.5,,12.975,,,,,,,
1981/02/06,,,11.75,,13.125,,,,,,,
1981/02/09,,,10,,13.15,,,,,,,
1981/02/10,,,9,,13.175,,,,,,,
1981/02/11,,,13,,13.25,,,,,,,
1981/02/12,,,14,,12.775,,,,,,,
1981/02/13,,,12.5,,13.275,,,,,,,
1981/02/16,,,9.5,,13.35,,,,,,,
1981/02/17,,,5,,13.4,,,,,,,
1981/02/18,,,11.5,,13.425,,,,,,,
1981/02/19,,,12.5,,13.75,,,,,,,
1981/02/20,,,11.25,,13.85,,,,,,,
1981/02/23,,,10.5,,13.9,,,,,,,
1981/02/24,,,9,,13.825,,,,,,,
1981/02/25,,,10.5,,13.9,,,,,,,
1981/02/26,,,12.5,,13.875,,,,,,,
1981/02/27,,,12.5,,13.75,,,,,,,
1981/03/02,,,11.5,,13.9,,,,,,,
1981/03/03,,,13,,14.125,,,,,,,
1981/03/04,,,12,,14.275,,,,,,,
1981/03/05,,,12.5,,14.475,,,,,,,
1981/03/06,,,11.5,,14.45,,,,,,,
1981/03/09,,,11.5,,14.5,,,,,,,
1981/03/10,,,9.5,,14.475,,,,,,,
1981/03/11,,,12.5,,14.5,,,,,,,
1981/03/12,,,13.5,,14.5,,,,,,,
1981/03/13,,,14,,14.5,,,,,,,
1981/03/16,,,11,,14.65,,,,,,,
1981/03/17,,,8,,14.6,,,,,,,
1981/03/18,,,10.5,,14.6,,,,,,,
1981/03/19,,,12.5,,14.6,,,,,,,
1981/03/20,,,13,,14.6,,,,,,,
1981/03/23,,,12.5,,14.725,,,,,,,
1981/03/24,,,12.5,,14.8,,,,,,,
1981/03/25,,,13.5,,14.9,,,,,,,
1981/03/26,,,13.5,,15,,,,,,,
1981/03/27,,,12.5,,15.1,,,,,,,
1981/03/30,,,11.25,,15.225,,,,,,,
1981/03/31,,,11.5,,15.375,,,,,,,
1981/04/01,,,13.5,,16.025,,,,,,,
1981/04/02,,,12.5,,16.95,,,,,,,
1981/04/03,,,13,,17.05,,,,,,,
1981/04/06,,,13,,17,,,,,,,
1981/04/07,,,13,,17.05,,,,,,,
1981/04/08,,,14.5,,16.8,,,,,,,
1981/04/09,,,14,,16.7,,,,,,,
1981/04/10,,,14.5,,16.55,,,,,,,
1981/04/13,,,13.5,,16.775,,,,,,,
1981/04/14,,,15.5,,16.675,,,,,,,
1981/04/15,,,14,,16.65,,,,,,,
1981/04/16,,,13,,16.625,,,,,,,
1981/04/21,,,12.5,,16.6,,,,,,,
1981/04/22,,,13.5,,16.675,,,,,,,
1981/04/23,,,13.5,,16.7,,,,,,,
1981/04/24,,,14,,16.625,,,,,,,
1981/04/27,,,10.5,,16.6,,,,,,,
1981/04/28,,,8,,16.5,,,,,,,
1981/04/29,,,12,,16.625,,,,,,,
1981/04/30,,,13.75,,16.7,,,,,,,
1981/05/01,,,13.5,,16.75,,,,,,,
1981/05/04,,,12.5,,16.875,,,,,,,
1981/05/05,,,13,,16.975,,,,,,,
1981/05/06,,,17,,17.125,,,,,,,
1981/05/07,,,17.5,,17.15,,,,,,,
1981/05/08,,,15,,16.95,,,,,,,
1981/05/11,,,12.5,,16.875,,,,,,,
1981/05/12,,,13.5,,16.875,,,,,,,
1981/05/13,,,15.5,,16.95,,,,,,,
1981/05/14,,,16.5,,16.825,,,,,,,
1981/05/15,,,13.5,,16.625,,,,,,,
1981/05/18,,,12.5,,16.35,,,,,,,
1981/05/19,,,13,,16,,,,,,,
1981/05/20,,,14,,16.1,,,,,,,
1981/05/21,,,14.5,,15.875,,,,,,,
1981/05/22,,,14,,15.35,,,,,,,
1981/05/25,,,12,,15.4,,,,,,,
1981/05/26,,,12.5,,15.325,,,,,,,
1981/05/27,,,15.5,,15.275,,,,,,,
1981/05/28,,,15.5,,15.25,,,,,,,
1981/05/29,,,14.5,,15.05,,,,,,,
1981/06/01,,,14,,15,,,,,,,
1981/06/02,,,14,,15.1,,,,,,,
1981/06/03,,,15,,15.25,,,,,,,
1981/06/04,,,15,,15.375,,,,,,,
1981/06/05,,,14.5,,15.275,,,,,,,
1981/06/08,,,14.5,,15.275,,,,,,,
1981/06/09,,,14,,15.25,,,,,,,
1981/06/10,,,14.5,,15.25,,,,,,,
1981/06/11,,,15.75,,15.35,,,,,,,
1981/06/12,,,15.5,,15.3,,,,,,,
1981/06/15,,,14.25,,15.325,,,,,,,
1981/06/16,,,14,,15.375,,,,,,,
1981/06/17,,,14.5,,15.425,,,,,,,
1981/06/18,,,16,,15.575,,,,,,,
1981/06/19,,,15,,15.775,,,,,,,
1981/06/22,,,14.5,,15.9,,,,,,,
1981/06/23,,,14.5,,16.15,,,,,,,
1981/06/24,,,14,,16.125,,,,,,,
1981/06/25,,,15.5,,16.125,,,,,,,
1981/06/26,,,14.5,,16.2,,,,,,,
1981/06/29,,,16.25,,16.2,,,,,,,
1981/06/30,,,27.5,,16.05,,,,,,,
1981/07/01,,,17.5,,15.65,,,,,,,
1981/07/02,,,14.5,,15.5,,,,,,,
1981/07/03,,,14.25,,15.125,,,,,,,
1981/07/06,,,13.25,,15,,,,,,,
1981/07/07,,,13.75,,15.05,,,,,,,
1981/07/08,,,15.5,,15.125,,,,,,,
1981/07/09,,,16.25,,15.2,,,,,,,
1981/07/10,,,15.5,,15.075,,,,,,,
1981/07/13,,,15.5,,14.925,,,,,,,
1981/07/14,,,16.5,,14.825,,,,,,,
1981/07/15,,,15.75,,14.925,,,,,,,
1981/07/16,,,15.5,,15.1,,,,,,,
1981/07/17,,,15.75,,15.25,,,,,,,
1981/07/20,,,15,,15.475,,,,,,,
1981/07/21,,,15.375,,15.7,,,,,,,
1981/07/22,,,16.25,,15.915,,,,,,,
1981/07/23,,,16,,15.725,,,,,,,
1981/07/24,,,15.25,,15.6,,,,,,,
1981/07/27,,,14.75,,15.65,,,,,,,
1981/07/28,,,14.75,,15.725,,,,,,,
1981/07/29,,,15.75,,15.825,,,,,,,
1981/07/30,,,16.25,,15.8,,,,,,,
1981/07/31,,,16.25,,15.775,,,,,,,
1981/08/03,,,15,,15.775,,,,,,,
1981/08/04,,,14.75,,15.7,,,,,,,
1981/08/05,,,14.75,,15.75,,,,,,,
1981/08/06,,,13.875,,15.75,,,,,,,
1981/08/07,,,14.25,,15.775,,,,,,,
1981/08/10,,,13.75,,15.9,,,,,,,
1981/08/11,,,14.25,,16,,,,,,,
1981/08/12,,,15.75,,16.075,,,,,,,
1981/08/13,,,16,,15.875,,,,,,,
1981/08/14,,,14.75,,15.85,,,,,,,
1981/08/17,,,13.875,,15.7,,,,,,,
1981/08/18,,,9,,15.7,,,,,,,
1981/08/19,,,14.75,,15.725,,,,,,,
1981/08/20,,,17.25,,15.775,,,,,,,
1981/08/21,,,15.75,,15.625,,,,,,,
1981/08/24,,,14.5,,15.4,,,,,,,
1981/08/25,,,15.25,,15.35,,,,,,,
1981/08/26,,,17.5,,15.7,,,,,,,
1981/08/27,,,17.5,,15.475,,,,,,,
1981/08/28,,,17.25,,15.7,,,,,,,
1981/08/31,,,15.25,,15.575,,,,,,,
1981/09/01,,,14.5,,15.55,,,,,,,
1981/09/02,,,13.5,,15.575,,,,,,,
1981/09/03,,,15,,15.675,,,,,,,
1981/09/04,,,14.5,,15.65,,,,,,,
1981/09/07,,,14.5,,15.65,,,,,,,
1981/09/08,,,14.75,,15.65,,,,,,,
1981/09/09,,,15.25,,15.675,,,,,,,
1981/09/10,,,15.5,,15.55,,,,,,,
1981/09/11,,,15.5,,15.475,,,,,,,
1981/09/14,,,13.75,,15.3,,,,,,,
1981/09/15,,,13.25,,15.05,,,,,,,
1981/09/16,,,12.5,,15.05,,,,,,,
1981/09/17,,,15.25,,15.15,,,,,,,
1981/09/18,,,15.75,,15.225,,,,,,,
1981/09/21,,,15.75,,15.25,,,,,,,
1981/09/22,,,14.625,,15.25,,,,,,,
1981/09/23,,,15.25,,15.2,,,,,,,
1981/09/24,,,14.75,,15.175,,,,,,,
1981/09/25,,,14.75,,15.175,,,,,,,
1981/09/28,,,14.75,,15.15,,,,,,,
1981/09/29,,,13.25,,15.075,,,,,,,
1981/09/30,,,16.25,,15.15,,,,,,,
1981/10/01,,,14.75,,15,,,,,,,
1981/10/02,,,13,,14.9,,,,,,,
1981/10/05,,,11.5,,14.9,,,,,,,
1981/10/06,,,11,,14.775,,,,,,,
1981/10/07,,,13.25,,14.8,,,,,,,
1981/10/08,,,13.75,,14.725,,,,,,,
1981/10/09,,,14.75,,14.675,,,,,,,
1981/10/12,,,14.75,,14.675,,,,,,,
1981/10/13,,,15.25,,14.675,,,,,,,
1981/10/14,,,17.375,,14.55,,,,,,,
1981/10/15,,,15.75,,14.525,,,,,,,
1981/10/16,,,14.5,,14.55,,,,,,,
1981/10/19,,,14.625,,14.475,,,,,,,
1981/10/20,,,15,,14.55,,,,,,,
1981/10/21,,,16,,14.675,,,,,,,
1981/10/22,,,15.25,,14.825,,,,,,,
1981/10/23,,,13.25,,14.825,,,,,,,
1981/10/26,,,13.625,,14.675,,,,,,,
1981/10/27,,,13.25,,14.6,,,,,,,
1981/10/28,,,14.25,,14.625,,,,,,,
1981/10/29,,,15.75,,14.65,,,,,,,
1981/10/30,,,14.75,,14.625,,,,,,,
1981/11/02,,,14.125,,14.625,,,,,,,
1981/11/03,,,11.75,,14.625,,,,,,,
1981/11/04,,,13.5,,14.6,,,,,,,
1981/11/05,,,13,,14.6,,,,,,,
1981/11/06,,,13,,14.55,,,,,,,
1981/11/09,,,13,,14.5,,,,,,,
1981/11/10,,,12.25,,14.425,,,,,,,
1981/11/11,,,14.75,,14.525,,,,,,,
1981/11/12,,,16.25,,14.5,,,,,,,
1981/11/13,,,16.125,,14.625,,,,,,,
1981/11/16,,,14.25,,14.55,,,,,,,
1981/11/17,,,10,,14.475,,,,,,,
1981/11/18,,,14.75,,14.6,,,,,,,
1981/11/19,,,16.25,,14.7,,,,,,,
1981/11/20,,,14.875,,14.6,,,,,,,
1981/11/23,,,14.75,,14.55,,,,,,,
1981/11/24,,,14.75,,14.6,,,,,,,
1981/11/25,,,17.25,,14.825,,,,,,,
1981/11/26,,,19.5,,14.95,,,,,,,
1981/11/27,,,16.25,,14.8,,,,,,,
1981/11/30,,,15,,14.775,,,,,,,
1981/12/01,,,16.375,,14.925,,,,,,,
1981/12/02,,,15.875,,15.125,,,,,,,
1981/12/03,,,16.125,,15.3,,,,,,,
1981/12/04,,,15.25,,15.25,,,,,,,
1981/12/07,,,14.25,,15.3,,,,,,,
1981/12/08,,,13.25,,15.325,,,,,,,
1981/12/09,,,15,,15.35,,,,,,,
1981/12/10,,,16.25,,15.525,,,,,,,
1981/12/11,,,16.125,,15.45,,,,,,,
1981/12/14,,,15.75,,15.45,,,,,,,
1981/12/15,,,15.25,,15.575,,,,,,,
1981/12/16,,,17.5,,15.8,,,,,,,
1981/12/17,,,21.5,,16.075,,,,,,,
1981/12/18,,,15.75,,15.85,,,,,,,
1981/12/21,,,13.75,,15.675,,,,,,,
1981/12/22,,,15.25,,15.725,,,,,,,
1981/12/23,,,15.75,,15.875,,,,,,,
1981/12/24,,,14.75,,15.725,,,,,,,
1981/12/29,,,14.75,,15.725,,,,,,,
1981/12/30,,,14.75,,15.7,,,,,,,
1981/12/31,,,14.75,,15.625,,,,,,,
1982/01/04,,,15.25,,15.625,,,,,,,
1982/01/05,,,14.75,,15.625,,,,,,,
1982/01/06,,,15.5,,15.725,,,,,,,
1982/01/07,,,15,,15.9,,,,,,,
1982/01/08,,,14.375,,15.825,,,,,,,
1982/01/11,,,13.5,,15.85,,,,,,,
1982/01/12,,,14.25,,16.025,,,,,,,
1982/01/13,,,15.25,,16.1,,,,,,,
1982/01/14,,,16.125,,16.15,,,,,,,
1982/01/15,,,14.75,,16.225,,,,,,,
1982/01/18,,,14,,16.2,,,,,,,
1982/01/19,,,14,,16.225,,,,,,,
1982/01/20,,,16,,16.325,,,,,,,
1982/01/21,,,16.25,,16.375,,,,,,,
1982/01/22,,,15.25,,16.475,,,,,,,
1982/01/25,,,14,,16.55,,,,,,,
1982/01/26,,,14.5,,16.625,,,,,,,
1982/01/27,,,16.25,,16.775,,,,,,,
1982/01/28,,,15.5,,16.825,,,,,,,
1982/01/29,,,15.375,,16.8,,,,,,,
1982/02/02,,,15.25,,17.175,,,,,,,
1982/02/03,,,15.625,,17.2,,,,,,,
1982/02/04,,,15.625,,17.2,,,,,,,
1982/02/05,,,15,,17.175,,,,,,,
1982/02/08,,,14.25,,17.225,,,,,,,
1982/02/09,,,14.5,,17.15,,,,,,,
1982/02/10,,,14.5,,17.125,,,,,,,
1982/02/11,,,15.625,,17.175,,,,,,,
1982/02/12,,,15.25,,17,,,,,,,
1982/02/15,,,13,,17.025,,,,,,,
1982/02/16,,,13,,17,,,,,,,
1982/02/17,,,15.25,,17.025,,,,,,,
1982/02/18,,,17,,17.2,,,,,,,
1982/02/19,,,15.5,,17.075,,,,,,,
1982/02/22,,,15.125,,17.125,,,,,,,
1982/02/23,,,15,,17.05,,,,,,,
1982/02/24,,,15.625,,17.075,,,,,,,
1982/02/25,,,17.5,,17.125,,,,,,,
1982/02/26,,,16.25,,17.15,,,,,,,
1982/03/01,,,15.75,,17.2,,,,,,,
1982/03/02,,,14.75,,17.25,,,,,,,
1982/03/03,,,15.625,,17.25,,,,,,,
1982/03/04,,,16,,17.4,,,,,,,
1982/03/05,,,15.875,,17.45,,,,,,,
1982/03/08,,,14.875,,17.55,,,,,,,
1982/03/09,,,15.25,,17.625,,,,,,,
1982/03/10,,,16.625,,18.45,,,,,,,
1982/03/11,,,18,,18.7,,,,,,,
1982/03/12,,,18,,18.95,,,,,,,
1982/03/15,,,16.5,,19.15,,,,,,,
1982/03/16,,,13.25,,19.675,,,,,,,
1982/03/17,,,15.375,,19.675,,,,,,,
1982/03/18,,,17.25,,19.55,,,,,,,
1982/03/19,,,17.5,,19.65,,,,,,,
1982/03/22,,,16.5,,19.7,,,,,,,
1982/03/23,,,16.25,,19.85,,,,,,,
1982/03/24,,,17.75,,19.875,,,,,,,
1982/03/25,,,17.25,,19.85,,,,,,,
1982/03/26,,,15.5,,19.85,,,,,,,
1982/03/29,,,14.5,,19.825,,,,,,,
1982/03/30,,,14.75,,19.925,,,,,,,
1982/03/31,,,16.75,,20.1,,,,,,,
1982/04/01,,,17.5,,20.1,,,,,,,
1982/04/02,,,17.75,,20.625,,,,,,,
1982/04/05,,,19,,20.85,,,,,,,
1982/04/06,,,21.5,,21.45,,,,,,,
1982/04/07,,,22,,21.875,,,,,,,
1982/04/08,,,21.75,,22,,,,,,,
1982/04/13,,,18.5,,21.95,,,,,,,
1982/04/14,,,19.5,,21.75,,,,,,,
1982/04/15,,,17.5,,21.55,,,,,,,
1982/04/16,,,16.25,,21,,,,,,,
1982/04/19,,,17.75,,20.95,,,,,,,
1982/04/20,,,19.25,,21.3,,,,,,,
1982/04/21,,,19.75,,21.45,,,,,,,
1982/04/22,,,20.25,,21.575,,,,,,,
1982/04/23,,,18.75,,21.575,,,,,,,
1982/04/26,,,18.25,,21.575,,,,,,,
1982/04/27,,,18,,21.65,,,,,,,
1982/04/28,,,18.75,,21.625,,,,,,,
1982/04/29,,,19.5,,21.5,,,,,,,
1982/04/30,,,20.375,,21.5,,,,,,,
1982/05/03,,,18,,21.175,,,,,,,
1982/05/04,,,15,,20.75,,,,,,,
1982/05/05,,,17.5,,20.45,,,,,,,
1982/05/06,,,20.5,,20,,,,,,,
1982/05/07,,,18.75,,18.5,,,,,,,
1982/05/10,,,17.875,,18.125,,,,,,,
1982/05/11,,,19.25,,18.1,,,,,,,
1982/05/12,,,24,,18.35,,,,,,,
1982/05/13,,,23.5,,18.025,,,,,,,
1982/05/14,,,19.375,,17.9,,,,,,,
1982/05/17,,,16,,17.95,,,,,,,
1982/05/18,,,15.75,,18.175,,,,,,,
1982/05/19,,,19.25,,18.45,,,,,,,
1982/05/20,,,19,,18.525,,,,,,,
1982/05/21,,,16.75,,18.025,,,,,,,
1982/05/24,,,16,,17.775,,,,,,,
1982/05/25,,,15.875,,17.475,,,,,,,
1982/05/26,,,17.75,,17.625,,,,,,,
1982/05/27,,,19.25,,17.2,,,,,,,
1982/05/28,,,18.625,,17.275,,,,,,,
1982/05/31,,,18.25,,17.525,,,,,,,
1982/06/01,,,18,,17.875,,,,,,,
1982/06/02,,,18.375,,18.475,,,,,,,
1982/06/03,,,17.875,,18.35,,,,,,,
1982/06/04,,,16.75,,18.325,,,,,,,
1982/06/07,,,16.25,,18.475,,,,,,,
1982/06/08,,,15.75,,18.7,,,,,,,
1982/06/09,,,19,,18.9,,,,,,,
1982/06/10,,,18.25,,18.675,,,,,,,
1982/06/11,,,18.625,,18.475,,,,,,,
1982/06/14,,,18.625,,18.475,,,,,,,
1982/06/15,,,16.25,,18.7,,,,,,,
1982/06/16,,,15.375,,18.625,,,,,,,
1982/06/17,,,15.625,,18.6,,,,,,,
1982/06/18,,,15.75,,18.55,,,,,,,
1982/06/21,,,16.25,,18.55,,,,,,,
1982/06/22,,,16.125,,18.575,,,,,,,
1982/06/23,,,17.75,,18.65,,,,,,,
1982/06/24,,,18,,18.65,,,,,,,
1982/06/25,,,17.125,,18.65,,,,,,,
1982/06/28,,,16.25,,18.65,,,,,,,
1982/06/29,,,17.25,,18.75,,,,,,,
1982/06/30,,,27.5,,18.85,,,,,,,
1982/07/01,,,19.625,,18.7,,,,,,,
1982/07/02,,,17.75,,18.275,,,,,,,
1982/07/05,,,15.75,,18.05,,,,,,,
1982/07/06,,,15.25,,17.9,,,,,,,
1982/07/07,,,16.125,,18.05,,,,,,,
1982/07/08,,,16,,18.075,,,,,,,
1982/07/09,,,17.5,,18.1,,,,,,,
1982/07/12,,,18.25,,17.925,,,,,,,
1982/07/13,,,17.75,,17.8,,,,,,,
1982/07/14,,,18.25,,17.725,,,,,,,
1982/07/15,,,15.5,,17.5,,,,,,,
1982/07/16,,,14,,17.175,,,,,,,
1982/07/19,,,11.5,,16.65,,,,,,,
1982/07/20,,,14.25,,16.25,,,,,,,
1982/07/21,,,16.25,,16.65,,,,,,,
1982/07/22,,,16.75,,16.6,,,,,,,
1982/07/23,,,16.25,,16.55,,,,,,,
1982/07/26,,,16.5,,16.375,,,,,,,
1982/07/27,,,16.5,,16.275,,,,,,,
1982/07/28,,,18.25,,16.575,,,,,,,
1982/07/29,,,18.25,,16.625,,,,,,,
1982/07/30,,,17,,16.65,,,,,,,
1982/08/02,,,16.5,,16.7,,,,,,,
1982/08/03,,,15.25,,16.65,,,,,,,
1982/08/04,,,16.5,,16.725,,,,,,,
1982/08/05,,,18,,16.925,,,,,,,
1982/08/06,,,16.25,,17.075,,,,,,,
1982/08/09,,,16.25,,17.15,,,,,,,
1982/08/10,,,17.25,,17.375,,,,,,,
1982/08/11,,,18.75,,17.525,,,,,,,
1982/08/12,,,20,,17.425,,,,,,,
1982/08/13,,,20,,17.4,,,,,,,
1982/08/16,,,17.375,,17.35,,,,,,,
1982/08/17,,,16,,17.325,,,,,,,
1982/08/18,,,37.5,,17.625,,,,,,,
1982/08/19,,,53.5,,18.375,,,,,,,
1982/08/20,,,18,,17.275,,,,,,,
1982/08/23,,,17.75,,17.3,,,,,,,
1982/08/24,,,20.25,,17.375,,,,,,,
1982/08/25,,,27.5,,17.475,,,,,,,
1982/08/26,,,19.25,,16.675,,,,,,,
1982/08/27,,,17.75,,16.625,,,,,,,
1982/08/30,,,18.5,,16.6,,,,,,,
1982/08/31,,,18.75,,16.875,,,,,,,
1982/09/01,,,19,,16.975,,,,,,,
1982/09/02,,,18,,16.925,,,,,,,
1982/09/03,,,16.5,,16.725,,,,,,,
1982/09/06,,,15.875,,16.6,,,,,,,
1982/09/07,,,15.5,,16.55,,,,,,,
1982/09/08,,,16.25,,16.575,,,,,,,
1982/09/09,,,17.625,,16.475,,,,,,,
1982/09/10,,,16.75,,16.025,,,,,,,
1982/09/13,,,16.75,,15.95,,,,,,,
1982/09/14,,,16.75,,15.775,,,,,,,
1982/09/15,,,15.875,,15.625,,,,,,,
1982/09/16,,,14,,15.375,,,,,,,
1982/09/17,,,13.25,,15.3,,,,,,,
1982/09/20,,,14.875,,15.15,,,,,,,
1982/09/21,,,15.875,,15.3,,,,,,,
1982/09/22,,,16.25,,15.175,,,,,,,
1982/09/23,,,15,,14.95,,,,,,,
1982/09/24,,,14.75,,14.55,,,,,,,
1982/09/27,,,14,,13.75,,,,,,,
1982/09/28,,,14.5,,13.575,,,,,,,
1982/09/29,,,17.75,,13.525,,,,,,,
1982/09/30,,,19,,13.3,,,,,,,
1982/10/01,,,15.5,,13.25,,,,,,,
1982/10/04,,,15,,13.4,,,,,,,
1982/10/05,,,14.75,,13.925,,,,,,,
1982/10/06,,,16.75,,14.675,,,,,,,
1982/10/07,,,17.25,,15.05,,,,,,,
1982/10/08,,,15.5,,14.65,,,,,,,
1982/10/11,,,15.5,,14.475,,,,,,,
1982/10/12,,,15.75,,14.25,,,,,,,
1982/10/13,,,18,,14.075,,,,,,,
1982/10/14,,,18.5,,14,,,,,,,
1982/10/15,,,15.75,,14,,,,,,,
1982/10/18,,,13.375,,14.125,,,,,,,
1982/10/19,,,14.375,,14.45,,,,,,,
1982/10/20,,,16,,14.45,,,,,,,
1982/10/21,,,16.25,,14.575,,,,,,,
1982/10/22,,,15.5,,14.825,,,,,,,
1982/10/25,,,14.75,,15.225,,,,,,,
1982/10/26,,,13.5,,15.525,,,,,,,
1982/10/27,,,14.875,,15.5,,,,,,,
1982/10/28,,,17.25,,15.75,,,,,,,
1982/10/29,,,15.5,,15.85,,,,,,,
1982/11/01,,,15,,15.9,,,,,,,
1982/11/02,,,11.75,,15.85,,,,,,,
1982/11/03,,,13.5,,15.775,,,,,,,
1982/11/04,,,12,,15.8,,,,,,,
1982/11/05,,,12.875,,15.55,,,,,,,
1982/11/08,,,9.25,,15.2,,,,,,,
1982/11/09,,,12.25,,15,,,,,,,
1982/11/10,,,14.75,,15.1,,,,,,,
1982/11/11,,,16.125,,14.9,,,,,,,
1982/11/12,,,16.5,,14.8,,,,,,,
1982/11/15,,,13.5,,14.675,,,,,,,
1982/11/16,,,11,,14.7,,,,,,,
1982/11/17,,,15.75,,14.85,,,,,,,
1982/11/18,,,17.25,,14.875,,,,,,,
1982/11/19,,,15.25,,14.625,,,,,,,
1982/11/22,,,13.5,,14.175,,,,,,,
1982/11/23,,,13.5,,14,,,,,,,
1982/11/24,,,15,,13.8,,,,,,,
1982/11/25,,,16,,13.7,,,,,,,
1982/11/26,,,14.5,,13.55,,,,,,,
1982/11/29,,,14.5,,13.775,,,,,,,
1982/11/30,,,14.25,,14.175,,,,,,,
1982/12/01,,,14.25,,14,,,,,,,
1982/12/02,,,13.75,,13.925,,,,,,,
1982/12/03,,,13.625,,13.95,,,,,,,
1982/12/06,,,13.25,,13.85,,,,,,,
1982/12/07,,,11.625,,13.65,,,,,,,
1982/12/08,,,10.25,,13.55,,,,,,,
1982/12/09,,,14.75,,13.6,,,,,,,
1982/12/10,,,15,,13.575,,,,,,,
1982/12/13,,,14.75,,13.575,,,,,,,
1982/12/14,,,16,,13.525,,,,,,,
1982/12/15,,,14.75,,13.225,,,,,,,
1982/12/16,,,5,,12.575,,,,,,,
1982/12/17,,,11,,12.05,,,,,,,
1982/12/20,,,9,,11.5,,,,,,,
1982/12/21,,,4,,10.15,,,,,,,
1982/12/22,,,4,,9.6,,,,,,,
1982/12/23,,,11.25,,9.95,,,,,,,
1982/12/24,,,11.5,,9.9,,,,,,,
1982/12/29,,,11.625,,9.5,,,,,,,
1982/12/30,,,10.75,,9.5,,,,,,,
1982/12/31,,,10.5,,9.55,,,,,,,
1983/01/04,,,13.25,,9.7,,,,,,,
1983/01/05,,,12.75,,9.95,,,,,,,
1983/01/06,,,15.5,,10.95,,,,,,,
1983/01/07,,,12.75,,10.9,,,,,,,
1983/01/10,,,12.5,,10.9,,,,,,,
1983/01/11,,,11.5,,10.875,,,,,,,
1983/01/12,,,14.75,,10.95,,,,,,,
1983/01/13,,,14.625,,10.875,,,,,,,
1983/01/14,,,10.75,,10.45,,,,,,,
1983/01/17,,,7.5,,10.2,,,,,,,
1983/01/18,,,6.75,,10.15,,,,,,,
1983/01/19,,,9.75,,10.25,,,,,,,
1983/01/20,,,14.5,,10.55,,,,,,,
1983/01/21,,,11.75,,10.3,,,,,,,
1983/01/24,,,11,,10.425,,,,,,,
1983/01/25,,,14.25,,11.125,,,,,,,
1983/01/26,,,18,,11.65,,,,,,,
1983/01/27,,,11.75,,11.05,,,,,,,
1983/01/28,,,11.25,,11.075,,,,,,,
1983/02/01,,,11.25,,11.125,,,,,,,
1983/02/02,,,10,,11.4,,,,,,,
1983/02/03,,,10.75,,11.375,,,,,,,
1983/02/04,,,9.75,,12.075,,,,,,,
1983/02/07,,,11,,12.15,,,,,,,
1983/02/08,,,10.75,,13.175,,,,,,,
1983/02/09,,,13.25,,13.675,,,,,,,
1983/02/10,,,13.25,,13.5,,,,,,,
1983/02/11,,,13.25,,13.275,,,,,,,
1983/02/14,,,12.75,,13.25,,,,,,,
1983/02/15,,,9.75,,13.525,,,,,,,
1983/02/16,,,8.75,,13.9,,,,,,,
1983/02/17,,,15.25,,14.125,,,,,,,
1983/02/18,,,14.5,,14.3,,,,,,,
1983/02/21,,,12.75,,14.55,,,,,,,
1983/02/22,,,14.5,,15.1,,,,,,,
1983/02/23,,,16.75,,16,,,,,,,
1983/02/24,,,14.25,,15.9,,,,,,,
1983/02/25,,,13.75,,16.175,,,,,,,
1983/02/28,,,17.25,,16.8,,,,,,,
1983/03/01,,,19,,17.675,,,,,,,
1983/03/02,,,18,,17.1,,,,,,,
1983/03/03,,,21,,16.825,,,,,,,
1983/03/04,,,52.5,,17.375,,,,,,,
1983/03/07,,,30,,17.65,,,,,,,
1983/03/08,,,85,,14.25,,,,,,,
1983/03/09,,,19,,14.175,,,,,,,
1983/03/10,,,12,,14.125,,,,,,,
1983/03/11,,,9.5,,13.95,,,,,,,
1983/03/14,,,7.5,,13.3,,,,,,,
1983/03/15,,,4,,13.15,,,,,,,
1983/03/16,,,1.5,,13.7,,,,,,,
1983/03/17,,,4,,14.2,,,,,,,
1983/03/18,,,4.5,,14.275,,,,,,,
1983/03/21,,,5.5,,14.225,,,,,,,
1983/03/22,,,2.5,,14.6,,,,,,,
1983/03/23,,,10.5,,14.95,,,,,,,
1983/03/24,,,13.75,,15.675,,,,,,,
1983/03/25,,,13,,15.725,,,,,,,
1983/03/28,,,10.25,,15.825,,,,,,,
1983/03/29,,,12.75,,16.05,,,,,,,
1983/03/30,,,15.25,,16.125,,,,,,,
1983/03/31,,,13.875,,16,,,,,,,
1983/04/05,,,10.5,,16.225,,,,,,,
1983/04/06,,,14.25,,16.2,,,,,,,
1983/04/07,,,14.75,,15.825,,,,,,,
1983/04/08,,,14.75,,15.65,,,,,,,
1983/04/11,,,15.25,,14.9,,,,,,,
1983/04/12,,,16.5,,14.375,,,,,,,
1983/04/13,,,17.5,,14.4,,,,,,,
1983/04/14,,,18.5,,13.95,,,,,,,
1983/04/15,,,12,,13.75,,,,,,,
1983/04/18,,,3.5,,13.25,,,,,,,
1983/04/19,,,4,,13,,,,,,,
1983/04/20,,,8.75,,12.85,,,,,,,
1983/04/21,,,12,,12.95,,,,,,,
1983/04/22,,,10.5,,12.8,,,,,,,
1983/04/26,,,12,,12.65,,,,,,,
1983/04/27,,,14.5,,12.75,,,,,,,
1983/04/28,,,13.75,,12.45,,,,,,,
1983/04/29,,,14,,12.55,,,,,,,
1983/05/02,,,11,,12.65,,,,,,,
1983/05/03,,,8.75,,12.725,,,,,,,
1983/05/04,,,14,,12.675,,,,,,,
1983/05/05,,,15.25,,12.25,,,,,,,
1983/05/06,,,14.5,,12.1,,,,,,,
1983/05/09,,,13.5,,11.725,,,,,,,
1983/05/10,,,13,,11.55,,,,,,,
1983/05/11,,,15.25,,11.1,,,,,,,
1983/05/12,,,15.5,,10.7,,,,,,,
1983/05/13,,,13,,10.775,,,,,,,
1983/05/16,,,5.5,,10.65,,,,,,,
1983/05/17,,,2.75,,11,,,,,,,
1983/05/18,,,8.5,,11.625,,,,,,,
1983/05/19,,,16,,12.425,,,,,,,
1983/05/20,,,12.5,,12.625,,,,,,,
1983/05/23,,,11.25,,13.65,,,,,,,
1983/05/24,,,7.25,,12.925,,,,,,,
1983/05/25,,,11.5,,12.825,,,,,,,
1983/05/26,,,13.75,,12.575,,,,,,,
1983/05/27,,,12.75,,12.65,,,,,,,
1983/05/30,,,12.75,,13.1,,,,,,,
1983/05/31,,,13.5,,13.075,,,,,,,
1983/06/01,,,13,,13.125,,,,,,,
1983/06/02,,,12.75,,13.375,,,,,,,
1983/06/03,,,11.75,,13.15,,,,,,,
1983/06/06,,,12,,13.15,,,,,,,
1983/06/07,,,13.75,,13.55,,,,,,,
1983/06/08,,,15.25,,14.125,,,,,,,
1983/06/09,,,17,,14.45,,,,,,,
1983/06/10,,,17.25,,14.875,,,,,,,
1983/06/13,,,17.125,,14.85,,,,,,,
1983/06/14,,,15.75,,15.05,,,,,,,
1983/06/15,,,15,,15.7,,,,,,,
1983/06/16,,,11,,15.55,,,,,,,
1983/06/17,,,9,,15.55,,,,,,,
1983/06/20,,,8.5,,15.55,,,,,,,
1983/06/21,,,8,,15.2,,,,,,,
1983/06/22,,,10.25,,15.025,,,,,,,
1983/06/23,,,10.75,,14.3,,,,,,,
1983/06/24,,,10.5,,13.65,,,,,,,
1983/06/27,,,5.5,,13.275,,,,,,,
1983/06/28,,,4.25,,13.4,,,,,,,
1983/06/29,,,4.5,,13.225,,,,,,,
1983/06/30,,,15.5,,13.25,,,,,,,
1983/07/01,,,14.5,,13.15,,,,,,,
1983/07/04,,,9,,13.2,,,,,,,
1983/07/05,,,4,,13.475,,,,,,,
1983/07/06,,,10,,13.625,,,,,,,
1983/07/07,,,14.5,,13.55,,,,,,,
1983/07/08,,,15,,13.725,,,,,,,
1983/07/11,,,14.5,,13.55,,,,,,,
1983/07/12,,,16,,13.675,,,,,,,
1983/07/13,,,22.5,,13.675,,,,,,,
1983/07/14,,,15.5,,13.3,,,,,,,
1983/07/15,,,10.5,,13.075,,,,,,,
1983/07/18,,,5,,12.875,,,,,,,
1983/07/19,,,4,,12.425,,,,,,,
1983/07/20,,,3.5,,12.05,,,,,,,
1983/07/21,,,3.5,,11.65,,,,,,,
1983/07/22,,,8,,11.8,,,,,,,
1983/07/25,,,7.5,,12.225,,,,,,,
1983/07/26,,,4,,11.9,,,,,,,
1983/07/27,,,12.25,,12,,,,,,,
1983/07/28,,,12,,11.85,,,,,,,
1983/07/29,,,11.5,,11.95,,,,,,,
1983/08/01,,,10,,12.15,,,,,,,
1983/08/02,,,7.25,,12.425,,,,,,,
1983/08/03,,,7,,12.325,,,,,,,
1983/08/04,,,4,,12.3,,,,,,,
1983/08/05,,,8,,12.1,,,,,,,
1983/08/08,,,7.5,,12.45,,,,,,,
1983/08/09,,,11,,12.6,,,,,,,
1983/08/10,,,14.5,,12.7,,,,,,,
1983/08/11,,,13.25,,12.475,,,,,,,
1983/08/12,,,14.125,,12.35,,,,,,,
1983/08/15,,,8,,12,,,,,,,
1983/08/16,,,6.5,,12.025,,,,,,,
1983/08/17,,,14.5,,12.1,,,,,,,
1983/08/18,,,15.5,,11.8,,,,,,,
1983/08/19,,,13.75,,11.875,,,,,,,
1983/08/22,,,13.25,,11.875,,,,,,,
1983/08/23,,,14.75,,11.95,,,,,,,
1983/08/24,,,14.75,,12.075,,,,,,,
1983/08/25,,,13,,12.05,,,,,,,
1983/08/26,,,10.5,,12,,,,,,,
1983/08/29,,,8.5,,12.025,,,,,,,
1983/08/30,,,5.75,,12.075,,,,,,,
1983/08/31,,,10,,12.05,,,,,,,
1983/09/01,,,14.5,,12.2,,,,,,,
1983/09/02,,,13.75,,12.025,,,,,,,
1983/09/05,,,13.625,,11.925,,,,,,,
1983/09/06,,,13,,11.875,,,,,,,
1983/09/07,,,13.25,,11.875,,,,,,,
1983/09/08,,,13.5,,11.875,,,,,,,
1983/09/09,,,11.25,,11.5,,,,,,,
1983/09/12,,,11,,10.85,,,,,,,
1983/09/13,,,6.5,,10.45,,,,,,,
1983/09/14,,,13,,10.6,,,,,,,
1983/09/15,,,7.5,,10.3,,,,,,,
1983/09/16,,,8.5,,10.25,,,,,,,
1983/09/19,,,10.75,,10.775,,,,,,,
1983/09/20,,,10.75,,10.875,,,,,,,
1983/09/21,,,13,,10.875,,,,,,,
1983/09/22,,,7,,10.55,,,,,,,
1983/09/23,,,9.25,,10.7,,,,,,,
1983/09/26,,,6.5,,10.5,,,,,,,
1983/09/27,,,6.5,,10.7,,,,,,,
1983/09/28,,,10.25,,10.85,,,,,,,
1983/09/29,,,14.5,,10.875,,,,,,,
1983/09/30,,,13.75,,10.925,,,,,,,
1983/10/03,,,12.5,,10.75,,,,,,,
1983/10/04,,,12.75,,10.8,,,,,,,
1983/10/05,,,13,,10.825,,,,,,,
1983/10/06,,,13.25,,11,,,,,,,
1983/10/07,,,12.5,,11.05,,,,,,,
1983/10/10,,,12.25,,11.025,,,,,,,
1983/10/11,,,12.5,,11.125,,,,,,,
1983/10/12,,,13.25,,11.2,,,,,,,
1983/10/13,,,12.75,,10.925,,,,,,,
1983/10/14,,,13.125,,10.925,,,,,,,
1983/10/17,,,9,,10.875,,,,,,,
1983/10/18,,,3.75,,10.925,,,,,,,
1983/10/19,,,7.5,,11.1,,,,,,,
1983/10/20,,,5.5,,11.05,,,,,,,
1983/10/21,,,7.25,,11.025,,,,,,,
1983/10/24,,,4.5,,11.125,,,,,,,
1983/10/25,,,3.25,,11.075,,,,,,,
1983/10/26,,,10.75,,10.975,,,,,,,
1983/10/27,,,12,,10.775,,,,,,,
1983/10/28,,,11,,10.575,,,,,,,
1983/10/31,,,12.75,,10.675,,,,,,,
1983/11/01,,,11,,10.625,,,,,,,
1983/11/02,,,11,,10.6,,,,,,,
1983/11/03,,,11.75,,10.725,,,,,,,
1983/11/04,,,10.75,,10.725,,,,,,,
1983/11/07,,,8.75,,10.775,,,,,,,
1983/11/08,,,9,,10.725,,,,,,,
1983/11/09,,,12.25,,10.7,,,,,,,
1983/11/10,,,11.375,,10.625,,,,,,,
1983/11/11,,,13.25,,10.6,,,,,,,
1983/11/14,,,12,,10.5,,,,,,,
1983/11/15,,,8.75,,10.55,,,,,,,
1983/11/16,,,6.5,,10.55,,,,,,,
1983/11/17,,,12.5,,10.65,,,,,,,
1983/11/18,,,12,,10.65,,,,,,,
1983/11/21,,,9.375,,10.65,,,,,,,
1983/11/22,,,7,,10.525,,,,,,,
1983/11/23,,,9.75,,10.5,,,,,,,
1983/11/24,,,11.75,,10.525,,,,,,,
1983/11/25,,,8.5,,10.35,,,,,,,
1983/11/28,,,6,,10.25,,,,,,,
1983/11/29,,,4.75,,10.1,,,,,,,
1983/11/30,,,11.25,,10.225,,,,,,,
1983/12/01,,,11.5,,10.1,,,,,,,
1983/12/02,,,9.75,,9.95,,,,,,,
1983/12/05,,,2.25,,9.5,,,,,,,
1983/12/06,,,1.25,,9.05,,,,,,,
1983/12/07,,,0.625,,8.325,,,,,,,
1983/12/08,,,1.125,,7.1,,,,,,,
1983/12/09,,,6.5,,9.125,,,,,,,
1983/12/12,,,2,,8.95,,,,,,,
1983/12/13,,,4,,8.625,,,,,,,
1983/12/14,,,7,,8.625,,,,,,,
1983/12/15,,,4,,8.425,,,,,,,
1983/12/16,,,3.75,,8.15,,,,,,,
1983/12/19,,,2,,8.475,,,,,,,
1983/12/20,,,3,,9,,,,,,,
1983/12/21,,,4.5,,8.95,,,,,,,
1983/12/22,,,7.375,,9.05,,,,,,,
1983/12/23,,,7,,8.95,,,,,,,
1983/12/28,,,6.5,,9,,,,,,,
1983/12/29,,,5,,9.2,,,,,,,
1983/12/30,,,6,,9.275,,,,,,,
1984/01/03,,,5.25,,9.55,,,,,,,
1984/01/04,,,6,,9.65,,,,,,,
1984/01/05,,,8,,9.925,,,,,,,
1984/01/06,,,7.25,,9.75,,,,,,,
1984/01/09,,,6.5,,9.5,,,,,,,
1984/01/10,,,9.25,,9.575,,,,,,,
1984/01/11,,,11.125,,9.5,,,,,,,
1984/01/12,,,12.5,,9.475,,,,,,,
1984/01/13,,,10.75,,9.375,,,,,,,
1984/01/16,,,8.5,,9.275,,,,,,,
1984/01/17,,,6,,9.125,,,,,,,
1984/01/18,,,9.25,,9.35,,,,,,,
1984/01/19,,,13,,9.725,,,,,,,
1984/01/20,,,10,,9.725,,,,,,,
1984/01/23,,,7.75,,9.725,,,,,,,
1984/01/24,,,10.5,,10.075,,,,,,,
1984/01/25,,,11.25,,10.3,,,,,,,
1984/01/26,,,10.5,,10.35,,,,,,,
1984/01/27,,,9.5,,10.525,,,,,,,
1984/01/31,,,9.75,,10.8,,,,,,,
1984/02/01,,,11.75,,11.45,,,,,,,
1984/02/02,,,10.75,,11.6,,,,,,,
1984/02/03,,,10,,11.7,,,,,,,
1984/02/06,,,9.125,,11.75,,,,,,,
1984/02/07,,,7.25,,11.675,,,,,,,
1984/02/08,,,10,,11.75,,,,,,,
1984/02/09,,,10.875,,11.8,,,,,,,
1984/02/10,,,10,,11.75,,,,,,,
1984/02/13,,,8.875,,11.575,,,,,,,
1984/02/14,,,9,,11.525,,,,,,,
1984/02/15,,,6.5,,11.525,,,,,,,
1984/02/16,,,2,,11.7,,,,,,,
1984/02/17,,,7,,12.05,,,,,,,
1984/02/20,,,10.5,,12.45,,,,,,,
1984/02/21,,,9.5,,12.375,,,,,,,
1984/02/22,,,12.1,,12.575,,,,,,,
1984/02/23,,,12,,12.625,,,,,,,
1984/02/24,,,11.625,,12.575,,,,,,,
1984/02/27,,,11.875,,12.6,,,,,,,
1984/02/28,,,11.75,,12.8,,,,,,,
1984/02/29,,,12.875,,13,,,,,,,
1984/03/01,,,12.75,,13.05,,,,,,,
1984/03/02,,,11.25,,13,,,,,,,
1984/03/05,,,10.125,,12.875,,,,,,,
1984/03/06,,,11.25,,13.05,,,,,,,
1984/03/07,,,13.125,,13.525,,,,,,,
1984/03/08,,,12.875,,13.55,,,,,,,
1984/03/09,,,12.625,,13.85,,,,,,,
1984/03/12,,,12.5,,14.05,,,,,,,
1984/03/13,,,13.125,,14.175,,,,,,,
1984/03/14,,,15,,14.2,,,,,,,
1984/03/15,,,12,,14.125,,,,,,,
1984/03/16,,,10.5,,13.975,,,,,,,
1984/03/19,,,10,,14.1,,,,,,,
1984/03/20,,,12,,13.9,,,,,,,
1984/03/21,,,13.875,,14.1,,,,,,,
1984/03/22,,,12.875,,13.725,,,,,,,
1984/03/23,,,12.125,,13.75,,,,,,,
1984/03/26,,,12.875,,14.025,,,,,,,
1984/03/27,,,12.875,,14.1,,,,,,,
1984/03/28,,,14.25,,14.025,,,,,,,
1984/03/29,,,13.875,,13.9,,,,,,,
1984/03/30,,,14.25,,13.9,,,,,,,
1984/04/02,,,14.25,,13.9,,,,,,,
1984/04/03,,,15.125,,14.075,,,,,,,
1984/04/04,,,15.75,,14.1,,,,,,,
1984/04/05,,,14.5,,13.825,,,,,,,
1984/04/06,,,14.75,,13.525,,,,,,,
1984/04/09,,,14.5,,13.5,,,,,,,
1984/04/10,,,15,,13.5,,,,,,,
1984/04/11,,,16.75,,13.325,,,,,,,
1984/04/12,,,21.5,,13.425,,,,,,,
1984/04/13,,,19,,13.9,,,,,,,
1984/04/16,,,13.25,,13.9,,,,,,,
1984/04/17,,,13.25,,14.05,,,,,,,
1984/04/18,,,15.4,,14.225,,,,,,,
1984/04/19,,,14,,14.15,,,,,,,
1984/04/24,,,13.25,,14.075,,,,,,,
1984/04/26,,,14,,14.025,,,,,,,
1984/04/27,,,14.125,,14.025,,,,,,,
1984/04/30,,,14.25,,14.275,,,,,,,
1984/05/01,,,14.25,,14.7,,,,,,,
1984/05/02,,,15.125,,14.825,,,,,,,
1984/05/03,,,16.25,,14.65,,,,,,,
1984/05/04,,,14,,14.375,,,,,,,
1984/05/07,,,13.75,,14.025,,,,,,,
1984/05/08,,,14.25,,13.825,,,,,,,
1984/05/09,,,14.375,,13.85,,,,,,,
1984/05/10,,,15.5,,13.65,,,,,,,
1984/05/11,,,13.875,,13.4,,,,,,,
1984/05/14,,,14.5,,13.425,,,,,,,
1984/05/15,,,12.75,,13.45,,,,,,,
1984/05/16,,,11.5,,13.5,,,,,,,
1984/05/17,,,13.875,,13.625,,,,,,,
1984/05/18,,,13.75,,13.45,,,,,,,
1984/05/21,,,13.375,,13.35,,,,,,,
1984/05/22,,,13.75,,13.3,,,,,,,
1984/05/23,,,14.25,,13.425,,,,,,,
1984/05/24,,,14.625,,13.525,,,,,,,
1984/05/25,,,13.75,,13.625,,,,,,,
1984/05/28,,,13.875,,13.825,,,,,,,
1984/05/29,,,14,,13.65,,,,,,,
1984/05/30,,,14.875,,13.775,,,,,,,
1984/05/31,,,13.5,,13.625,,,,,,,
1984/06/01,,,13.25,,13.625,,,,,,,
1984/06/04,,,12,,13.3,,,,,,,
1984/06/05,,,10.875,,13.25,,,,,,,
1984/06/06,,,10.75,,13.15,,,,,,,
1984/06/07,,,11.625,,12.85,,,,,,,
1984/06/08,,,12.25,,12.85,,,,,,,
1984/06/11,,,14,,12.9,,,,,,,
1984/06/12,,,12.875,,12.85,,,,,,,
1984/06/13,,,14.5,,12.775,,,,,,,
1984/06/14,,,15,,12.575,,,,,,,
1984/06/15,,,11,,12.55,,,,,,,
1984/06/18,,,9,,12.525,,,,,,,
1984/06/19,,,8.375,,12.6,,,,,,,
1984/06/20,,,11.75,,12.7,,,,,,,
1984/06/21,,,11.875,,12.6,,,,,,,
1984/06/22,,,12.875,,12.625,,,,,,,
1984/06/25,,,13,,12.75,,,,,,,
1984/06/26,,,13.625,,12.85,,,,,,,
1984/06/27,,,14,,12.775,,,,,,,
1984/06/28,,,11.75,,12.5,,,,,,,
1984/06/29,,,14.625,,12.5,,,,,,,
1984/07/02,,,13.75,,12.275,,,,,,,
1984/07/03,,,11.25,,12.1,,,,,,,
1984/07/04,,,11.25,,12.225,,,,,,,
1984/07/05,,,9.5,,12.075,,,,,,,
1984/07/06,,,8.25,,12.05,,,,,,,
1984/07/09,,,9.25,,12.25,,,,,,,
1984/07/10,,,11,,12.25,,,,,,,
1984/07/11,,,12.25,,12.3,,,,,,,
1984/07/12,,,13.375,,12.45,,,,,,,
1984/07/13,,,13,,12.4,,,,,,,
1984/07/16,,,12.5,,12.25,,,,,,,
1984/07/17,,,12.75,,12.225,,,,,,,
1984/07/18,,,12.75,,12.25,,,,,,,
1984/07/19,,,13.625,,12.3,,,,,,,
1984/07/20,,,12.75,,12.325,,,,,,,
1984/07/23,,,12.75,,12.325,,,,,,,
1984/07/24,,,13,,12.45,,,,,,,
1984/07/25,,,14.375,,12.575,,,,,,,
1984/07/26,,,13.5,,12.475,,,,,,,
1984/07/27,,,12.75,,12.4,,,,,,,
1984/07/30,,,12.75,,12.375,,,,,,,
1984/07/31,,,11.875,,12.325,,,,,,,
1984/08/01,,,13.375,,12.4,,,,,,,
1984/08/02,,,11.125,,12.225,,,,,,,
1984/08/03,,,11,,12.125,,,,,,,
1984/08/06,,,9.5,,11.95,,,,,,,
1984/08/07,,,10,,12,,,,,,,
1984/08/08,,,10,,12.05,,,,,,,
1984/08/09,,,11,,12.05,,,,,,,
1984/08/10,,,11.5,,12,,,,,,,
1984/08/13,,,11.625,,11.95,,,,,,,
1984/08/14,,,10.375,,11.75,,,,,,,
1984/08/15,,,11.25,,11.675,,,,,,,
1984/08/16,,,10.75,,11.475,,,,,,,
1984/08/17,,,12.125,,11.575,,,,,,,
1984/08/20,,,13.5,,11.25,,,,,,,
1984/08/21,,,13.25,,11.125,,,,,,,
1984/08/22,,,14.375,,11.2,,,,,,,
1984/08/23,,,13,,11,,,,,,,
1984/08/24,,,11.875,,10.975,,,,,,,
1984/08/27,,,10.5,,11,,,,,,,
1984/08/28,,,9.5,,11,,,,,,,
1984/08/29,,,12,,11.125,,,,,,,
1984/08/30,,,13.125,,11.05,,,,,,,
1984/08/31,,,12.375,,10.9,,,,,,,
1984/09/03,,,12.875,,10.625,,,,,,,
1984/09/04,,,10.125,,10.375,,,,,,,
1984/09/05,,,10.375,,10.375,,,,,,,
1984/09/06,,,10,,10.375,,,,,,,
1984/09/07,,,10.125,,10.175,,,,,,,
1984/09/10,,,10.25,,10.175,,,,,,,
1984/09/11,,,10.875,,10.3,,,,,,,
1984/09/12,,,12.625,,10.275,,,,,,,
1984/09/13,,,13.875,,10.325,,,,,,,
1984/09/14,,,11.25,,10.225,,,,,,,
1984/09/17,,,9.25,,10.2,,,,,,,
1984/09/18,,,8.25,,10.25,,,,,,,
1984/09/19,,,9.375,,10.25,,,,,,,
1984/09/20,,,11.75,,10.4,,,,,,,
1984/09/21,,,12.125,,10.725,,,,,,,
1984/09/24,,,11.25,,10.7,,,,,,,
1984/09/25,,,10.625,,11,,,,,,,
1984/09/26,,,12,,11.35,,,,,,,
1984/09/27,,,12.25,,11.25,,,,,,,
1984/09/28,,,12.125,,11.2,,,,,,,
1984/10/01,,,12.5,,11.1,,,,,,,
1984/10/02,,,12.25,,11.05,,,,,,,
1984/10/03,,,11.75,,11.125,,,,,,,
1984/10/04,,,11.75,,11.225,,,,,,,
1984/10/05,,,9.625,,11.15,,,,,,,
1984/10/08,,,9.375,,11.2,,,,,,,
1984/10/09,,,10.875,,11.225,,,,,,,
1984/10/10,,,11.5,,11.25,,,,,,,
1984/10/11,,,12.375,,11.175,,,,,,,
1984/10/12,,,11.25,,11.075,,,,,,,
1984/10/15,,,10.125,,11.075,,,,,,,
1984/10/16,,,8.75,,11.125,,,,,,,
1984/10/17,,,9.75,,11.175,,,,,,,
1984/10/18,,,11.875,,11.275,,,,,,,
1984/10/19,,,10.375,,11.15,,,,,,,
1984/10/22,,,9.625,,11.225,,,,,,,
1984/10/23,,,10.75,,11.275,,,,,,,
1984/10/24,,,11.25,,11.2,,,,,,,
1984/10/25,,,13.25,,11.25,,,,,,,
1984/10/26,,,11.5,,11.125,,,,,,,
1984/10/29,,,11.375,,11.15,,,,,,,
1984/10/30,,,11.625,,11.175,,,,,,,
1984/10/31,,,12.75,,11.2,,,,,,,
1984/11/01,,,11.625,,11.175,,,,,,,
1984/11/02,,,10.25,,11.175,,,,,,,
1984/11/05,,,9.5,,11.125,,,,,,,
1984/11/06,,,6,,11.085,,,,,,,
1984/11/07,,,8.25,,11.075,,,,,,,
1984/11/08,,,10.25,,11.075,,,,,,,
1984/11/09,,,11.25,,11.075,,,,,,,
1984/11/12,,,12.125,,11.055,,,,,,,
1984/11/13,,,12.875,,11.02,,,,,,,
1984/11/14,,,14,,11.025,,,,,,,
1984/11/15,,,12.25,,11.05,,,,,,,
1984/11/16,,,12.125,,11.175,,,,,,,
1984/11/19,,,13.75,,11.35,,,,,,,
1984/11/20,,,13.5,,11.325,,,,,,,
1984/11/21,,,12.25,,11.275,,,,,,,
1984/11/22,,,13.375,,11.275,,,,,,,
1984/11/23,,,11.6,,11.28,,,,,,,
1984/11/26,,,12,,11.375,,,,,,,
1984/11/27,,,11.875,,11.6,,,,,,,
1984/11/28,,,11.625,,11.65,,,,,,,
1984/11/29,,,11.875,,11.75,,,,,,,
1984/11/30,,,11.125,,11.775,,,,,,,
1984/12/03,,,10.375,,11.925,,,,,,,
1984/12/04,,,9.125,,11.925,,,,,,,
1984/12/05,,,11.25,,12.15,,,,,,,
1984/12/06,,,12.75,,12.225,,,,,,,
1984/12/07,,,11.875,,12.1,,,,,,,
1984/12/10,,,11.375,,12,,,,,,,
1984/12/11,,,12.125,,12.1,,,,,,,
1984/12/12,,,13.375,,12.15,,,,,,,
1984/12/13,,,15,,12.225,,,,,,,
1984/12/14,,,11.625,,12.1,,,,,,,
1984/12/17,,,11.25,,12.125,,,,,,,
1984/12/18,,,12.25,,12.25,,,,,,,
1984/12/19,,,12.5,,12.35,,,,,,,
1984/12/20,,,13.5,,12.7,,,,,,,
1984/12/21,,,13.25,,12.975,,,,,,,
1984/12/24,,,11.5,,12.85,,,,,,,
1984/12/27,,,11.75,,12.975,,,,,,,
1984/12/28,,,11.25,,13,,,,,,,
1985/01/02,,,11.875,,13.25,,,,,,,
1985/01/03,,,11.125,,13.175,,,,,,,
1985/01/04,,,11,,13.15,,,,,,,
1985/01/07,,,10.875,,13.25,,,,,,,
1985/01/08,,,10.625,,13.275,,,,,,,
1985/01/09,,,11.625,,13.75,,,,,,,
1985/01/10,,,11.75,,13.6,,,,,,,
1985/01/11,,,11.25,,13.575,,,,,,,
1985/01/14,,,10.875,,13.375,,,,,,,
1985/01/15,,,10.125,,13.45,,,,,,,
1985/01/16,,,9.75,,13.225,,,,,,,
1985/01/17,,,10.25,,13.225,,,,,,,
1985/01/18,,,11.375,,13.125,,,,,,,
1985/01/21,,,11.375,,13.225,,,,,,,
1985/01/22,,,11.125,,13.325,,,,,,,
1985/01/23,,,11.25,,13.35,,,,,,,
1985/01/24,,,12.625,,13.4,,,,,,,
1985/01/25,,,12.125,,13.45,,,,,,,
1985/01/29,,,12.125,,13.55,,,,,,,
1985/01/30,,,11.625,,13.425,,,,,,,
1985/01/31,,,11.875,,13.175,,,,,,,
1985/02/01,,,11.625,,13.45,,,,,,,
1985/02/04,,,10,,13.3,,,,,,,
1985/02/05,,,6.75,,12.75,,,,,,,
1985/02/06,,,5.5,,12.65,,,,,,,
1985/02/07,,,7,,12.75,,,,,,,
1985/02/08,,,11.75,,13.1,,,,,,,
1985/02/11,,,12.75,,13.45,,,,,,,
1985/02/12,,,12.375,,13.825,,,,,,,
1985/02/13,,,13.25,,14.05,,,,,,,
1985/02/14,,,12.125,,13.975,,,,,,,
1985/02/15,,,11.25,,13.875,,,,,,,
1985/02/18,,,10.75,,13.8,,,,,,,
1985/02/19,,,10.875,,13.8,,,,,,,
1985/02/20,,,12.875,,14.025,,,,,,,
1985/02/21,,,13.625,,14.55,,,,,,,
1985/02/22,,,13.625,,14.425,,,,,,,
1985/02/25,,,14.25,,14.65,,,,,,,
1985/02/26,,,14.25,,14.7,,,,,,,
1985/02/27,,,14,,14.55,,,,,,,
1985/02/28,,,14.25,,14.475,,,,,,,
1985/03/01,,,13.5,,14.5,,,,,,,
1985/03/04,,,13.375,,14.5,,,,,,,
1985/03/05,,,13,,14.575,,,,,,,
1985/03/06,,,14.25,,14.8,,,,,,,
1985/03/07,,,15,,14.975,,,,,,,
1985/03/08,,,13.375,,15.375,,,,,,,
1985/03/11,,,14.25,,15.4,,,,,,,
1985/03/12,,,14.5,,15.45,,,,,,,
1985/03/13,,,15.25,,15.625,,,,,,,
1985/03/14,,,15,,15.45,,,,,,,
1985/03/15,,,13.25,,15.45,,,,,,,
1985/03/18,,,13.5,,15.525,,,,,,,
1985/03/19,,,13.5,,15.55,,,,,,,
1985/03/20,,,14.5,,15.65,,,,,,,
1985/03/21,,,14.5,,15.5,,,,,,,
1985/03/22,,,13.125,,15.5,,,,,,,
1985/03/25,,,13.5,,15.475,,,,,,,
1985/03/26,,,13.625,,15.425,,,,,,,
1985/03/27,,,14.125,,15.375,,,,,,,
1985/03/28,,,14.875,,15.4,,,,,,,
1985/03/29,,,13.375,,15.5,,,,,,,
1985/04/01,,,14.75,,15.575,,,,,,,
1985/04/02,,,15.5,,15.8,,,,,,,
1985/04/03,,,15.125,,15.875,,,,,,,
1985/04/04,,,14.5,,15.925,,,,,,,
1985/04/09,,,15.625,,15.9,,,,,,,
1985/04/10,,,16.25,,15.975,,,,,,,
1985/04/11,,,16.5,,15.825,,,,,,,
1985/04/12,,,15,,15.7,,,,,,,
1985/04/15,,,15,,15.7,,,,,,,
1985/04/16,,,15.25,,15.7,,,,,,,
1985/04/17,,,15.375,,15.7,,,,,,,
1985/04/18,,,15.375,,15.725,,,,,,,
1985/04/19,,,14.875,,15.75,,,,,,,
1985/04/22,,,15.5,,15.775,,,,,,,
1985/04/23,,,15.375,,15.775,,,,,,,
1985/04/24,,,15.625,,15.7,,,,,,,
1985/04/26,,,15.25,,15.725,,,,,,,
1985/04/29,,,15.75,,15.9,,,,,,,
1985/04/30,,,15.875,,16.025,,,,,,,
1985/05/01,,,16.625,,15.975,,,,,,,
1985/05/02,,,15.375,,15.9,,,,,,,
1985/05/03,,,15.25,,15.775,,,,,,,
1985/05/06,,,15.75,,15.775,,,,,,,
1985/05/07,,,15.625,,15.6,,,,,,,
1985/05/08,,,15.625,,15.425,,,,,,,
1985/05/09,,,16.375,,15.425,,,,,,,
1985/05/10,,,15.75,,15.4,,,,,,,
1985/05/13,,,16.625,,15.325,,,,,,,
1985/05/14,,,17,,15.375,,,,,,,
1985/05/15,,,16.5,,15.475,,,,,,,
1985/05/16,,,16,,15.525,,,,,,,
1985/05/17,,,15.625,,15.6,,,,,,,
1985/05/20,,,16,,15.5,,,,,,,
1985/05/21,,,16.5,,15.575,,,,,,,
1985/05/22,,,16.375,,15.525,,,,,,,
1985/05/23,,,16.625,,15.575,,,,,,,
1985/05/24,,,15.5,,15.55,,,,,,,
1985/05/27,,,15.375,,15.525,,,,,,,
1985/05/28,,,15.25,,15.425,,,,,,,
1985/05/29,,,15.5,,15.325,,,,,,,
1985/05/30,,,14.125,,15.25,,,,,,,
1985/05/31,,,14.875,,15.35,,,,,,,
1985/06/03,,,14.875,,15,,,,,,,
1985/06/04,,,14.625,,14.95,,,,,,,
1985/06/05,,,15.25,,15.025,,,,,,,
1985/06/06,,,16.75,,15.125,,,,,,,
1985/06/07,,,15.875,,15.125,,,,,,,
1985/06/10,,,16.5,,15.15,,,,,,,
1985/06/11,,,17.625,,15.275,,,,,,,
1985/06/12,,,32.5,,15.525,,,,,,,
1985/06/13,,,30,,15.65,,,,,,,
1985/06/14,,,32.5,,16.25,,,,,,,
1985/06/17,,,17,,15.55,,,,,,,
1985/06/18,,,16.75,,15.85,,,,,,,
1985/06/19,,,15.875,,16,,,,,,,
1985/06/20,,,15.5,,16.025,,,,,,,
1985/06/21,,,15.25,,16.1,,,,,,,
1985/06/24,,,16.5,,16.4,,,,,,,
1985/06/25,,,20,,17.05,,,,,,,
1985/06/26,,,17,,16.725,,,,,,,
1985/06/27,,,18.25,,16.275,,,,,,,
1985/06/28,,,19.75,,15.9,,,,,,,
1985/07/01,,,16.125,,15.45,,,,,,,
1985/07/02,,,14.5,,15.1,,,,,,,
1985/07/03,,,13.3,,15.125,,,,,,,
1985/07/04,,,12.75,,15.125,,,,,,,
1985/07/05,,,13.5,,15.05,,,,,,,
1985/07/08,,,13.625,,14.95,,,,,,,
1985/07/09,,,15.25,,15.1,,,,,,,
1985/07/10,,,16.25,,15.2,,,,,,,
1985/07/11,,,16.25,,15.1,,,,,,,
1985/07/12,,,15.75,,15.125,,,,,,,
1985/07/15,,,14.375,,15.025,,,,,,,
1985/07/16,,,15.625,,15.125,,,,,,,
1985/07/17,,,16.25,,15.2,,,,,,,
1985/07/18,,,17,,15.15,,,,,,,
1985/07/19,,,15.125,,15.1,,,,,,,
1985/07/22,,,16.625,,15.125,,,,,,,
1985/07/23,,,17.5,,15.125,,,,,,,
1985/07/24,,,17.375,,15,,,,,,,
1985/07/25,,,15.375,,14.95,,,,,,,
1985/07/26,,,15.875,,15.125,,,,,,,
1985/07/29,,,15.375,,15.275,,,,,,,
1985/07/30,,,15.5,,15.275,,,,,,,
1985/07/31,,,16.625,,15.325,,,,,,,
1985/08/01,,,16.75,,15.575,,,,,,,
1985/08/02,,,15.375,,15.825,,,,,,,
1985/08/05,,,14.375,,15.575,,,,,,,
1985/08/06,,,15.75,,15.875,,,,,,,
1985/08/07,,,15.75,,15.875,,,,,,,
1985/08/08,,,15.25,,15.925,,,,,,,
1985/08/09,,,15.25,,15.975,,,,,,,
1985/08/12,,,16.375,,15.975,,,,,,,
1985/08/13,,,16.375,,15.875,,,,,,,
1985/08/14,,,15.875,,15.875,,,,,,,
1985/08/15,,,16,,15.875,,,,,,,
1985/08/16,,,16.75,,16.225,,,,,,,
1985/08/19,,,19.25,,16.525,,,,,,,
1985/08/20,,,17,,16.35,,,,,,,
1985/08/21,,,17.25,,16.2,,,,,,,
1985/08/22,,,17.125,,16.475,,,,,,,
1985/08/23,,,15.875,,16.5,,,,,,,
1985/08/26,,,17.125,,16.55,,,,,,,
1985/08/27,,,17.5,,16.95,,,,,,,
1985/08/28,,,17.875,,17.075,,,,,,,
1985/08/29,,,18,,17.325,,,,,,,
1985/08/30,,,16.125,,17.05,,,,,,,
1985/09/02,,,15.875,,16.975,,,,,,,
1985/09/03,,,15.25,,17.1,,,,,,,
1985/09/04,,,16.25,,17.325,,,,,,,
1985/09/05,,,16.375,,17.1,,,,,,,
1985/09/06,,,15.25,,16.925,,,,,,,
1985/09/09,,,16.75,,17.075,,,,,,,
1985/09/10,,,17.75,,17.05,,,,,,,
1985/09/11,,,18.25,,16.925,,,,,,,
1985/09/12,,,17.25,,16.925,,,,,,,
1985/09/13,,,16,,16.9,,,,,,,
1985/09/16,,,16.625,,16.875,,,,,,,
1985/09/17,,,16.875,,16.925,,,,,,,
1985/09/18,,,17,,16.85,,,,,,,
1985/09/19,,,16.5,,16.625,,,,,,,
1985/09/20,,,15.75,,16.65,,,,,,,
1985/09/23,,,16.625,,16.575,,,,,,,
1985/09/24,,,16,,16.225,,,,,,,
1985/09/25,,,16.125,,16.325,,,,,,,
1985/09/26,,,16,,16.225,,,,,,,
1985/09/27,,,15.875,,16.3,,,,,,,
1985/09/30,,,16.25,,16.525,,,,,,,
1985/10/01,,,16,,16.575,,,,,,,
1985/10/02,,,15.5,,16.475,,,,,,,
1985/10/03,,,15.125,,16.425,,,,,,,
1985/10/04,,,16.125,,16.475,,,,,,,
1985/10/07,,,15.875,,16.45,,,,,,,
1985/10/08,,,16.125,,16.475,,,,,,,
1985/10/09,,,16.25,,16.425,,,,,,,
1985/10/10,,,16.125,,16.4,,,,,,,
1985/10/11,,,16.375,,16.25,,,,,,,
1985/10/14,,,16,,16.175,,,,,,,
1985/10/15,,,15.875,,16.2,,,,,,,
1985/10/16,,,16.125,,16.3,,,,,,,
1985/10/17,,,16,,16.275,,,,,,,
1985/10/18,,,16,,16.3,,,,,,,
1985/10/21,,,16.25,,16.3,,,,,,,
1985/10/22,,,16.375,,16.3,,,,,,,
1985/10/23,,,16.25,,16.3,,,,,,,
1985/10/24,,,16.125,,16.3,,,,,,,
1985/10/25,,,16.125,,16.3,,,,,,,
1985/10/28,,,16.25,,16.3,,,,,,,
1985/10/29,,,16.375,,16.375,,,,,,,
1985/10/30,,,16.375,,16.45,,,,,,,
1985/10/31,,,16.375,,16.525,,,,,,,
1985/11/01,,,16.5,,16.675,,,,,,,
1985/11/04,,,16.125,,16.775,,,,,,,
1985/11/05,,,16.125,,17.125,,,,,,,
1985/11/06,,,16.25,,17.3,,,,,,,
1985/11/07,,,16.75,,17.775,,,,,,,
1985/11/08,,,16.75,,17.4,,,,,,,
1985/11/11,,,17.75,,17.8,,,,,,,
1985/11/12,,,18.25,,18.275,,,,,,,
1985/11/13,,,18.25,,19.25,,,,,,,
1985/11/14,,,18.5,,18.775,,,,,,,
1985/11/15,,,17.25,,18.6,,,,,,,
1985/11/18,,,18.75,,18.65,,,,,,,
1985/11/19,,,19.25,,18.7,,,,,,,
1985/11/20,,,19,,18.4,,,,,,,
1985/11/21,,,20.75,,18.5,,,,,,,
1985/11/22,,,18.625,,18.575,,,,,,,
1985/11/25,,,19.375,,18.625,,,,,,,
1985/11/26,,,19.25,,18.675,,,,,,,
1985/11/27,,,19.25,,18.775,,,,,,,
1985/11/28,,,19,,18.7,,,,,,,
1985/11/29,,,18.75,,18.475,,,,,,,
1985/12/02,,,19.125,,18.5,,,,,,,
1985/12/03,,,19.125,,18.9,,,,,,,
1985/12/04,,,19.25,,19.1,,,,,,,
1985/12/05,,,19.25,,19.3,,,,,,,
1985/12/06,,,18.625,,19.35,,,,,,,
1985/12/09,,,19.375,,19.525,,,,,,,
1985/12/10,,,20.25,,19.8,,,,,,,
1985/12/11,,,21,,19.625,,,,,,,
1985/12/12,,,20,,19.325,,,,,,,
1985/12/13,,,19.5,,19.65,,,,,,,
1985/12/16,,,19.5,,19.825,,,,,,,
1985/12/17,,,20.25,,20.05,,,,,,,
1985/12/18,,,19.75,,20.5,,,,,,,
1985/12/19,,,19.5,,19.8,,,,,,,
1985/12/20,,,19.125,,19.725,,,,,,,
1985/12/23,,,19.625,,19.725,,,,,,,
1985/12/24,,,18.75,,19.725,,,,,,,
1985/12/27,,,18,,19.6,,,,,,,
1985/12/30,,,18.875,,19.65,,,,,,,
1985/12/31,,,19,,19.55,,,,,,,
1986/01/02,,,18.75,,19.525,,,,,,,
1986/01/03,,,18.5,,19.375,,,,,,,
1986/01/06,,,19,,19.4,,,,,,,
1986/01/07,,,18.875,,19.425,,,,,,,
1986/01/08,,,18.75,,19.35,,,,,,,
1986/01/09,,,19.125,,19.275,,,,,,,
1986/01/10,,,19.25,,19.1,,,,,,,
1986/01/13,,,19.25,,19.075,,,,,,,
1986/01/14,,,19.375,,19.075,,,,,,,
1986/01/15,,,19.25,,19.075,,,,,,,
1986/01/16,,,19.25,,18.875,,,,,,,
1986/01/17,,,19,,18.85,,,,,,,
1986/01/20,,,19,,18.875,,,,,,,
1986/01/21,,,19,,18.9,,,,,,,
1986/01/22,,,18.875,,18.975,,,,,,,
1986/01/23,,,18.75,,18.875,,,,,,,
1986/01/24,,,18.75,,18.775,,,,,,,
1986/01/28,,,18.75,,18.725,,,,,,,
1986/01/29,,,18.5,,18.625,,,,,,,
1986/01/30,,,18.25,,18.2,,,,,,,
1986/01/31,,,18.75,,18.075,,,,,,,
1986/02/03,,,18.5,,18.225,,,,,,,
1986/02/04,,,18.5,,18.375,,,,,,,
1986/02/05,,,18.625,,18.475,,,,,,,
1986/02/06,,,18.5,,18.45,,,,,,,
1986/02/07,,,18.625,,18.55,,,,,,,
1986/02/10,,,18.75,,18.725,,,,,,,
1986/02/11,,,19.5,,18.95,,,,,,,
1986/02/12,,,19.25,,18.875,,,,,,,
1986/02/13,,,19.125,,18.775,,,,,,,
1986/02/14,,,18.625,,18.65,,,,,,,
1986/02/17,,,18.5,,18.475,,,,,,,
1986/02/18,,,18.875,,18.4,,,,,,,
1986/02/19,,,19.375,,18.375,,,,,,,
1986/02/20,,,19,,18.35,,,,,,,
1986/02/21,,,18.375,,18.25,,,,,,,
1986/02/24,,,18.5,,18.15,,,,,,,
1986/02/25,,,18.25,,17.8,,,,,,,
1986/02/26,,,18.25,,17.6,,,,,,,
1986/02/27,,,17.5,,17.15,,,,,,,
1986/02/28,,,17,,17.225,,,,,,,
1986/03/03,,,17,,16.85,,,,,,,
1986/03/04,,,16.5,,16.4,,,,,,,
1986/03/05,,,17.625,,16.875,,,,,,,
1986/03/06,,,17.625,,16.875,,,,,,,
1986/03/07,,,17.125,,16.8,,,,,,,
1986/03/10,,,17.25,,16.6,,,,,,,
1986/03/11,,,17.875,,16.525,,,,,,,
1986/03/12,,,18.25,,16.375,,,,,,,
1986/03/13,,,17.5,,16.175,,,,,,,
1986/03/14,,,17.125,,16.25,,,,,,,
1986/03/17,,,17.875,,16.3,,,,,,,
1986/03/18,,,18,,16.575,,,,,,,
1986/03/19,,,17.375,,16.45,,,,,,,
1986/03/20,,,17.375,,16.275,,,,,,,
1986/03/21,,,16,,16.1,,,,,,,
1986/03/24,,,16.875,,16.225,,,,,,,
1986/03/25,,,17,,16.225,,,,,,,
1986/03/26,,,17.375,,16.15,,,,,,,
1986/03/27,,,16.75,,16.25,,,,,,,
1986/04/01,,,17,,15.925,,,,,,,
1986/04/02,,,17,,15.7,,,,,,,
1986/04/03,,,17,,15.7,,,,,,,
1986/04/04,,,16.375,,15.675,,,,,,,
1986/04/07,,,17.375,,15.7,,,,,,,
1986/04/08,,,17.75,,15.7,,,,,,,
1986/04/09,,,18,,15.125,,,,,,,
1986/04/10,,,18.75,,15.15,,,,,,,
1986/04/11,,,18.5,,15.575,,,,,,,
1986/04/14,,,18.875,,15.825,,,,,,,
1986/04/15,,,18.375,,16.15,,,,,,,
1986/04/16,,,16.625,,15.625,,,,,,,
1986/04/17,,,16.125,,15.4,,,,,,,
1986/04/18,,,16.5,,15.55,,,,,,,
1986/04/21,,,17,,15.625,,,,,,,
1986/04/22,,,16.875,,15.925,,,,,,,
1986/04/23,,,18.25,,16.225,,,,,,,
1986/04/24,,,16.125,,16.275,,,,,,,
1986/04/28,,,16.625,,16.275,,,,,,,
1986/04/29,,,15.625,,15.95,,,,,,,
1986/04/30,,,15.375,,15.975,,,,,,,
1986/05/01,,,14.5,,15.45,,,,,,,
1986/05/02,,,14.25,,15.45,,,,,,,
1986/05/05,,,16.875,,15.4,,,,,,,
1986/05/06,,,16.125,,15.175,,,,,,,
1986/05/07,,,15.375,,14.95,,,,,,,
1986/05/08,,,15.5,,14.65,,,,,,,
1986/05/09,,,15.375,,14.525,,,,,,,
1986/05/12,,,15.75,,14.025,,,,,,,
1986/05/13,,,15.625,,14.025,,,,,,,
1986/05/14,,,14.625,,14.475,,,,,,,
1986/05/15,,,13.875,,14.25,,,,,,,
1986/05/16,,,14.375,,14.35,,,,,,,
1986/05/19,,,14.625,,14.6,,,,,,,
1986/05/20,,,14.875,,14.775,,,,,,,
1986/05/21,,,15.125,,14.65,,,,,,,
1986/05/22,,,16.375,,14.9,,,,,,,
1986/05/23,,,15.5,,14.9,,,,,,,
1986/05/26,,,15.25,,15.075,,,,,,,
1986/05/27,,,14.625,,14.9,,,,,,,
1986/05/28,,,14.5,,14.475,,,,,,,
1986/05/29,,,14.5,,14.525,,,,,,,
1986/05/30,,,14.75,,14.525,,,,,,,
1986/06/02,,,14.75,,14.375,,,,,,,
1986/06/03,,,13.875,,14.325,,,,,,,
1986/06/04,,,14.125,,14.35,,,,,,,
1986/06/05,,,15.125,,14.375,,,,,,,
1986/06/06,,,15.25,,14.525,,,,,,,
1986/06/09,,,15.25,,14.6,,,,,,,
1986/06/10,,,15.375,,14.625,,,,,,,
1986/06/11,,,16.875,,14.825,,,,,,,
1986/06/12,,,18.5,,14.975,,,,,,,
1986/06/13,,,15.875,,14.9,,,,,,,
1986/06/16,,,16,,14.6,,,,,,,
1986/06/17,,,14.875,,14.575,,,,,,,
1986/06/18,,,14.875,,14.725,,,,,,,
1986/06/19,,,14.75,,14.725,,,,,,,
1986/06/20,,,14.625,,14.825,,,,,,,
1986/06/23,,,14.75,,14.85,,,,,,,
1986/06/24,,,14.125,,14.675,,,,,,,
1986/06/25,,,14.625,,14.8,,,,,,,
1986/06/26,,,15.5,,14.825,,,,,,,
1986/06/27,,,16,,15.025,,,,,,,
1986/06/30,,,19,,14.8,,,,,,,
1986/07/01,,,15.875,,14.625,,,,,,,
1986/07/02,,,13.875,,14.65,,,,,,,
1986/07/03,,,14.5,,15,,,,,,,
1986/07/04,,,14.5,,14.75,,,,,,,
1986/07/07,,,14,,14.625,,,,,,,
1986/07/08,,,15.25,,14.875,,,,,,,
1986/07/09,,,15.875,,14.925,,,,,,,
1986/07/10,,,15.875,,14.875,,,,,,,
1986/07/11,,,16,,15.1,,,,,,,
1986/07/14,,,14.625,,14.75,,,,,,,
1986/07/15,,,14.25,,14.625,,,,,,,
1986/07/16,,,14.125,,14.675,,,,,,,
1986/07/17,,,14.75,,14.7,,,,,,,
1986/07/18,,,14.125,,14.7,,,,,,,
1986/07/21,,,14,,14.625,,,,,,,
1986/07/22,,,13.625,,14.5,,,,,,,
1986/07/23,,,14.125,,14.525,,,,,,,
1986/07/24,,,14.625,,14.575,,,,,,,
1986/07/25,,,14.25,,14.85,,,,,,,
1986/07/28,,,14.875,,15.3,,,,,,,
1986/07/29,,,14.625,,15.375,,,,,,,
1986/07/30,,,15.375,,15.4,,,,,,,
1986/07/31,,,15.25,,15.45,,,,,,,
1986/08/01,,,16.25,,17.1,,,,,,,
1986/08/04,,,15.5,,17.05,,,,,,,
1986/08/05,,,16.875,,17.75,,,,,,,
1986/08/06,,,17.625,,17.25,,,,,,,
1986/08/07,,,18.375,,17.35,,,,,,,
1986/08/08,,,17,,17.425,,,,,,,
1986/08/11,,,18.25,,17.3,,,,,,,
1986/08/12,,,17.25,,17.25,,,,,,,
1986/08/13,,,17,,17.05,,,,,,,
1986/08/14,,,18,,17,,,,,,,
1986/08/15,,,17.25,,16.7,,,,,,,
1986/08/18,,,18.625,,16.85,,,,,,,
1986/08/19,,,18.75,,16.725,,,,,,,
1986/08/20,,,18.625,,16.9,,,,,,,
1986/08/21,,,19.125,,17.35,,,,,,,
1986/08/22,,,17.375,,17.4,,,,,,,
1986/08/25,,,18.25,,17.65,,,,,,,
1986/08/26,,,18.125,,17.775,,,,,,,
1986/08/27,,,18.625,,18.225,,,,,,,
1986/08/28,,,18.375,,18.35,,,,,,,
1986/08/29,,,18.125,,18.4,,,,,,,
1986/09/01,,,18.375,,18.375,,,,,,,
1986/09/02,,,18.25,,18.85,,,,,,,
1986/09/03,,,17.75,,18.6,,,,,,,
1986/09/04,,,17.75,,18.25,,,,,,,
1986/09/05,,,17.5,,18.05,,,,,,,
1986/09/08,,,17.625,,18.55,,,,,,,
1986/09/09,,,18,,18.55,,,,,,,
1986/09/10,,,18.625,,18.575,,,,,,,
1986/09/11,,,18,,18.55,,,,,,,
1986/09/12,,,17.625,,17.95,,,,,,,
1986/09/15,,,17.625,,17.8,,,,,,,
1986/09/16,,,17.625,,17.775,,,,,,,
1986/09/17,,,17.5,,17.8,,,,,,,
1986/09/18,,,17.375,,17.825,,,,,,,
1986/09/19,,,17.5,,17.85,,,,,,,
1986/09/22,,,17.425,,17.925,,,,,,,
1986/09/23,,,17.375,,17.8,,,,,,,
1986/09/24,,,17.5,,17.8,,,,,,,
1986/09/25,,,17.375,,17.7,,,,,,,
1986/09/26,,,17.55,,17.725,,,,,,,
1986/09/29,,,17.375,,17.725,,,,,,,
1986/09/30,,,17.625,,17.825,,,,,,,
1986/10/01,,,17.575,,17.7,,,,,,,
1986/10/02,,,17.25,,17.55,,,,,,,
1986/10/03,,,17.25,,17.4,,,,,,,
1986/10/06,,,17,,17.25,,,,,,,
1986/10/07,,,17,,17.275,,,,,,,
1986/10/08,,,17.125,,17,,,,,,,
1986/10/09,,,17.25,,17.1,,,,,,,
1986/10/10,,,17,,16.9,,,,,,,
1986/10/13,,,17,,17.05,,,,,,,
1986/10/14,,,16.875,,16.875,,,,,,,
1986/10/15,,,16.875,,16.725,,,,,,,
1986/10/16,,,16.625,,16.775,,,,,,,
1986/10/17,,,16.5,,16.8,,,,,,,
1986/10/20,,,16.5,,16.8,,,,,,,
1986/10/21,,,16,,16.625,,,,,,,
1986/10/22,,,16,,16.45,,,,,,,
1986/10/23,,,16.1,,16.425,,,,,,,
1986/10/24,,,16.1,,16.4,,,,,,,
1986/10/27,,,16.1,,16.45,,,,,,,
1986/10/28,,,16.25,,16.5,,,,,,,
1986/10/29,,,16.275,,16.425,,,,,,,
1986/10/30,,,16.125,,16.225,,,,,,,
1986/10/31,,,16,,16.2,,,,,,,
1986/11/03,,,16.2,,16.05,,,,,,,
1986/11/04,,,16.15,,16,,,,,,,
1986/11/05,,,16,,15.75,,,,,,,
1986/11/06,,,16.075,,15.7,,,,,,,
1986/11/07,,,16.075,,15.8,,,,,,,
1986/11/10,,,16.5,,15.925,,,,,,,
1986/11/11,,,16.875,,15.95,,,,,,,
1986/11/12,,,16.5,,15.825,,,,,,,
1986/11/13,,,16.5,,15.8,,,,,,,
1986/11/14,,,16.375,,15.9,,,,,,,
1986/11/17,,,16.5,,16,,,,,,,
1986/11/18,,,17.125,,16.175,,,,,,,
1986/11/19,,,16.775,,16.025,,,,,,,
1986/11/20,,,16.5,,15.95,,,,,,,
1986/11/21,,,16.3,,15.925,,,,,,,
1986/11/24,,,16.175,,15.9,,,,,,,
1986/11/25,,,16.25,,15.85,,,,,,,
1986/11/26,,,16.15,,15.825,,,,,,,
1986/11/27,,,16,,15.725,,,,,,,
1986/11/28,,,16,,15.85,,,,,,,
1986/12/01,,,15.9,,15.8,,,,,,,
1986/12/02,,,15.875,,15.825,,,,,,,
1986/12/03,,,15.9,,15.85,,,,,,,
1986/12/04,,,15.925,,15.925,,,,,,,
1986/12/05,,,15.95,,15.95,,,,,,,
1986/12/08,,,16,,16.025,,,,,,,
1986/12/09,,,16.25,,16.025,,,,,,,
1986/12/10,,,16.35,,15.985,,,,,,,
1986/12/11,,,16.225,,15.825,,,,,,,
1986/12/12,,,16,,15.8,,,,,,,
1986/12/15,,,15.875,,15.75,,,,,,,
1986/12/16,,,15.725,,15.6,,,,,,,
1986/12/17,,,15.1,,15.3,,,,,,,
1986/12/18,,,15.225,,15.275,,,,,,,
1986/12/19,,,14.875,,15.15,,,,,,,
1986/12/22,,,15,,15.15,,,,,,,
1986/12/23,,,14.65,,14.925,,,,,,,
1986/12/24,,,14.65,,14.95,,,,,,,
1986/12/29,,,14.6,,14.95,,,,,,,
1986/12/30,,,14.7,,14.975,,,,,,,
1986/12/31,,,14.75,,15,,,,,,,
1987/01/02,,,14.725,,14.85,,,,,,,
1987/01/05,,,14.7,,14.7,,,,,,,
1987/01/06,,,14.775,,14.725,,,,,,,
1987/01/07,,,14.95,,14.85,,,,,,,
1987/01/08,,,15.45,,14.95,,,,,,,
1987/01/09,,,15.875,,15,,,,,,,
1987/01/12,,,15.75,,14.95,,,,,,,
1987/01/13,,,15.625,,15.05,,,,,,,
1987/01/14,,,16.75,,15.7,,,,,,,
1987/01/15,,,23,,17.325,,,,,,,
1987/01/16,,,17.625,,16.25,,,,,,,
1987/01/19,,,17.75,,16.825,,,,,,,
1987/01/20,,,18,,16.75,,,,,,,
1987/01/21,,,17,,16.2,,,,,,,
1987/01/22,,,16.75,,16.2,,,,,,,
1987/01/23,,,16.5,,16.25,,,,,,,
1987/01/27,,,16.8,,16.5,,,,,,,
1987/01/28,,,16.825,,16.7,,,,,,,
1987/01/29,,,16.85,,16.65,,,,,,,
1987/01/30,,,16.7,,16.825,,,,,,,
1987/02/02,,,16.75,,16.975,,,,,,,
1987/02/03,,,16.85,,17.025,,,,,,,
1987/02/04,,,16.825,,16.75,,,,,,,
1987/02/05,,,16.575,,16.7,,,,,,,
1987/02/06,,,16.375,,16.85,,,,,,,
1987/02/09,,,16.8,,16.725,,,,,,,
1987/02/10,,,16.85,,16.8,,,,,,,
1987/02/11,,,16.35,,16.7,,,,,,,
1987/02/12,,,16.125,,16.575,,,,,,,
1987/02/13,,,15.85,,16.4,,,,,,,
1987/02/16,,,16.15,,16.65,,,,,,,
1987/02/17,,,16.75,,16.925,,,,,,,
1987/02/18,,,16.8,,16.875,,,,,,,
1987/02/19,,,16.3,,16.6,,,,,,,
1987/02/20,,,16.25,,16.7,,,,,,,
1987/02/23,,,16.225,,16.65,,,,,,,
1987/02/24,,,16.1,,16.575,,,,,,,
1987/02/25,,,16.05,,16.45,,,,,,,
1987/02/26,,,16.225,,16.5,,,,,,,
1987/02/27,,,16.425,,16.575,,,,,,,
1987/03/02,,,16.375,,16.425,,,,,,,
1987/03/03,,,16.325,,16.475,,,,,,,
1987/03/04,,,16.375,,16.475,,,,,,,
1987/03/05,,,16.3,,16.625,,,,,,,
1987/03/06,,,16.25,,16.75,,,,,,,
1987/03/09,,,16.375,,16.75,,,,,,,
1987/03/10,,,16.875,,16.725,,,,,,,
1987/03/11,,,16.5,,16.475,,,,,,,
1987/03/12,,,16.25,,16.425,,,,,,,
1987/03/13,,,16.05,,16.45,,,,,,,
1987/03/16,,,16.375,,16.6,,,,,,,
1987/03/17,,,16.275,,16.4,,,,,,,
1987/03/18,,,16.15,,16.275,,,,,,,
1987/03/19,,,16.075,,16.2,,,,,,,
1987/03/20,,,16.1,,16.3,,,,,,,
1987/03/23,,,16.25,,16.325,,,,,,,
1987/03/24,,,16.325,,16.25,,,,,,,
1987/03/25,,,16.075,,16.25,,,,,,,
1987/03/26,,,15.95,,16.175,,,,,,,
1987/03/27,,,15.85,,16.225,,,,,,,
1987/03/30,,,15.925,,16.3,,,,,,,
1987/03/31,,,15.95,,16.25,,,,,,,
1987/04/01,,,15.8,,16,,,,,,,
1987/04/02,,,15,,15.775,,,,,,,
1987/04/03,,,14.75,,15.5,,,,,,,
1987/04/06,,,15.125,,15.45,,,,,,,
1987/04/07,,,15.5,,15.6,,,,,,,
1987/04/08,,,15.25,,15.4,,,,,,,
1987/04/09,,,15.625,,15.4,,,,,,,
1987/04/10,,,15.25,,15.35,,,,,,,
1987/04/13,,,15.125,,15.4,,,,,,,
1987/04/14,,,15.1,,15.35,,,,,,,
1987/04/15,,,14.875,,15.125,,,,,,,
1987/04/16,,,14.6,,14.85,,,,,,,
1987/04/21,,,14.5,,14.725,,,,,,,
1987/04/22,,,14.35,,14.625,,,,,,,
1987/04/23,,,14.325,,14.5,,,,,,,
1987/04/24,,,14.05,,14.4,,,,,,,
1987/04/27,,,14.15,,14.45,,,,,,,
1987/04/28,,,14.275,,14.55,,,,,,,
1987/04/29,,,14.15,,14.55,,,,,,,
1987/04/30,,,14.2,,14.625,,,,,,,
1987/05/01,,,14.25,,14.65,,,,,,,
1987/05/04,,,14.5,,14.625,,,,,,,
1987/05/05,,,15.125,,14.6,,,,,,,
1987/05/06,,,15.875,,14.6,,,,,,,
1987/05/07,,,14.875,,14.5,,,,,,,
1987/05/08,,,14.975,,14.55,,,,,,,
1987/05/11,,,16,,14.75,,,,,,,
1987/05/12,,,14.825,,14.35,,,,,,,
1987/05/13,,,14.4,,14.25,,,,,,,
1987/05/14,,,14.2,,13.975,,,,,,,
1987/05/15,,,13.25,,13.65,,,,,,,
1987/05/18,,,13.75,,13.775,,,,,,,
1987/05/19,,,14.25,,13.9,,,,,,,
1987/05/20,,,13.75,,13.85,,,,,,,
1987/05/21,,,14.125,,13.925,,,,,,,
1987/05/22,,,13.5,,13.75,,,,,,,
1987/05/25,,,13.5,,13.65,,,,,,,
1987/05/26,,,13.5,,13.725,,,,,,,
1987/05/27,,,14,,13.85,,,,,,,
1987/05/28,,,13.5,,14,,,,,,,
1987/05/29,,,13.375,,13.925,,,,,,,
1987/06/01,,,13.7,,14.025,,,,,,,
1987/06/02,,,13.7,,14,,,,,,,
1987/06/03,,,13.6,,14.1,,,,,,,
1987/06/04,,,13.5,,13.875,,,,,,,
1987/06/05,,,13.725,,14.025,,,,,,,
1987/06/09,,,14.775,,14.075,,,,,,,
1987/06/10,,,14.375,,13.875,,,,,,,
1987/06/11,,,13.55,,13.85,,,,,,,
1987/06/12,,,13.125,,13.85,,,,,,,
1987/06/15,,,13.125,,13.8,,,,,,,
1987/06/16,,,13.125,,13.7,,,,,,,
1987/06/17,,,12.7,,13.425,,,,,,,
1987/06/18,,,12.875,,13.4,,,,,,,
1987/06/19,,,12.375,,13.35,,,,,,,
1987/06/22,,,12.375,,13.3,,,,,,,
1987/06/23,,,12.25,,13.4,,,,,,,
1987/06/24,,,12,,13.325,,,,,,,
1987/06/25,,,12.375,,13.4,,,,,,,
1987/06/26,,,12.625,,13.45,,,,,,,
1987/06/29,,,12.75,,13.5,,,,,,,
1987/06/30,,,14.25,,13.45,,,,,,,
1987/07/01,,,12.75,,13.375,,,,,,,
1987/07/02,,,12.425,,13.25,,,,,,,
1987/07/03,,,12,,13.2,,,,,,,
1987/07/06,,,12.225,,13.15,,,,,,,
1987/07/07,,,12.25,,13.3,,,,,,,
1987/07/08,,,12.625,,13.6,,,,,,,
1987/07/09,,,13.6,,13.55,,,,,,,
1987/07/10,,,14.125,,13.65,,,,,,,
1987/07/13,,,12.625,,13.275,,,,,,,
1987/07/14,,,12.875,,13.425,,,,,,,
1987/07/15,,,12.125,,13.2,,,,,,,
1987/07/16,,,12,,12.925,,,,,,,
1987/07/17,,,12.25,,12.925,,,,,,,
1987/07/20,,,12.425,,12.975,,,,,,,
1987/07/21,,,12.6,,12.8,,,,,,,
1987/07/22,,,12.175,,12.6,,,,,,,
1987/07/23,,,12.05,,12.475,,,,,,,
1987/07/24,,,11.925,,12.375,,,,,,,
1987/07/27,,,11.95,,12.3,,,,,,,
1987/07/28,,,11.85,,12.45,,,,,,,
1987/07/29,,,12.05,,12.5,,,,,,,
1987/07/30,,,12.425,,12.725,,,,,,,
1987/07/31,,,12.5,,12.8,,,,,,,
1987/08/03,,,12.65,,12.95,,,,,,,
1987/08/04,,,12.5,,12.925,,,,,,,
1987/08/05,,,12.2,,13,,,,,,,
1987/08/06,,,12,,12.825,,,,,,,
1987/08/07,,,12,,12.775,,,,,,,
1987/08/10,,,12.35,,12.875,,,,,,,
1987/08/11,,,12.55,,12.65,,,,,,,
1987/08/12,,,12.025,,12.325,,,,,,,
1987/08/13,,,12,,12.35,,,,,,,
1987/08/14,,,11.6,,12.15,,,,,,,
1987/08/17,,,11.775,,12.175,,,,,,,
1987/08/18,,,12.65,,12.35,,,,,,,
1987/08/19,,,12.3,,12.35,,,,,,,
1987/08/20,,,12.2,,12.625,,,,,,,
1987/08/21,,,12.225,,12.55,,,,,,,
1987/08/24,,,12.125,,12.4,,,,,,,
1987/08/25,,,12.05,,12.425,,,,,,,
1987/08/26,,,12,,12.425,,,,,,,
1987/08/27,,,12.175,,12.45,,,,,,,
1987/08/28,,,12,,12.425,,,,,,,
1987/08/31,,,12.05,,12.425,,,,,,,
1987/09/01,,,12.05,,12.3,,,,,,,
1987/09/02,,,11.9,,12.2,,,,,,,
1987/09/03,,,11.8,,12.1,,,,,,,
1987/09/04,,,11.75,,12.15,,,,,,,
1987/09/07,,,11.95,,12.175,,,,,,,
1987/09/08,,,12.1,,12.15,,,,,,,
1987/09/09,,,12.375,,12.1,,,,,,,
1987/09/10,,,12,,11.95,,,,,,,
1987/09/11,,,11.95,,11.95,,,,,,,
1987/09/14,,,11.975,,11.85,,,,,,,
1987/09/15,,,12.175,,11.925,,,,,,,
1987/09/16,,,12.2,,11.475,,,,,,,
1987/09/17,,,12.575,,11.475,,,,,,,
1987/09/18,,,11.5,,11.325,,,,,,,
1987/09/21,,,11.5,,11.45,,,,,,,
1987/09/22,,,11.55,,11.4,,,,,,,
1987/09/23,,,11.425,,11.425,,,,,,,
1987/09/24,,,11.7,,11.35,,,,,,,
1987/09/25,,,11.1,,11.125,,,,,,,
1987/09/28,,,11.175,,11.175,,,,,,,
1987/09/29,,,11.275,,11.175,,,,,,,
1987/09/30,,,11.625,,11.275,,,,,,,
1987/10/01,,,11.4,,11.425,,,,,,,
1987/10/02,,,11.175,,11.4,,,,,,,
1987/10/05,,,11.05,,11.4,,,,,,,
1987/10/06,,,10.975,,11.3,,,,,,,
1987/10/07,,,11.175,,11.4,,,,,,,
1987/10/08,,,11.275,,11.325,,,,,,,
1987/10/09,,,11.4,,11.375,,,,,,,
1987/10/12,,,11.225,,11.35,,,,,,,
1987/10/13,,,11.15,,11.45,,,,,,,
1987/10/14,,,10.975,,11.425,,,,,,,
1987/10/15,,,11.225,,11.575,,,,,,,
1987/10/16,,,11.125,,11.8,,,,,,,
1987/10/19,,,11.05,,11.925,,,,,,,
1987/10/20,,,12.625,,13.3,,,,,,,
1987/10/21,,,12.25,,12.925,,,,,,,
1987/10/22,,,11.625,,12.45,,,,,,,
1987/10/23,,,11.475,,12.55,,,,,,,
1987/10/26,,,10.75,,11.725,,,,,,,
1987/10/27,,,8.5,,11.725,,,,,,,
1987/10/28,,,10.75,,12.3,,,,,,,
1987/10/29,,,13.25,,14.15,,,,,,,
1987/10/30,,,12.25,,13.45,,,,,,,
1987/11/02,,,12.25,,12.875,,,,,,,
1987/11/03,,,11.875,,12.95,,,,,,,
1987/11/04,,,11.625,,13.05,,,,,,,
1987/11/05,,,11.75,,12.75,,,,,,,
1987/11/06,,,11.75,,12.775,,,,,,,
1987/11/09,,,12.375,,12.95,,,,,,,
1987/11/10,,,12.63,,13,,,,,,,
1987/11/11,,,12.375,,12.925,,,,,,,
1987/11/12,,,11.375,,12.725,,,,,,,
1987/11/13,,,11.125,,12.55,,,,,,,
1987/11/16,,,11.375,,12.625,,,,,,,
1987/11/17,,,12.3,,12.175,,,,,,,
1987/11/18,,,11.25,,11.925,,,,,,,
1987/11/19,,,11.25,,11.875,,,,,,,
1987/11/20,,,11.375,,11.95,,,,,,,
1987/11/23,,,11.475,,12.175,,,,,,,
1987/11/24,,,11.525,,12.125,,,,,,,
1987/11/25,,,11.25,,11.925,,,,,,,
1987/11/26,,,11.3,,11.975,,,,,,,
1987/11/27,,,11.55,,12,,,,,,,
1987/11/30,,,11.75,,12.1,,,,,,,
1987/12/01,,,12.125,,12.25,,,,,,,
1987/12/02,,,11.625,,11.825,,,,,,,
1987/12/03,,,11.175,,11.75,,,,,,,
1987/12/04,,,10.875,,11.775,,,,,,,
1987/12/07,,,11.875,,11.675,,,,,,,
1987/12/08,,,12.35,,11.575,,,,,,,
1987/12/09,,,11.5,,11.35,,,,,,,
1987/12/10,,,11.65,,11.3,,,,,,,
1987/12/11,,,11.875,,11.55,,,,,,,
1987/12/14,,,11.675,,11.5,,,,,,,
1987/12/15,,,11.75,,11.375,,,,,,,
1987/12/16,,,11.125,,11.4,,,,,,,
1987/12/17,,,10.25,,11.125,,,,,,,
1987/12/18,,,10.25,,11.2,,,,,,,
1987/12/21,,,10.8,,11.225,,,,,,,
1987/12/22,,,11.875,,11.325,,,,,,,
1987/12/23,,,10.5,,11.15,,,,,,,
1987/12/24,,,10.825,,11.2,,,,,,,
1987/12/29,,,10.875,,11.325,,,,,,,
1987/12/30,,,11.125,,11.325,,,,,,,
1987/12/31,,,11.25,,11.425,,,,,,,
1988/01/04,,,10.925,,11.5,,,,,,,
1988/01/05,,,10.5,,11.45,,,,,,,
1988/01/06,,,10.2,,11.4,,,,,,,
1988/01/07,,,10.175,,11.275,,,,,,,
1988/01/08,,,10.625,,11.25,,,,,,,
1988/01/11,,,11.175,,11.5,,,,,,,
1988/01/12,,,10.875,,11.325,,,,,,,
1988/01/13,,,10.25,,11,,,,,,,
1988/01/14,,,10.5,,11.05,,,,,,,
1988/01/15,,,10.425,,11,,,,,,,
1988/01/18,,,10.625,,10.9,,,,,,,
1988/01/19,,,10.625,,10.775,,,,,,,
1988/01/20,,,10.3,,10.75,,,,,,,
1988/01/21,,,10.8,,10.75,,,,,,,
1988/01/22,,,10.425,,10.7,,,,,,,
1988/01/25,,,10.75,,10.725,,,,,,,
1988/01/27,,,10.925,,10.875,,,,,,,
1988/01/28,,,10.95,,10.95,,,,,,,
1988/01/29,,,10.7,,10.825,,,,,,,
1988/02/01,,,10.675,,11.05,,,,,,,
1988/02/02,,,10.55,,10.975,,,,,,,
1988/02/03,,,10.5,,11.075,,,,,,,
1988/02/04,,,10.35,,11.175,,,,,,,
1988/02/05,,,10.25,,11.075,,,,,,,
1988/02/08,,,10.65,,11.05,,,,,,,
1988/02/09,,,10.25,,10.925,,,,,,,
1988/02/10,,,10.25,,10.925,,,,,,,
1988/02/11,,,10.675,,10.9,,,,,,,
1988/02/12,,,10.65,,10.975,,,,,,,
1988/02/15,,,10.75,,11,,,,,,,
1988/02/16,,,11.325,,10.875,,,,,,,
1988/02/17,,,11,,10.85,,,,,,,
1988/02/18,,,10.925,,10.8,,,,,,,
1988/02/19,,,10.75,,10.8,,,,,,,
1988/02/22,,,10.625,,10.85,,,,,,,
1988/02/23,,,10.625,,10.875,,,,,,,
1988/02/24,,,10.725,,10.95,,,,,,,
1988/02/25,,,10.925,,11.025,,,,,,,
1988/02/26,,,10.7,,10.925,,,,,,,
1988/02/29,,,10.725,,10.9,,,,,,,
1988/03/01,,,10.5,,10.85,,,,,,,
1988/03/02,,,10.5,,10.85,,,,,,,
1988/03/03,,,10.35,,10.85,,,,,,,
1988/03/04,,,10.175,,10.8,,,,,,,
1988/03/07,,,10.6,,10.825,,,,,,,
1988/03/08,,,11,,10.8,,,,,,,
1988/03/09,,,11.125,,10.725,,,,,,,
1988/03/10,,,11.125,,10.725,,,,,,,
1988/03/11,,,11.575,,10.8,,,,,,,
1988/03/14,,,11,,10.75,,,,,,,
1988/03/15,,,10.925,,10.775,,,,,,,
1988/03/16,,,11,,10.875,,,,,,,
1988/03/17,,,11,,10.875,,,,,,,
1988/03/18,,,10.5,,10.825,,,,,,,
1988/03/21,,,10.475,,10.85,,,,,,,
1988/03/22,,,10.5,,10.85,,,,,,,
1988/03/23,,,10.8,,10.95,,,,,,,
1988/03/24,,,11.75,,11.125,,,,,,,
1988/03/25,,,10.95,,11.05,,,,,,,
1988/03/28,,,11.075,,11.375,,,,,,,
1988/03/29,,,11.45,,11.55,,,,,,,
1988/03/30,,,10.875,,11.4,,,,,,,
1988/03/31,,,10.7,,11.45,,,,,,,
1988/04/05,,,10.925,,11.575,,,,,,,
1988/04/06,,,11,,11.625,,,,,,,
1988/04/07,,,10.95,,11.55,,,,,,,
1988/04/08,,,10.925,,11.475,,,,,,,
1988/04/11,,,11.075,,11.275,,,,,,,
1988/04/12,,,11,,11.175,,,,,,,
1988/04/13,,,10.625,,10.925,,,,,,,
1988/04/14,,,11,,10.975,,,,,,,
1988/04/15,,,10.55,,11.075,,,,,,,
1988/04/18,,,11.1,,11.175,,,,,,,
1988/04/19,,,12.5,,11.4,,,,,,,
1988/04/20,,,11.875,,11.525,,,,,,,
1988/04/21,,,13.075,,11.675,,,,,,,
1988/04/22,,,11.5,,11.575,,,,,,,
1988/04/26,,,11.35,,11.475,,,,,,,
1988/04/27,,,11.3,,11.475,,,,,,,
1988/04/28,,,11.75,,11.625,,,,,,,
1988/04/29,,,10.925,,11.525,,,,,,,
1988/05/02,,,11.5,,11.55,,,,,,,
1988/05/03,,,11.925,,11.6,,,,,,,
1988/05/04,,,12.75,,11.6,,,,,,,
1988/05/05,,,12.05,,11.575,,,,,,,
1988/05/06,,,11.55,,11.6,,,,,,,
1988/05/09,,,13.5,,11.7,,,,,,,
1988/05/10,,,13.5,,11.825,,,,,,,
1988/05/11,,,12.5,,11.8,,,,,,,
1988/05/12,,,14.625,,12.325,,,,,,,
1988/05/13,,,12.25,,12.275,,,,,,,
1988/05/16,,,12.425,,12.425,,,,,,,
1988/05/17,,,12.375,,12.4,,,,,,,
1988/05/18,,,12.5,,12.425,,,,,,,
1988/05/19,,,13.45,,12.725,,,,,,,
1988/05/20,,,12.375,,12.625,,,,,,,
1988/05/23,,,12.875,,12.725,,,,,,,
1988/05/24,,,12.425,,12.775,,,,,,,
1988/05/25,,,12.25,,12.7,,,,,,,
1988/05/26,,,12.375,,12.8,,,,,,,
1988/05/27,,,12.25,,12.925,,,,,,,
1988/05/30,,,12.45,,12.85,,,,,,,
1988/05/31,,,12.75,,12.825,,,,,,,
1988/06/01,,,12.675,,13.075,,,,,,,
1988/06/02,,,12.675,,12.95,,,,,,,
1988/06/03,,,12.75,,13.05,,,,,,,
1988/06/06,,,12.95,,13.075,,,,,,,
1988/06/07,,,12.875,,12.975,,,,,,,
1988/06/08,,,13.75,,13.05,,,,,,,
1988/06/09,,,16,,13.1,,,,,,,
1988/06/10,,,12.5,,13,,,,,,,
1988/06/14,,,13,,13.1,,,,,,,
1988/06/15,,,12.875,,13.1,,,,,,,
1988/06/16,,,14.75,,13.175,,,,,,,
1988/06/17,,,13.175,,13.275,,,,,,,
1988/06/20,,,13.125,,13.35,,,,,,,
1988/06/21,,,12.525,,13.125,,,,,,,
1988/06/22,,,12.3,,13,,,,,,,
1988/06/23,,,12.5,,13.025,,,,,,,
1988/06/24,,,12.875,,13.125,,,,,,,
1988/06/27,,,13.5,,13.15,,,,,,,
1988/06/28,,,12.5,,13.2,,,,,,,
1988/06/29,,,12,,13.125,,,,,,,
1988/06/30,,,13.25,,13.15,,,,,,,
1988/07/01,,,12.88,,13.18,,,,,,,
1988/07/04,,,12.55,,13.18,,,,,,,
1988/07/05,,,12.38,,13.18,,,,,,,
1988/07/06,,,12.8,,13.2,,,,,,,
1988/07/07,,,12.85,,13.15,,,,,,,
1988/07/08,,,12.5,,13.08,,,,,,,
1988/07/11,,,12.75,,13,,,,,,,
1988/07/12,,,12.88,,13,,,,,,,
1988/07/13,,,12.95,,12.98,,,,,,,
1988/07/14,,,12.88,,13,,,,,,,
1988/07/15,,,12.63,,13.03,,,,,,,
1988/07/18,,,12.93,,13,,,,,,,
1988/07/19,,,13.18,,13.13,,,,,,,
1988/07/20,,,13.2,,13.15,,,,,,,
1988/07/21,,,12.73,,13.05,,,,,,,
1988/07/22,,,12.38,,13.03,,,,,,,
1988/07/25,,,12.63,,13.03,,,,,,,
1988/07/26,,,12.43,,13.05,,,,,,,
1988/07/27,,,12.35,,13.03,,,,,,,
1988/07/28,,,12.55,,13.05,,,,,,,
1988/07/29,,,12.5,,13.1,,,,,,,
1988/08/01,,,12.33,,13.18,,,,,,,
1988/08/02,,,12.5,,13.13,,,,,,,
1988/08/03,,,12.5,,13.13,,,,,,,
1988/08/04,,,12.5,,13.13,,,,,,,
1988/08/05,,,12.23,,13.08,,,,,,,
1988/08/08,,,12.75,,13.15,,,,,,,
1988/08/09,,,12.9,,13.13,,,,,,,
1988/08/10,,,13.1,,13.23,,,,,,,
1988/08/11,,,12.98,,13.28,,,,,,,
1988/08/12,,,12.55,,13.23,,,,,,,
1988/08/15,,,13,,13.38,,,,,,,
1988/08/16,,,13.63,,13.43,,,,,,,
1988/08/17,,,13.5,,13.45,,,,,,,
1988/08/18,,,13.2,,13.35,,,,,,,
1988/08/19,,,12.73,,13.25,,,,,,,
1988/08/22,,,13.15,,13.25,,,,,,,
1988/08/23,,,13.6,,13.3,,,,,,,
1988/08/24,,,13.88,,13.63,,,,,,,
1988/08/25,,,12.75,,13.4,,,,,,,
1988/08/26,,,12.68,,13.53,,,,,,,
1988/08/29,,,12.75,,13.55,,,,,,,
1988/08/30,,,12.88,,13.6,,,,,,,
1988/08/31,,,12.93,,13.6,,,,,,,
1988/09/01,,,12.95,,13.63,,,,,,,
1988/09/02,,,12.83,,13.73,,,,,,,
1988/09/05,,,13.13,,13.58,,,,,,,
1988/09/06,,,13.18,,13.58,,,,,,,
1988/09/07,,,13.1,,13.6,,,,,,,
1988/09/08,,,12.95,,13.53,,,,,,,
1988/09/09,,,12.8,,13.53,,,,,,,
1988/09/12,,,13.1,,13.58,,,,,,,
1988/09/13,,,12.7,,13.5,,,,,,,
1988/09/14,,,12.63,,13.45,,,,,,,
1988/09/15,,,13.05,,13.53,,,,,,,
1988/09/16,,,12.88,,13.53,,,,,,,
1988/09/19,,,12.9,,13.5,,,,,,,
1988/09/20,,,12.93,,13.6,,,,,,,
1988/09/21,,,12.9,,13.58,,,,,,,
1988/09/22,,,13.65,,13.68,,,,,,,
1988/09/23,,,13.08,,13.73,,,,,,,
1988/09/26,,,12.95,,13.75,,,,,,,
1988/09/27,,,12.83,,13.75,,,,,,,
1988/09/28,,,12.9,,13.83,,,,,,,
1988/09/29,,,14.43,,13.95,,,,,,,
1988/09/30,,,13.6,,13.98,,,,,,,
1988/10/03,,,13,,13.95,,,,,,,
1988/10/04,,,13,,13.95,,,,,,,
1988/10/05,,,12.8,,13.95,,,,,,,
1988/10/06,,,13.1,,13.9,,,,,,,
1988/10/07,,,12.93,,13.9,,,,,,,
1988/10/10,,,13.35,,13.9,,,,,,,
1988/10/11,,,13.4,,13.88,,,,,,,
1988/10/12,,,13.63,,13.9,,,,,,,
1988/10/13,,,13.8,,13.93,,,,,,,
1988/10/14,,,13.5,,13.9,,,,,,,
1988/10/17,,,13.65,,13.95,,,,,,,
1988/10/18,,,13.6,,14.08,,,,,,,
1988/10/19,,,13.6,,14.05,,,,,,,
1988/10/20,,,13.6,,14,,,,,,,
1988/10/21,,,13.28,,13.95,,,,,,,
1988/10/24,,,13.4,,13.93,,,,,,,
1988/10/25,,,13.55,,14.1,,,,,,,
1988/10/26,,,13.65,,14.18,,,,,,,
1988/10/27,,,13.7,,14.2,,,,,,,
1988/10/28,,,13.5,,14.2,,,,,,,
1988/10/31,,,13.63,,14.2,,,,,,,
1988/11/01,,,13.35,,14.2,,,,,,,
1988/11/02,,,13.5,,14.25,,,,,,,
1988/11/03,,,13.35,,14.15,,,,,,,
1988/11/04,,,13.38,,14.25,,,,,,,
1988/11/07,,,13.75,,14.35,,,,,,,
1988/11/08,,,14.2,,14.35,,,,,,,
1988/11/09,,,14.65,,14.7,,,,,,,
1988/11/10,,,14.55,,14.78,,,,,,,
1988/11/11,,,14.4,,14.7,,,,,,,
1988/11/14,,,14.5,,14.73,,,,,,,
1988/11/15,,,14.28,,14.8,,,,,,,
1988/11/16,,,14.55,,14.9,,,,,,,
1988/11/17,,,14.7,,14.95,,,,,,,
1988/11/18,,,14.58,,14.98,,,,,,,
1988/11/21,,,14.75,,15,,,,,,,
1988/11/22,,,14.6,,15,,,,,,,
1988/11/23,,,14.8,,15.05,,,,,,,
1988/11/24,,,14.73,,15,,,,,,,
1988/11/25,,,14.6,,15,,,,,,,
1988/11/28,,,14.68,,15,,,,,,,
1988/11/29,,,14.63,,15,,,,,,,
1988/11/30,,,14.68,,14.95,,,,,,,
1988/12/01,,,14.7,,14.95,,,,,,,
1988/12/02,,,14.63,,14.95,,,,,,,
1988/12/05,,,14.75,,14.95,,,,,,,
1988/12/06,,,14.95,,14.95,,,,,,,
1988/12/07,,,15.45,,15,,,,,,,
1988/12/08,,,15.25,,15,,,,,,,
1988/12/09,,,14.65,,14.95,,,,,,,
1988/12/12,,,14.68,,15,,,,,,,
1988/12/13,,,14.55,,15,,,,,,,
1988/12/14,,,14.6,,15.03,,,,,,,
1988/12/15,,,14.63,,15.1,,,,,,,
1988/12/16,,,14.53,,15.15,,,,,,,
1988/12/19,,,14.55,,15.3,,,,,,,
1988/12/20,,,14.55,,15.25,,,,,,,
1988/12/21,,,14.43,,15.2,,,,,,,
1988/12/22,,,14.4,,15.2,,,,,,,
1988/12/23,,,13.75,,15.18,,,,,,,
1988/12/28,,,13.83,,15.25,,,,,,,
1988/12/29,,,14.35,,15.3,,,,,,,
1988/12/30,,,14.55,,15.4,,,,,,,
1989/01/03,,,14.65,,15.65,,,,,,,
1989/01/04,,,14.45,,15.58,,,,,,,
1989/01/05,,,14.48,,15.43,,,,,,,
1989/01/06,,,14.53,,15.48,,,,,,,
1989/01/09,,,14.93,,15.55,,,,,,,
1989/01/10,,,14.9,,15.48,,,,,,,
1989/01/11,,,14.85,,15.45,,,,,,,
1989/01/12,,,14.85,,15.4,,,,,,,
1989/01/13,,,14.9,,15.5,,,,,,,
1989/01/16,,,15,,15.6,,,,,,,
1989/01/17,,,15.23,,15.55,,,,,,,
1989/01/18,,,15.05,,15.63,,,,,,,
1989/01/19,,,15.23,,15.63,,,,,,,
1989/01/20,,,14.9,,15.55,,,,,,,
1989/01/23,,,14.98,,15.58,,,,,,,
1989/01/24,,,14.78,,15.55,,,,,,,
1989/01/25,,,14.78,,15.55,,,,,,,
1989/01/26,,,14.6,,15.55,,,,,,,
1989/01/27,,,14.75,,15.58,,,,,,,
1989/01/30,,,14.63,,15.58,,,,,,,
1989/01/31,,,14.75,,15.95,,,,,,,
1989/02/01,,,14.9,,16.05,,,,,,,
1989/02/02,,,14.93,,15.93,,,,,,,
1989/02/03,,,14.8,,15.98,,,,,,,
1989/02/06,,,15.1,,16.1,,,,,,,
1989/02/07,,,15.23,,16.08,,,,,,,
1989/02/08,,,15.65,,16.15,,,,,,,
1989/02/09,,,15.75,,16.18,,,,,,,
1989/02/10,,,16.13,,16.3,,,,,,,
1989/02/13,,,15.95,,16.58,,,,,,,
1989/02/14,,,15.83,,16.53,,,,,,,
1989/02/15,,,16.05,,16.68,,,,,,,
1989/02/16,,,16.03,,17,,,,,,,
1989/02/17,,,15.98,,16.9,,,,,,,
1989/02/20,,,16,,16.88,,,,,,,
1989/02/21,,,15.9,,16.88,,,,,,,
1989/02/22,,,16.2,,16.9,,,,,,,
1989/02/23,,,16.3,,16.95,,,,,,,
1989/02/24,,,16.05,,16.95,,,,,,,
1989/02/27,,,16.25,,16.85,,,,,,,
1989/02/28,,,16.3,,16.85,,,,,,,
1989/03/01,,,16.33,,16.8,,,,,,,
1989/03/02,,,16.28,,16.85,,,,,,,
1989/03/03,,,16.08,,16.9,,,,,,,
1989/03/06,,,16.2,,16.9,,,,,,,
1989/03/07,,,16.43,,16.93,,,,,,,
1989/03/08,,,16.75,,17,,,,,,,
1989/03/09,,,16.9,,17,,,,,,,
1989/03/10,,,16.85,,17.1,,,,,,,
1989/03/13,,,16.85,,17.18,,,,,,,
1989/03/14,,,16.85,,17.3,,,,,,,
1989/03/15,,,17,,17.4,,,,,,,
1989/03/16,,,16.7,,17.45,,,,,,,
1989/03/17,,,16.5,,17.38,,,,,,,
1989/03/20,,,16.38,,17.5,,,,,,,
1989/03/21,,,16.3,,17.5,,,,,,,
1989/03/22,,,16.5,,17.5,,,,,,,
1989/03/23,,,16.25,,17.55,,,,,,,
1989/03/28,,,16.25,,17.55,,,,,,,
1989/03/29,,,16.4,,17.43,,,,,,,
1989/03/30,,,16.45,,17.45,,,,,,,
1989/03/31,,,16.4,,17.6,,,,,,,
1989/04/03,,,16.55,,17.68,,,,,,,
1989/04/04,,,16.65,,17.75,,,,,,,
1989/04/05,,,16.75,,17.88,,,,,,,
1989/04/06,,,16.7,,17.95,,,,,,,
1989/04/07,,,16.65,,17.78,,,,,,,
1989/04/10,,,16.7,,17.78,,,,,,,
1989/04/11,,,16.55,,17.53,,,,,,,
1989/04/12,,,16.55,,17.5,,,,,,,
1989/04/13,,,16.35,,17.35,,,,,,,
1989/04/14,,,16.4,,17.3,,,,,,,
1989/04/17,,,16.45,,17.33,,,,,,,
1989/04/18,,,16.55,,17.4,,,,,,,
1989/04/19,,,16.8,,17.2,,,,,,,
1989/04/20,,,16.8,,17.1,,,,,,,
1989/04/21,,,16.98,,17.18,,,,,,,
1989/04/24,,,17.15,,17.25,,,,,,,
1989/04/26,,,17.2,,17.33,,,,,,,
1989/04/27,,,16.93,,17.15,,,,,,,
1989/04/28,,,16.8,,17.23,,,,,,,
1989/05/01,,,17.08,,17.25,,,,,,,
1989/05/02,,,17.2,,17.28,,,,,,,
1989/05/03,,,17.35,,17.28,,,,,,,
1989/05/04,,,17.15,,17.3,,,,,,,
1989/05/05,,,16.85,,17.25,,,,,,,
1989/05/08,,,17.13,,17.25,,,,,,,
1989/05/09,,,17.3,,17.23,,,,,,,
1989/05/10,,,17.2,,17.23,,,,,,,
1989/05/11,,,17.1,,17.23,,,,,,,
1989/05/12,,,17.03,,17.2,,,,,,,
1989/05/15,,,17.05,,17.23,,,,,,,
1989/05/16,,,17.1,,17.23,,,,,,,
1989/05/17,,,17.38,,17.53,,,,,,,
1989/05/18,,,17.28,,17.55,,,,,,,
1989/05/19,,,17,,17.48,,,,,,,
1989/05/22,,,17.13,,17.53,,,,,,,
1989/05/23,,,17.35,,17.53,,,,,,,
1989/05/24,,,17.55,,17.75,,,,,,,
1989/05/25,,,17.73,,17.9,,,,,,,
1989/05/26,,,17.58,,17.98,,,,,,,
1989/05/29,,,17.8,,18.3,,,,,,,
1989/05/30,,,17.68,,18.28,,,,,,,
1989/05/31,,,17.68,,18.23,,,,,,,
1989/06/01,,,17.65,,18.18,,,,,,,
1989/06/02,,,17.42,,18.2,,,,,,,
1989/06/05,,,17.68,,18.33,,,,,,,
1989/06/06,,,17.53,,18.38,,,,,,,
1989/06/07,,,17.55,,18.33,,,,,,,
1989/06/08,,,17.68,,18.33,,,,,,,
1989/06/09,,,17.53,,18.43,,,,,,,
1989/06/13,,,18.3,,18.6,,,,,,,
1989/06/14,,,17.9,,18.48,,,,,,,
1989/06/15,,,17.68,,18.38,,,,,,,
1989/06/16,,,17.55,,18.48,,,,,,,
1989/06/19,,,17.75,,18.65,,,,,,,
1989/06/20,,,17.78,,18.5,,,,,,,
1989/06/21,,,17.83,,18.43,,,,,,,
1989/06/22,,,17.73,,18.38,,,,,,,
1989/06/23,,,17.5,,18.33,,,,,,,
1989/06/26,,,17.45,,18.23,,,,,,,
1989/06/27,,,17.3,,18.2,,,,,,,
1989/06/28,,,17.23,,18.28,,,,,,,
1989/06/29,,,18,,18.35,,,,,,,
1989/06/30,,,19.25,,18.3,,,,,,,
1989/07/03,,,17.5,,18.08,,,,,,,
1989/07/04,,,17.5,,18.08,,,,,,,
1989/07/05,,,17.3,,18.03,,,,,,,
1989/07/06,,,17.75,,18.1,,,,,,,
1989/07/07,,,17.5,,18.1,,,,,,,
1989/07/10,,,17.95,,18.1,,,,,,,
1989/07/11,,,18,,18.1,,,,,,,
1989/07/12,,,17.63,,17.98,,,,,,,
1989/07/13,,,18.25,,18,,,,,,,
1989/07/14,,,17.98,,18.03,,,,,,,
1989/07/17,,,18,,18.03,,,,,,,
1989/07/18,,,18.38,,18,,,,,,,
1989/07/19,,,18,,18.03,,,,,,,
1989/07/20,,,17.98,,18.03,,,,,,,
1989/07/21,,,17.95,,18.03,,,,,,,
1989/07/24,,,17.95,,18.05,,,,,,,
1989/07/25,,,18.05,,18.1,,,,,,,
1989/07/26,,,18,,18.08,,,,,,,
1989/07/27,,,18.15,,18.08,,,,,,,
1989/07/28,,,18.33,,18.1,,,,,,,
1989/07/31,,,18.18,,18.18,,,,,,,
1989/08/01,,,18,,18.1,,,,,,,
1989/08/02,,,17.83,,18,,,,,,,
1989/08/03,,,17.88,,18,,,,,,,
1989/08/04,,,17.58,,17.98,,,,,,,
1989/08/07,,,17,,18,,,,,,,
1989/08/08,,,18.68,,18,,,,,,,
1989/08/09,,,18.55,,18,,,,,,,
1989/08/10,,,17.73,,17.95,,,,,,,
1989/08/11,,,17.6,,17.98,,,,,,,
1989/08/14,,,17.75,,17.98,,,,,,,
1989/08/15,,,18.3,,17.98,,,,,,,
1989/08/16,,,18.08,,18.03,,,,,,,
1989/08/17,,,17.95,,17.93,,,,,,,
1989/08/18,,,17.63,,17.95,,,,,,,
1989/08/21,,,17.53,,17.85,,,,,,,
1989/08/22,,,17.88,,17.9,,,,,,,
1989/08/23,,,18.13,,17.93,,,,,,,
1989/08/24,,,17.85,,17.95,,,,,,,
1989/08/25,,,17.48,,17.93,,,,,,,
1989/08/28,,,17.9,,17.95,,,,,,,
1989/08/29,,,17.98,,17.98,,,,,,,
1989/08/30,,,17.85,,17.88,,,,,,,
1989/08/31,,,17.63,,17.9,,,,,,,
1989/09/01,,,17.55,,17.9,,,,,,,
1989/09/04,,,17.78,,17.9,,,,,,,
1989/09/05,,,17.73,,17.88,,,,,,,
1989/09/06,,,17.95,,17.9,,,,,,,
1989/09/07,,,18.3,,17.9,,,,,,,
1989/09/08,,,18.38,,17.98,,,,,,,
1989/09/11,,,18.45,,18,,,,,,,
1989/09/12,,,19,,18,,,,,,,
1989/09/13,,,17.98,,17.98,,,,,,,
1989/09/14,,,17.85,,18,,,,,,,
1989/09/15,,,17.85,,18.1,,,,,,,
1989/09/18,,,17.9,,18.13,,,,,,,
1989/09/19,,,18.05,,18.2,,,,,,,
1989/09/20,,,18.15,,18.23,,,,,,,
1989/09/21,,,18.38,,18.3,,,,,,,
1989/09/22,,,18.18,,18.38,,,,,,,
1989/09/25,,,18,,18.33,,,,,,,
1989/09/26,,,17.93,,18.33,,,,,,,
1989/09/27,,,17.95,,18.35,,,,,,,
1989/09/28,,,18,,18.33,,,,,,,
1989/09/29,,,17.95,,18.38,,,,,,,
1989/10/02,,,17.9,,18.4,,,,,,,
1989/10/03,,,18.08,,18.4,,,,,,,
1989/10/04,,,17.85,,18.38,,,,,,,
1989/10/05,,,17.83,,18.4,,,,,,,
1989/10/06,,,17.78,,18.4,,,,,,,
1989/10/09,,,18.23,,18.43,,,,,,,
1989/10/10,,,18.55,,18.43,,,,,,,
1989/10/11,,,18.18,,18.38,,,,,,,
1989/10/12,,,18.35,,18.38,,,,,,,
1989/10/13,,,17.9,,18.33,,,,,,,
1989/10/16,,,17.88,,18.25,,,,,,,
1989/10/17,,,18,,18.28,,,,,,,
1989/10/18,,,17.8,,18.28,,,,,,,
1989/10/19,,,17.9,,18.28,,,,,,,
1989/10/20,,,17.85,,18.25,,,,,,,
1989/10/23,,,18.05,,18.33,,,,,,,
1989/10/24,,,18.43,,18.4,,,,,,,
1989/10/25,,,18.18,,18.4,,,,,,,
1989/10/26,,,18,,18.4,,,,,,,
1989/10/27,,,17.9,,18.3,,,,,,,
1989/10/30,,,18.28,,18.4,,,,,,,
1989/10/31,,,18.1,,18.4,,,,,,,
1989/11/01,,,17.98,,18.38,,,,,,,
1989/11/02,,,17.8,,18.33,,,,,,,
1989/11/03,,,17.78,,18.3,,,,,,,
1989/11/06,,,18.03,,18.33,,,,,,,
1989/11/07,,,18.18,,18.3,,,,,,,
1989/11/08,,,18.5,,18.3,,,,,,,
1989/11/09,,,18.48,,18.28,,,,,,,
1989/11/10,,,18.2,,18.23,,,,,,,
1989/11/13,,,18.25,,18.28,,,,,,,
1989/11/14,,,18.3,,18.28,,,,,,,
1989/11/15,,,18.28,,18.23,,,,,,,
1989/11/16,,,18.58,,18.25,,,,,,,
1989/11/17,,,18.23,,18.25,,,,,,,
1989/11/20,,,18.15,,18.25,,,,,,,
1989/11/21,,,18.08,,18.23,,,,,,,
1989/11/22,,,18.15,,18.25,,,,,,,
1989/11/23,,,18.13,,18.25,,,,,,,
1989/11/24,,,18.08,,18.25,,,,,,,
1989/11/27,,,18.1,,18.23,,,,,,,
1989/11/28,,,18.18,,18.2,,,,,,,
1989/11/29,,,18.25,,18.08,,,,,,,
1989/11/30,,,18.35,,17.98,,,,,,,
1989/12/01,,,18.2,,18,,,,,,,
1989/12/04,,,18.25,,17.93,,,,,,,
1989/12/05,,,18.38,,18.03,,,,,,,
1989/12/06,,,18.38,,18.05,,,,,,,
1989/12/07,,,18.38,,18.08,,,,,,,
1989/12/08,,,18.28,,18.1,,,,,,,
1989/12/11,,,18.33,,18.03,,,,,,,
1989/12/12,,,18.13,,17.93,,,,,,,
1989/12/13,,,18.18,,17.9,,,,,,,
1989/12/14,,,18.25,,17.95,,,,,,,
1989/12/15,,,18.1,,17.9,,,,,,,
1989/12/18,,,18.13,,17.88,,,,,,,
1989/12/19,,,18.08,,17.88,,,,,,,
1989/12/20,,,18.08,,17.85,,,,,,,
1989/12/21,,,18.13,,17.85,,,,,,,
1989/12/22,,,17.88,,17.78,,,,,,,
1989/12/27,,,18.05,,17.73,,,,,,,
1989/12/28,,,17.88,,17.55,,,,,,,
1989/12/29,,,17.9,,17.55,,,,,,,
1990/01/02,,,18.1,,17.35,,,,,,,
1990/01/03,,,18.15,,17.53,,,,,,,
1990/01/04,,,18.2,,17.58,,,,,,,
1990/01/05,,,17.98,,17.58,,,,,,,
1990/01/08,,,18.13,,17.68,,,,,,,
1990/01/09,,,18.28,,17.63,,,,,,,
1990/01/10,,,18.08,,17.6,,,,,,,
1990/01/11,,,18.08,,17.65,,,,,,,
1990/01/12,,,18.08,,17.65,,,,,,,
1990/01/15,,,18.03,,17.68,,,,,,,
1990/01/16,,,18.03,,17.58,,,,,,,
1990/01/17,,,18.08,,17.63,,,,,,,
1990/01/18,,,18.03,,17.58,,,,,,,
1990/01/19,,,18,,17.65,,,,,,,
1990/01/22,,,17.98,,17.65,,,,,,,
1990/01/23,17.00 to 17.50,,17.5,,17.35,,,,,,,
1990/01/24,17.00 to 17.50,,17.15,,16.75,,,,,,,
1990/01/25,17.00 to 17.50,,17.15,,16.7,,,,,,,
1990/01/26,17.00 to 17.50,,16.95,,16.65,,,,,,,
1990/01/29,17.00 to 17.50,,17.15,,16.68,,,,,,,
1990/01/30,17.00 to 17.50,,17.28,,16.65,,,,,,,
1990/01/31,17.00 to 17.50,,17.33,,16.5,,,,,,,
1990/02/01,17.00 to 17.50,,17.28,,16.33,,,,,,,
1990/02/02,17.00 to 17.50,,17.08,,16.33,,,,,,,
1990/02/05,17.00 to 17.50,,17.15,,16.28,,,,,,,
1990/02/06,17.00 to 17.50,,17.18,,16.25,,,,,,,
1990/02/07,17.00 to 17.50,,17.38,,16.23,,,,,,,
1990/02/08,17.00 to 17.50,,17.23,,16.13,,,,,,,
1990/02/09,17.00 to 17.50,,17.05,,16.05,,,,,,,
1990/02/12,17.00 to 17.50,,17.1,,16.05,,,,,,,
1990/02/13,17.00 to 17.50,,17.25,,16.08,,,,,,,
1990/02/14,17.00 to 17.50,,17,,16,,,,,,,
1990/02/15,16.50 to 17.00,-0.5,16.5,,16.1,,,,,,,
1990/02/16,16.50 to 17.00,,16.48,,16.18,,,,,,,
1990/02/19,16.50 to 17.00,,16.48,,16.2,,,,,,,
1990/02/20,16.50 to 17.00,,16.48,,16.28,,,,,,,
1990/02/21,16.50 to 17.00,,16.45,,16.25,,,,,,,
1990/02/22,16.50 to 17.00,,16.35,,16.2,,,,,,,
1990/02/23,16.50 to 17.00,,16.35,,16.23,,,,,,,
1990/02/26,16.50 to 17.00,,16.4,,16.23,,,,,,,
1990/02/27,16.50 to 17.00,,16.45,,16.25,,,,,,,
1990/02/28,16.50 to 17.00,,16.4,,16.28,,,,,,,
1990/03/01,16.50 to 17.00,,16.4,,16.2,,,,,,,
1990/03/02,16.50 to 17.00,,16.38,,16.22,,,,,,,
1990/03/05,16.50 to 17.00,,16.4,,16.2,,,,,,,
1990/03/06,16.50 to 17.00,,16.43,,16.24,,,,,,,
1990/03/07,16.50 to 17.00,,16.5,,16.2,,,,,,,
1990/03/08,16.50 to 17.00,,16.55,,16.2,,,,,,,
1990/03/09,16.50 to 17.00,,16.4,,16.22,,,,,,,
1990/03/12,16.50 to 17.00,,16.4,,16.21,,,,,,,
1990/03/13,16.50 to 17.00,,16.5,,16.22,,,,,,,
1990/03/14,16.50 to 17.00,,16.52,,16.1,,,,,,,
1990/03/15,16.50 to 17.00,,16.35,,15.95,,,,,,,
1990/03/16,16.50 to 17.00,,16.38,,15.75,,,,,,,
1990/03/19,16.50 to 17.00,,16.45,,15.62,,,,,,,
1990/03/20,16.50 to 17.00,,16.45,,15.65,,,,,,,
1990/03/21,16.50 to 17.00,,16.47,,15.6,,,,,,,
1990/03/22,16.50 to 17.00,,16.47,,15.57,,,,,,,
1990/03/23,16.50 to 17.00,,16.35,,15.58,,,,,,,
1990/03/26,16.50 to 17.00,,16.4,,15.38,,,,,,,
1990/03/27,16.50 to 17.00,,16.5,,15.38,,,,,,,
1990/03/28,16.50 to 17.00,,16.45,,15.35,,,,,,,
1990/03/29,16.50 to 17.00,,16.35,,15.28,,,,,,,
1990/03/30,16.50 to 17.00,,16.25,,15.38,,,,,,,
1990/04/02,16.50 to 17.00,,16.35,,15.29,,,,,,,
1990/04/03,16.50 to 17.00,,16.3,,15.3,,,,,,,
1990/04/04,15.00 to 15.50,-1.00 to -1.50,15.18,,15.27,,,,,,,
1990/04/05,15.00 to 15.50,,15,,15.26,,,,,,,
1990/04/06,15.00 to 15.50,,15,,15.22,,,,,,,
1990/04/09,15.00 to 15.50,,15.15,,15.2,,,,,,,
1990/04/10,15.00 to 15.50,,15.05,,15.1,,,,,,,
1990/04/11,15.00 to 15.50,,14.95,,15.09,,,,,,,
1990/04/12,15.00 to 15.50,,14.9,,15.09,,,,,,,
1990/04/17,15.00 to 15.50,,14.9,,15.08,,,,,,,
1990/04/18,15.00 to 15.50,,14.9,,15.08,,,,,,,
1990/04/19,15.00 to 15.50,,15,,15.05,,,,,,,
1990/04/20,15.00 to 15.50,,15.03,,15.08,,,,,,,
1990/04/23,15.00 to 15.50,,15.1,,15.08,,,,,,,
1990/04/24,15.00 to 15.50,,15.13,,15.08,,,,,,,
1990/04/26,15.00 to 15.50,,15.05,,15.06,,,,,,,
1990/04/27,15.00 to 15.50,,15.03,,15.07,,,,,,,
1990/04/30,15.00 to 15.50,,15.05,,15.1,,,,,,,
1990/05/01,15.00 to 15.50,,15.05,,15.06,,,,,,,
1990/05/02,15.00 to 15.50,,15.05,,15.07,,,,,,,
1990/05/03,15.00 to 15.50,,15.05,,15.08,,,,,,,
1990/05/04,15.00 to 15.50,,15.05,,15.08,,,,,,,
1990/05/07,15.00 to 15.50,,15.05,,15.07,,,,,,,
1990/05/08,15.00 to 15.50,,15.1,,15.06,,,,,,,
1990/05/09,15.00 to 15.50,,15.1,,15.06,,,,,,,
1990/05/10,15.00 to 15.50,,15,,15.06,,,,,,,
1990/05/11,15.00 to 15.50,,15,,15.06,,,,,,,
1990/05/14,15.00 to 15.50,,15.05,,15.05,,,,,,,
1990/05/15,15.00 to 15.50,,15,,15.06,,,,,,,
1990/05/16,15.00 to 15.50,,14.95,,15.05,,,,,,,
1990/05/17,15.00 to 15.50,,15,,15.06,,,,,,,
1990/05/18,15.00 to 15.50,,14.95,,15.07,,,,,,,
1990/05/21,15.00 to 15.50,,15,,15.07,,,,,,,
1990/05/22,15.00 to 15.50,,15,,15.07,,,,,,,
1990/05/23,15.00 to 15.50,,15,,15.05,,,,,,,
1990/05/24,15.00 to 15.50,,15,,15.04,,,,,,,
1990/05/25,15.00 to 15.50,,15,,15.04,,,,,,,
1990/05/28,15.00 to 15.50,,15,,15.03,,,,,,,
1990/05/29,15.00 to 15.50,,15,,15.02,,,,,,,
1990/05/30,15.00 to 15.50,,15,,14.99,,,,,,,
1990/05/31,15.00 to 15.50,,15,,15,,,,,,,
1990/06/01,15.00 to 15.50,,15,,14.98,,,,,,,
1990/06/04,15.00 to 15.50,,15,,14.96,,,,,,,
1990/06/05,15.00 to 15.50,,15,,14.94,,,,,,,
1990/06/06,15.00 to 15.50,,15,,14.92,,,,,,,
1990/06/07,15.00 to 15.50,,15.03,,14.9,,,,,,,
1990/06/08,15.00 to 15.50,,15.1,,14.95,,,,,,,
1990/06/12,15.00 to 15.50,,15.15,,14.97,,,,,,,
1990/06/13,15.00 to 15.50,,15.13,,15,,,,,,,
1990/06/14,15.00 to 15.50,,15.03,,14.99,,,,,,,
1990/06/15,15.00 to 15.50,,15.03,,15.02,,,,,,,
1990/06/18,15.00 to 15.50,,15.03,,15.02,,,,,,,
1990/06/19,15.00 to 15.50,,15.05,,15.06,,,,,,,
1990/06/20,15.00 to 15.50,,15.07,,15.07,,,,,,,
1990/06/21,15.00 to 15.50,,15.07,,15.09,,,,,,,
1990/06/22,15.00 to 15.50,,15.03,,15.09,,,,,,,
1990/06/25,15.00 to 15.50,,15.03,,15.1,,,,,,,
1990/06/26,15.00 to 15.50,,15.05,,15.09,,,,,,,
1990/06/27,15.00 to 15.50,,15.05,,15.1,,,,,,,
1990/06/28,15.00 to 15.50,,15.07,,15.13,,,,,,,
1990/06/29,15.00 to 15.50,,15.1,,15.09,,,,,,,
1990/07/02,15.00 to 15.50,,14.98,,15.03,,,,,,,
1990/07/03,15.00 to 15.50,,14.98,,15.03,,,,,,,
1990/07/04,15.00 to 15.50,,14.97,,15,,,,,,,
1990/07/05,15.00 to 15.50,,14.95,,14.95,,,,,,,
1990/07/06,15.00 to 15.50,,14.97,,14.94,,,,,,,
1990/07/09,15.00 to 15.50,,15.03,,14.94,,,,,,,
1990/07/10,15.00 to 15.50,,15.07,,14.92,,,,,,,
1990/07/11,15.00 to 15.50,,15.05,,14.88,,,,,,,
1990/07/12,15.00 to 15.50,,14.9,,14.81,,,,,,,
1990/07/13,15.00 to 15.50,,14.85,,14.75,,,,,,,
1990/07/16,15.00 to 15.50,,15,,14.84,,,,,,,
1990/07/17,15.00 to 15.50,,15.03,,14.83,,,,,,,
1990/07/18,15.00 to 15.50,,15.07,,14.8,,,,,,,
1990/07/19,15.00 to 15.50,,15.05,,14.78,,,,,,,
1990/07/20,15.00 to 15.50,,14.95,,14.74,,,,,,,
1990/07/23,15.00 to 15.50,,15.07,,14.7,,,,,,,
1990/07/24,15.00 to 15.50,,15.1,,14.7,,,,,,,
1990/07/25,15.00 to 15.50,,15.05,,14.7,,,,,,,
1990/07/26,15.00 to 15.50,,15.05,,14.72,,,,,,,
1990/07/27,15.00 to 15.50,,15.05,,14.71,,,,,,,
1990/07/30,15.00 to 15.50,,15.1,,14.75,,,,,,,
1990/07/31,15.00 to 15.50,,15.15,,14.77,,,,,,,
1990/08/01,15.00 to 15.50,,15.1,,14.71,,,,,,,
1990/08/02,14,-1,14,,14.08,,,,,,,
1990/08/03,14,,13.95,,14.04,,,,,,,
1990/08/06,14,,14,,14.06,,,,,,,
1990/08/07,14,,14.05,,14.03,,,,,,,
1990/08/08,14,,14,,14,,,,,,,
1990/08/09,14,,14,,13.98,,,,,,,
1990/08/10,14,,13.98,,13.98,,,,,,,
1990/08/13,14,,14.03,,13.97,,,,,,,
1990/08/14,14,,14.03,,13.96,,,,,,,
1990/08/15,14,,14.03,,13.9,,,,,,,
1990/08/16,14,,13.95,,13.86,,,,,,,
1990/08/17,14,,13.93,,13.85,,,,,,,
1990/08/20,14,,13.95,,13.78,,,,,,,
1990/08/21,14,,14.08,,13.74,,,,,,,
1990/08/22,14,,14.15,,13.77,,,,,,,
1990/08/23,14,,14.07,,13.77,,,,,,,
1990/08/24,14,,14.05,,13.73,,,,,,,
1990/08/27,14,,14.07,,13.75,,,,,,,
1990/08/28,14,,14.03,,13.75,,,,,,,
1990/08/29,14,,14.1,,13.78,,,,,,,
1990/08/30,14,,14.03,,13.82,,,,,,,
1990/08/31,14,,13.98,,13.78,,,,,,,
1990/09/03,14,,14.05,,13.75,,,,,,,
1990/09/04,14,,14.1,,13.74,,,,,,,
1990/09/05,14,,14.1,,13.72,,,,,,,
1990/09/06,14,,14.05,,13.58,,,,,,,
1990/09/07,14,,13.93,,13.45,,,,,,,
1990/09/10,14,,14.05,,13.38,,,,,,,
1990/09/11,14,,14.05,,13.42,,,,,,,
1990/09/12,14,,13.98,,13.32,,,,,,,
1990/09/13,14,,14,,13.38,,,,,,,
1990/09/14,14,,14,,13.42,,,,,,,
1990/09/17,14,,14,,13.43,,,,,,,
1990/09/18,14,,14.05,,13.48,,,,,,,
1990/09/19,14,,14.13,,13.48,,,,,,,
1990/09/20,14,,14.05,,13.47,,,,,,,
1990/09/21,14,,14.05,,13.5,,,,,,,
1990/09/24,14,,14.15,,13.5,,,,,,,
1990/09/25,14,,14.15,,13.61,,,,,,,
1990/09/26,14,,14.1,,13.62,,,,,,,
1990/09/27,14,,14.05,,13.6,,,,,,,
1990/09/28,14,,13.95,,13.58,,,,,,,
1990/10/01,14,,13.75,,13.4,,,,,,,
1990/10/02,14,,13.9,,13.3,,,,,,,
1990/10/03,14,,13.88,,13.3,,,,,,,
1990/10/04,14,,14.05,,13.4,,,,,,,
1990/10/05,14,,14.05,,13.46,,,,,,,
1990/10/08,14,,14.1,,13.4,,,,,,,
1990/10/09,14,,14.1,,13.37,,,,,,,
1990/10/10,14,,14.1,,13.43,,,,,,,
1990/10/11,14,,14.05,,13.4,,,,,,,
1990/10/12,14,,14.05,,13.49,,,,,,,
1990/10/15,13,-1,13,,12.88,,,,,,,
1990/10/16,13,,13,,12.76,,,,,,,
1990/10/17,13,,13.05,,12.78,,,,,,,
1990/10/18,13,,13.05,,12.78,,,,,,,
1990/10/19,13,,13,,12.8,,,,,,,
1990/10/22,13,,13.15,,12.85,,,,,,,
1990/10/23,13,,13.05,,12.86,,,,,,,
1990/10/24,13,,13.05,,12.85,,,,,,,
1990/10/25,13,,13,,12.85,,,,,,,
1990/10/26,13,,13.05,,12.85,,,,,,,
1990/10/29,13,,13.1,,12.85,,,,,,,
1990/10/30,13,,13.13,,12.8,,,,,,,
1990/10/31,13,,13.1,,12.76,,,,,,,
1990/11/01,13,,13.05,,12.68,,,,,,,
1990/11/02,13,,13,,12.68,,,,,,,
1990/11/05,13,,13.05,,12.38,,,,,,,
1990/11/06,13,,13.08,,12.38,,,,,,,
1990/11/07,13,,13.1,,12.15,,,,,,,
1990/11/08,13,,13.05,,12.07,,,,,,,
1990/11/09,13,,13.05,,12.13,,,,,,,
1990/11/12,13,,13.08,,12.25,,,,,,,
1990/11/13,13,,13.08,,12.32,,,,,,,
1990/11/14,13,,13.08,,12.34,,,,,,,
1990/11/15,13,,13.08,,12.38,,,,,,,
1990/11/16,13,,13.1,,12.45,,,,,,,
1990/11/19,13,,13.1,,12.57,,,,,,,
1990/11/20,13,,13,,12.55,,,,,,,
1990/11/21,13,,13,,12.42,,,,,,,
1990/11/22,13,,13.05,,12.4,,,,,,,
1990/11/23,13,,13.05,,12.39,,,,,,,
1990/11/26,13,,13.05,,12.35,,,,,,,
1990/11/27,13,,13.03,,12.45,,,,,,,
1990/11/28,13,,13,,12.56,,,,,,,
1990/11/29,13,,13,,12.5,,,,,,,
1990/11/30,13,,12.95,,12.56,,,,,,,
1990/12/03,13,,12.93,,12.3,,,,,,,
1990/12/04,13,,12.95,,12.34,,,,,,,
1990/12/05,13,,12.95,,12.35,,,,,,,
1990/12/06,13,,12.98,,12.31,,,,,,,
1990/12/07,13,,13.03,,12.35,,,,,,,
1990/12/10,13,,13.15,,12.35,,,,,,,
1990/12/11,13,,13.15,,12.35,,,,,,,
1990/12/12,13,,13.1,,12.25,,,,,,,
1990/12/13,13,,13.15,,12.09,,,,,,,
1990/12/14,13,,13.13,,12.22,,,,,,,
1990/12/17,13,,13.15,,12.28,,,,,,,
1990/12/18,12,-1,12.2,,12.07,,,,,,,
1990/12/19,12,,12.15,,12.01,,,,,,,
1990/12/20,12,,12.05,,12.05,,,,,,,
1990/12/21,12,,11.95,,12.03,,,,,,,
1990/12/24,12,,12,,12.04,,,,,,,
1990/12/27,12,,12.1,,12.04,,,,,,,
1990/12/28,12,,12.2,,12.06,,,,,,,
1990/12/31,12,,12.55,,12.1,,,,,,,
1991/01/02,12,,12.15,,12,,,,,,,
1991/01/03,12,,12,,11.95,,,,,,,
1991/01/04,12,,12,,11.96,,,,,,,
1991/01/07,12,,12.1,,11.95,,,,,,,
1991/01/08,12,,12.15,,11.96,,,,,,,
1991/01/09,12,,12.15,,11.95,,,,,,,
1991/01/10,12,,12.1,,11.96,,,,,,,
1991/01/11,12,,11.95,,11.95,,,,,,,
1991/01/14,12,,12,,11.96,,,,,,,
1991/01/15,12,,12,,11.98,,,,,,,
1991/01/16,12,,11.9,,11.99,,,,,,,
1991/01/17,12,,11.85,,11.9,,,,,,,
1991/01/18,12,,11.85,,11.9,,,,,,,
1991/01/21,12,,11.9,,11.93,,,,,,,
1991/01/22,12,,12.05,,11.93,,,,,,,
1991/01/23,12,,12.1,,11.94,,,,,,,
1991/01/24,12,,12.05,,11.86,,,,,,,
1991/01/25,12,,11.9,,11.85,,,,,,,
1991/01/29,12,,12.1,,11.89,,,,,,,
1991/01/30,12,,12.15,,11.87,,,,,,,
1991/01/31,12,,12,,11.84,,,,,,,
1991/02/01,12,,11.9,,11.76,,,,,,,
1991/02/04,12,,12,,11.67,,,,,,,
1991/02/05,12,,11.95,,11.59,,,,,,,
1991/02/06,12,,11.95,,11.6,,,,,,,
1991/02/07,12,,12.05,,11.55,,,,,,,
1991/02/08,12,,12.08,,11.57,,,,,,,
1991/02/11,12,,12.08,,11.47,,,,,,,
1991/02/12,12,,12.08,,11.42,,,,,,,
1991/02/13,12,,12.05,,11.58,,,,,,,
1991/02/14,12,,12,,11.63,,,,,,,
1991/02/15,12,,11.95,,11.7,,,,,,,
1991/02/18,12,,11.95,,11.68,,,,,,,
1991/02/19,12,,12.05,,11.62,,,,,,,
1991/02/20,12,,12.03,,11.64,,,,,,,
1991/02/21,12,,12.05,,11.66,,,,,,,
1991/02/22,12,,12.05,,11.63,,,,,,,
1991/02/25,12,,12.05,,11.68,,,,,,,
1991/02/26,12,,12.03,,11.69,,,,,,,
1991/02/27,12,,12,,11.7,,,,,,,
1991/02/28,12,,11.95,,11.65,,,,,,,
1991/03/01,12,,11.93,,11.4,,,,,,,
1991/03/04,12,,12,,11.3,,,,,,,
1991/03/05,12,,12,,11.35,,,,,,,
1991/03/06,12,,12,,11.38,,,,,,,
1991/03/07,12,,12,,11.42,,,,,,,
1991/03/08,12,,12,,11.47,,,,,,,
1991/03/11,12,,12.05,,11.43,,,,,,,
1991/03/12,12,,12.03,,11.44,,,,,,,
1991/03/13,12,,11.95,,11.47,,,,,,,
1991/03/14,12,,11.9,,11.44,,,,,,,
1991/03/15,12,,11.95,,11.45,,,,,,,
1991/03/18,12,,12.05,,11.5,,,,,,,
1991/03/19,12,,12.05,,11.59,,,,,,,
1991/03/20,12,,12.07,,11.52,,,,,,,
1991/03/21,12,,12.07,,11.49,,,,,,,
1991/03/22,12,,12.07,,11.61,,,,,,,
1991/03/25,12,,12.07,,11.63,,,,,,,
1991/03/26,12,,12.05,,11.65,,,,,,,
1991/03/27,12,,12.1,,11.67,,,,,,,
1991/03/28,12,,12.07,,11.67,,,,,,,
1991/04/02,12,,12.05,,11.6,,,,,,,
1991/04/03,12,,12.05,,11.55,,,,,,,
1991/04/04,11.5,-0.5,11.55,,11.46,,,,,,,
1991/04/05,11.5,,11.45,,11.46,,,,,,,
1991/04/08,11.5,,11.5,,11.46,,,,,,,
1991/04/09,11.5,,11.5,,11.45,,,,,,,
1991/04/10,11.5,,11.45,,11.38,,,,,,,
1991/04/11,11.5,,11.47,,11.35,,,,,,,
1991/04/12,11.5,,11.45,,11.34,,,,,,,
1991/04/15,11.5,,11.45,,11.3,,,,,,,
1991/04/16,11.5,,11.53,,11.3,,,,,,,
1991/04/17,11.5,,11.55,,11.28,,,,,,,
1991/04/18,11.5,,11.53,,11.25,,,,,,,
1991/04/19,11.5,,11.5,,11.27,,,,,,,
1991/04/22,11.5,,11.6,,11.3,,,,,,,
1991/04/23,11.5,,11.7,,11.28,,,,,,,
1991/04/24,11.5,,11.55,,11.29,,,,,,,
1991/04/26,11.5,,11.5,,11.3,,,,,,,
1991/04/29,11.5,,11.55,,11.3,,,,,,,
1991/04/30,11.5,,11.65,,11.28,,,,,,,
1991/05/01,11.5,,11.55,,11.2,,,,,,,
1991/05/02,11.5,,11.45,,11.18,,,,,,,
1991/05/03,11.5,,11.4,,11.19,,,,,,,
1991/05/06,11.5,,11.45,,11.16,,,,,,,
1991/05/07,11.5,,11.55,,11.11,,,,,,,
1991/05/08,11.5,,11.5,,11.09,,,,,,,
1991/05/09,11.5,,11.6,,11.06,,,,,,,
1991/05/10,11.5,,11.55,,11.07,,,,,,,
1991/05/13,11.5,,11.65,,11.03,,,,,,,
1991/05/14,11.5,,11.65,,11.04,,,,,,,
1991/05/15,11.5,,11.58,,10.92,,,,,,,
1991/05/16,10.5,-1,10.55,,10.41,,,,,,,
1991/05/17,10.5,,10.55,,10.42,,,,,,,
1991/05/20,10.5,,10.55,,10.44,,,,,,,
1991/05/21,10.5,,10.55,,10.42,,,,,,,
1991/05/22,10.5,,10.55,,10.4,,,,,,,
1991/05/23,10.5,,10.45,,10.38,,,,,,,
1991/05/24,10.5,,10.48,,10.4,,,,,,,
1991/05/27,10.5,,10.48,,10.38,,,,,,,
1991/05/28,10.5,,10.5,,10.35,,,,,,,
1991/05/29,10.5,,10.45,,10.3,,,,,,,
1991/05/30,10.5,,10.38,,10.27,,,,,,,
1991/05/31,10.5,,10.4,,10.34,,,,,,,
1991/06/03,10.5,,10.43,,10.28,,,,,,,
1991/06/04,10.5,,10.6,,10.2,,,,,,,
1991/06/05,10.5,,10.5,,10.19,,,,,,,
1991/06/06,10.5,,10.48,,10.25,,,,,,,
1991/06/07,10.5,,10.45,,10.27,,,,,,,
1991/06/11,10.5,,10.55,,10.31,,,,,,,
1991/06/12,10.5,,10.55,,10.38,,,,,,,
1991/06/13,10.5,,10.5,,10.4,,,,,,,
1991/06/14,10.5,,10.45,,10.41,,,,,,,
1991/06/17,10.5,,10.5,,10.41,,,,,,,
1991/06/18,10.5,,10.5,,10.43,,,,,,,
1991/06/19,10.5,,10.5,,10.44,,,,,,,
1991/06/20,10.5,,10.5,,10.46,,,,,,,
1991/06/21,10.5,,10.5,,10.46,,,,,,,
1991/06/24,10.5,,10.6,,10.47,,,,,,,
1991/06/25,10.5,,10.55,,10.52,,,,,,,
1991/06/26,10.5,,10.53,,10.5,,,,,,,
1991/06/27,10.5,,10.6,,10.47,,,,,,,
1991/06/28,10.5,,11,,10.51,,,,,,,
1991/07/01,10.5,,10.5,,10.44,,,,,,,
1991/07/02,10.5,,10.5,,10.38,,,,,,,
1991/07/03,10.5,,10.5,,10.39,,,,,,,
1991/07/04,10.5,,10.6,,10.47,,,,,,,
1991/07/05,10.5,,10.55,,10.45,,,,,,,
1991/07/08,10.5,,10.65,,10.46,,,,,,,
1991/07/09,10.5,,10.65,,10.43,,,,,,,
1991/07/10,10.5,,10.6,,10.43,,,,,,,
1991/07/11,10.5,,10.55,,10.43,,,,,,,
1991/07/12,10.5,,10.5,,10.46,,,,,,,
1991/07/15,10.5,,10.5,,10.45,,,,,,,
1991/07/16,10.5,,10.4,,10.45,,,,,,,
1991/07/17,10.5,,10.35,,10.42,,,,,,,
1991/07/18,10.5,,10.35,,10.4,,,,,,,
1991/07/19,10.5,,10.35,,10.39,,,,,,,
1991/07/22,10.5,,10.45,,10.31,,,,,,,
1991/07/23,10.5,,10.45,,10.3,,,,,,,
1991/07/24,10.5,,10.45,,10.17,,,,,,,
1991/07/25,10.5,,10.4,,10.12,,,,,,,
1991/07/26,10.5,,10.35,,10.11,,,,,,,
1991/07/29,10.5,,10.4,,10.14,,,,,,,
1991/07/30,10.5,,10.55,,10.1,,,,,,,
1991/07/31,10.5,,10.55,,10.14,,,,,,,
1991/08/01,10.5,,10.5,,10.17,,,,,,,
1991/08/02,10.5,,10.4,,10.18,,,,,,,
1991/08/05,10.5,,10.4,,10.18,,,,,,,
1991/08/06,10.5,,10.45,,10.18,,,,,,,
1991/08/07,10.5,,10.5,,10.08,,,,,,,
1991/08/08,10.5,,10.55,,10.18,,,,,,,
1991/08/09,10.5,,10.5,,10.13,,,,,,,
1991/08/12,10.5,,10.5,,10.14,,,,,,,
1991/08/13,10.5,,10.5,,10.1,,,,,,,
1991/08/14,10.5,,10.5,,10.07,,,,,,,
1991/08/15,10.5,,10.53,,10.03,,,,,,,
1991/08/16,10.5,,10.6,,10,,,,,,,
1991/08/19,10.5,,10.55,,9.97,,,,,,,
1991/08/20,10.5,,10.55,,9.95,,,,,,,
1991/08/21,10.5,,10.53,,10.08,,,,,,,
1991/08/22,10.5,,10.58,,10.13,,,,,,,
1991/08/23,10.5,,10.55,,10.22,,,,,,,
1991/08/26,10.5,,10.55,,10.25,,,,,,,
1991/08/27,10.5,,10.55,,10.23,,,,,,,
1991/08/28,10.5,,10.55,,10.17,,,,,,,
1991/08/29,10.5,,10.55,,10.16,,,,,,,
1991/08/30,10.5,,10.55,,10.22,,,,,,,
1991/09/02,10.5,,10.6,,10.15,,,,,,,
1991/09/03,9.5,-1,9.65,,9.55,,,,,,,
1991/09/04,9.5,,9.68,,9.57,,,,,,,
1991/09/05,9.5,,9.48,,9.55,,,,,,,
1991/09/06,9.5,,9.45,,9.58,,,,,,,
1991/09/09,9.5,,9.55,,9.57,,,,,,,
1991/09/10,9.5,,9.55,,9.57,,,,,,,
1991/09/11,9.5,,9.55,,9.58,,,,,,,
1991/09/12,9.5,,9.55,,9.56,,,,,,,
1991/09/13,9.5,,9.5,,9.52,,,,,,,
1991/09/16,9.5,,9.55,,9.57,,,,,,,
1991/09/17,9.5,,9.58,,9.56,,,,,,,
1991/09/18,9.5,,9.55,,9.55,,,,,,,
1991/09/19,9.5,,9.5,,9.55,,,,,,,
1991/09/20,9.5,,9.48,,9.53,,,,,,,
1991/09/23,9.5,,9.5,,9.54,,,,,,,
1991/09/24,9.5,,9.55,,9.54,,,,,,,
1991/09/25,9.5,,9.55,,9.55,,,,,,,
1991/09/26,9.5,,9.55,,9.54,,,,,,,
1991/09/27,9.5,,9.5,,9.51,,,,,,,
1991/09/30,9.5,,9.6,,9.51,,,,,,,
1991/10/01,9.5,,9.55,,9.46,,,,,,,
1991/10/02,9.5,,9.45,,9.42,,,,,,,
1991/10/03,9.5,,9.43,,9.35,,,,,,,
1991/10/04,9.5,,9.45,,9.25,,,,,,,
1991/10/07,9.5,,9.5,,9.25,,,,,,,
1991/10/08,9.5,,9.48,,9.19,,,,,,,
1991/10/09,9.5,,9.5,,9.1,,,,,,,
1991/10/10,9.5,,9.53,,9.08,,,,,,,
1991/10/11,9.5,,9.48,,9.06,,,,,,,
1991/10/14,9.5,,9.5,,8.94,,,,,,,
1991/10/15,9.5,,9.55,,8.93,,,,,,,
1991/10/16,9.5,,9.5,,8.98,,,,,,,
1991/10/17,9.5,,9.53,,8.87,,,,,,,
1991/10/18,9.5,,9.5,,8.92,,,,,,,
1991/10/21,9.5,,9.5,,8.88,,,,,,,
1991/10/22,9.5,,9.6,,8.88,,,,,,,
1991/10/23,9.5,,9.55,,8.79,,,,,,,
1991/10/24,9.5,,9.5,,8.75,,,,,,,
1991/10/25,9.5,,9.45,,8.76,,,,,,,
1991/10/28,9.5,,9.45,,8.71,,,,,,,
1991/10/29,9.5,,9.45,,8.7,,,,,,,
1991/10/30,9.5,,9.45,,8.55,,,,,,,
1991/10/31,9.5,,9.47,,8.5,,,,,,,
1991/11/01,9.5,,9.45,,8.45,,,,,,,
1991/11/04,9.5,,9.35,,8.43,,,,,,,
1991/11/05,9.5,,9.3,,8.4,,,,,,,
1991/11/06,8.5,-1,8.65,,8.4,,,,,,,
1991/11/07,8.5,,8.5,,8.33,,,,,,,
1991/11/08,8.5,,8.45,,8.34,,,,,,,
1991/11/11,8.5,,8.5,,8.39,,,,,,,
1991/11/12,8.5,,8.5,,8.38,,,,,,,
1991/11/13,8.5,,8.6,,8.39,,,,,,,
1991/11/14,8.5,,8.55,,8.4,,,,,,,
1991/11/15,8.5,,8.48,,8.38,,,,,,,
1991/11/18,8.5,,8.48,,8.32,,,,,,,
1991/11/19,8.5,,8.5,,8.34,,,,,,,
1991/11/20,8.5,,8.5,,8.35,,,,,,,
1991/11/21,8.5,,8.5,,8.35,,,,,,,
1991/11/22,8.5,,8.48,,8.3,,,,,,,
1991/11/25,8.5,,8.55,,8.27,,,,,,,
1991/11/26,8.5,,8.6,,8.21,,,,,,,
1991/11/27,8.5,,8.5,,8.22,,,,,,,
1991/11/28,8.5,,8.5,,8.22,,,,,,,
1991/11/29,8.5,,8.5,,8.25,,,,,,,
1991/12/02,8.5,,8.48,,8.12,,,,,,,
1991/12/03,8.5,,8.45,,8.09,,,,,,,
1991/12/04,8.5,,8.4,,8.15,,,,,,,
1991/12/05,8.5,,8.43,,7.93,,,,,,,
1991/12/06,8.5,,8.43,,7.79,,,,,,,
1991/12/09,8.5,,8.6,,7.74,,,,,,,
1991/12/10,8.5,,8.55,,7.85,,,,,,,
1991/12/11,8.5,,8.6,,7.88,,,,,,,
1991/12/12,8.5,,8.53,,7.75,,,,,,,
1991/12/13,8.5,,8.5,,7.85,,,,,,,
1991/12/16,8.5,,8.5,,7.9,,,,,,,
1991/12/17,8.5,,8.5,,7.96,,,,,,,
1991/12/18,8.5,,8.55,,7.95,,,,,,,
1991/12/19,8.5,,8.55,,7.75,,,,,,,
1991/12/20,8.5,,8.47,,7.8,,,,,,,
1991/12/23,8.5,,8.5,,7.7,,,,,,,
1991/12/24,8.5,,8.55,,7.68,,,,,,,
1991/12/27,8.5,,8.5,,7.72,,,,,,,
1991/12/30,8.5,,8.55,,7.6,,,,,,,
1991/12/31,8.5,,8.65,,7.6,,,,,,,
1992/01/02,8.5,,8.55,,7.5,,,,,,,
1992/01/03,8.5,,8.5,,7.45,,,,,,,
1992/01/06,8.5,,8.5,,7.4,,,,,,,
1992/01/07,8.5,,8.5,,7.35,,,,,,,
1992/01/08,7.5,-1,7.75,,7.35,,,,,,,
1992/01/09,7.5,,7.5,,7.25,,,,,,,
1992/01/10,7.5,,7.5,,7.32,,,,,,,
1992/01/13,7.5,,7.5,,7.37,,,,,,,
1992/01/14,7.5,,7.55,,7.36,,,,,,,
1992/01/15,7.5,,7.55,,7.43,,,,,,,
1992/01/16,7.5,,7.55,,7.4,,,,,,,
1992/01/17,7.5,,7.5,,7.45,,,,,,,
1992/01/20,7.5,,7.55,,7.43,,,,,,,
1992/01/21,7.5,,7.57,,7.45,,,,,,,
1992/01/22,7.5,,7.6,,7.5,,,,,,,
1992/01/23,7.5,,7.6,,7.5,,,,,,,
1992/01/24,7.5,,7.55,,7.53,,,,,,,
1992/01/28,7.5,,7.55,,7.59,,,,,,,
1992/01/29,7.5,,7.65,,7.57,,,,,,,
1992/01/30,7.5,,7.65,,7.6,,,,,,,
1992/01/31,7.5,,7.6,,7.57,,,,,,,
1992/02/03,7.5,,7.6,,7.57,,,,,,,
1992/02/04,7.5,,7.55,,7.58,,,,,,,
1992/02/05,7.5,,7.5,,7.57,,,,,,,
1992/02/06,7.5,,7.5,,7.54,,,,,,,
1992/02/07,7.5,,7.5,,7.54,,,,,,,
1992/02/10,7.5,,7.55,,7.54,,,,,,,
1992/02/11,7.5,,7.65,,7.52,,,,,,,
1992/02/12,7.5,,7.65,,7.53,,,,,,,
1992/02/13,7.5,,7.55,,7.51,,,,,,,
1992/02/14,7.5,,7.45,,7.54,,,,,,,
1992/02/17,7.5,,7.45,,7.51,,,,,,,
1992/02/18,7.5,,7.45,,7.47,,,,,,,
1992/02/19,7.5,,7.5,,7.5,,,,,,,
1992/02/20,7.5,,7.5,,7.5,,,,,,,
1992/02/21,7.5,,7.5,,7.49,,,,,,,
1992/02/24,7.5,,7.55,,7.5,,,,,,,
1992/02/25,7.5,,7.55,,7.51,,,,,,,
1992/02/26,7.5,,7.5,,7.5,,,,,,,
1992/02/27,7.5,,7.47,,7.5,,,,,,,
1992/02/28,7.5,,7.4,,7.48,,,,,,,
1992/03/02,7.5,,7.45,,7.47,,,,,,,
1992/03/03,7.5,,7.45,,7.45,,,,,,,
1992/03/04,7.5,,7.4,,7.45,,,,,,,
1992/03/05,7.5,,7.4,,7.46,,,,,,,
1992/03/06,7.5,,7.4,,7.47,,,,,,,
1992/03/09,7.5,,7.5,,7.45,,,,,,,
1992/03/10,7.5,,7.55,,7.48,,,,,,,
1992/03/11,7.5,,7.5,,7.48,,,,,,,
1992/03/12,7.5,,7.5,,7.48,,,,,,,
1992/03/13,7.5,,7.5,,7.5,,,,,,,
1992/03/16,7.5,,7.6,,7.53,,,,,,,
1992/03/17,7.5,,7.7,,7.58,,,,,,,
1992/03/18,7.5,,7.55,,7.55,,,,,,,
1992/03/19,7.5,,7.5,,7.54,,,,,,,
1992/03/20,7.5,,7.5,,7.54,,,,,,,
1992/03/23,7.5,,7.6,,7.54,,,,,,,
1992/03/24,7.5,,7.7,,7.57,,,,,,,
1992/03/25,7.5,,7.8,,7.58,,,,,,,
1992/03/26,7.5,,7.6,,7.57,,,,,,,
1992/03/27,7.5,,7.45,,7.54,,,,,,,
1992/03/30,7.5,,7.55,,7.54,,,,,,,
1992/03/31,7.5,,7.6,,7.55,,,,,,,
1992/04/01,7.5,,7.5,,7.5,,,,,,,
1992/04/02,7.5,,7.45,,7.48,,,,,,,
1992/04/03,7.5,,7.4,,7.44,,,,,,,
1992/04/06,7.5,,7.43,,7.37,,,,,,,
1992/04/07,7.5,,7.45,,7.38,,,,,,,
1992/04/08,7.5,,7.55,,7.39,,,,,,,
1992/04/09,7.5,,7.55,,7.38,,,,,,,
1992/04/10,7.5,,7.45,,7.34,,,,,,,
1992/04/13,7.5,,7.45,,7.22,,,,,,,
1992/04/14,7.5,,7.5,,7.17,,,,,,,
1992/04/15,7.5,,7.57,,7.18,,,,,,,
1992/04/16,7.5,,7.55,,7.14,,,,,,,
1992/04/21,7.5,,7.55,,7.12,,,,,,,
1992/04/22,7.5,,7.55,,7.11,,,,,,,
1992/04/23,7.5,,7.5,,7.08,,,,,,,
1992/04/24,7.5,,7.5,,7.06,,,,,,,
1992/04/27,7.5,,7.5,,6.96,,,,,,,
1992/04/28,7.5,,7.55,,6.93,,,,,,,
1992/04/29,7.5,,7.55,,6.73,,,,,,,
1992/04/30,7.5,,7.55,,6.68,,,,,,,
1992/05/01,7.5,,7.45,,6.65,,,,,,,
1992/05/04,7.5,,7.4,,6.6,,,,,,,
1992/05/05,7.5,,7.3,,6.63,,,,,,,
1992/05/06,6.5,-1,7,,6.6,,,,,,,
1992/05/07,6.5,,6.55,,6.57,,,,,,,
1992/05/08,6.5,,6.6,,6.56,,,,,,,
1992/05/11,6.5,,6.55,,6.55,,,,,,,
1992/05/12,6.5,,6.6,,6.57,,,,,,,
1992/05/13,6.5,,6.6,,6.59,,,,,,,
1992/05/14,6.5,,6.55,,6.58,,,,,,,
1992/05/15,6.5,,6.55,,6.59,,,,,,,
1992/05/18,6.5,,6.55,,6.58,,,,,,,
1992/05/19,6.5,,6.6,,6.58,,,,,,,
1992/05/20,6.5,,6.55,,6.54,,,,,,,
1992/05/21,6.5,,6.45,,6.53,,,,,,,
1992/05/22,6.5,,6.45,,6.49,,,,,,,
1992/05/25,6.5,,6.55,,6.5,,,,,,,
1992/05/26,6.5,,6.55,,6.49,,,,,,,
1992/05/27,6.5,,6.63,,6.5,,,,,,,
1992/05/28,6.5,,6.5,,6.5,,,,,,,
1992/05/29,6.5,,6.5,,6.53,,,,,,,
1992/06/01,6.5,,6.55,,6.51,,,,,,,
1992/06/02,6.5,,6.6,,6.5,,,,,,,
1992/06/03,6.5,,6.65,,6.48,,,,,,,
1992/06/04,6.5,,6.5,,6.5,,,,,,,
1992/06/05,6.5,,6.4,,6.48,,,,,,,
1992/06/09,6.5,,6.5,,6.47,,,,,,,
1992/06/10,6.5,,6.6,,6.48,,,,,,,
1992/06/11,6.5,,6.65,,6.48,,,,,,,
1992/06/12,6.5,,6.5,,6.45,,,,,,,
1992/06/15,6.5,,6.55,,6.41,,,,,,,
1992/06/16,6.5,,6.55,,6.37,,,,,,,
1992/06/17,6.5,,6.6,,6.4,,,,,,,
1992/06/18,6.5,,6.55,,6.42,,,,,,,
1992/06/19,6.5,,6.5,,6.37,,,,,,,
1992/06/22,6.5,,6.5,,6.42,,,,,,,
1992/06/23,6.5,,6.55,,6.4,,,,,,,
1992/06/24,6.5,,6.55,,6.43,,,,,,,
1992/06/25,6.5,,6.55,,6.34,,,,,,,
1992/06/26,6.5,,6.5,,6.32,,,,,,,
1992/06/29,6.5,,6.65,,6.29,,,,,,,
1992/06/30,6.5,,7,,6.23,,,,,,,
1992/07/01,6.5,,6.55,,6,,,,,,,
1992/07/02,6.5,,6.45,,5.76,,,,,,,
1992/07/03,6.5,,6.35,,5.7,,,,,,,
1992/07/06,6.5,,6.35,,5.72,,,,,,,
1992/07/07,6.5,,6.25,,5.68,,,,,,,
1992/07/08,5.75,-0.75,6,,5.78,,,,,,,
1992/07/09,5.75,,5.8,,5.69,,,,,,,
1992/07/10,5.75,,5.75,,5.65,,,,,,,
1992/07/13,5.75,,5.75,,5.68,,,,,,,
1992/07/14,5.75,,5.75,,5.69,,,,,,,
1992/07/15,5.75,,5.85,,5.65,,,,,,,
1992/07/16,5.75,,5.8,,5.6,,,,,,,
1992/07/17,5.75,,5.73,,5.6,,,,,,,
1992/07/20,5.75,,5.7,,5.65,,,,,,,
1992/07/21,5.75,,5.7,,5.65,,,,,,,
1992/07/22,5.75,,5.73,,5.6,,,,,,,
1992/07/23,5.75,,5.75,,5.6,,,,,,,
1992/07/24,5.75,,5.75,,5.58,,,,,,,
1992/07/27,5.75,,5.83,,5.58,,,,,,,
1992/07/28,5.75,,5.9,,5.55,,,,,,,
1992/07/29,5.75,,6.1,,5.45,,,,,,,
1992/07/30,5.75,,5.9,,5.47,,,,,,,
1992/07/31,5.75,,5.75,,5.48,,,,,,,
1992/08/03,5.75,,5.75,,5.48,,,,,,,
1992/08/04,5.75,,5.7,,5.45,,,,,,,
1992/08/05,5.75,,5.75,,5.49,,,,,,,
1992/08/06,5.75,,5.65,,5.5,,,,,,,
1992/08/07,5.75,,5.65,,5.55,,,,,,,
1992/08/10,5.75,,5.75,,5.65,,,,,,,
1992/08/11,5.75,,5.85,,5.6,,,,,,,
1992/08/12,5.75,,5.95,,5.68,,,,,,,
1992/08/13,5.75,,6.75,,5.76,,,,,,,
1992/08/14,5.75,,5.9,,5.77,,,,,,,
1992/08/17,5.75,,5.75,,5.77,,,,,,,
1992/08/18,5.75,,5.75,,5.73,,,,,,,
1992/08/19,5.75,,5.7,,5.65,,,,,,,
1992/08/20,5.75,,5.75,,5.75,,,,,,,
1992/08/21,5.75,,5.75,,5.78,,,,,,,
1992/08/24,5.75,,5.9,,5.84,,,,,,,
1992/08/25,5.75,,6.05,,6,,,,,,,
1992/08/26,5.75,,6.6,,6.09,,,,,,,
1992/08/27,5.75,,5.8,,5.93,,,,,,,
1992/08/28,5.75,,5.7,,5.9,,,,,,,
1992/08/31,5.75,,5.65,,6,,,,,,,
1992/09/01,5.75,,5.65,,6.06,,,,,,,
1992/09/02,5.75,,5.6,,6,,,,,,,
1992/09/03,5.75,,5.6,,6,,,,,,,
1992/09/04,5.75,,5.5,,5.95,,,,,,,
1992/09/07,5.75,,5.6,,5.91,,,,,,,
1992/09/08,5.75,,5.8,,5.92,,,,,,,
1992/09/09,5.75,,5.77,,5.99,,,,,,,
1992/09/10,5.75,,5.78,,5.94,,,,,,,
1992/09/11,5.75,,5.7,,5.9,,,,,,,
1992/09/14,5.75,,5.75,,5.82,,,,,,,
1992/09/15,5.75,,5.85,,5.85,,,,,,,
1992/09/16,5.75,,5.95,,5.91,,,,,,,
1992/09/17,5.75,,5.88,,5.95,,,,,,,
1992/09/18,5.75,,5.78,,5.95,,,,,,,
1992/09/21,5.75,,5.78,,5.95,,,,,,,
1992/09/22,5.75,,5.75,,5.93,,,,,,,
1992/09/23,5.75,,5.78,,5.95,,,,,,,
1992/09/24,5.75,,5.65,,5.95,,,,,,,
1992/09/25,5.75,,5.7,,5.9,,,,,,,
1992/09/28,5.75,,5.7,,5.93,,,,,,,
1992/09/29,5.75,,5.8,,5.95,,,,,,,
1992/09/30,5.75,,5.93,,6,,,,,,,
1992/10/01,5.75,,5.75,,5.93,,,,,,,
1992/10/02,5.75,,5.7,,5.86,,,,,,,
1992/10/05,5.75,,5.75,,5.89,,,,,,,
1992/10/06,5.75,,5.8,,5.87,,,,,,,
1992/10/07,5.75,,5.82,,5.89,,,,,,,
1992/10/08,5.75,,5.78,,5.89,,,,,,,
1992/10/09,5.75,,5.7,,5.86,,,,,,,
1992/10/12,5.75,,5.75,,5.87,,,,,,,
1992/10/13,5.75,,5.78,,5.84,,,,,,,
1992/10/14,5.75,,5.78,,5.84,,,,,,,
1992/10/15,5.75,,5.73,,5.84,,,,,,,
1992/10/16,5.75,,5.71,,5.84,,,,,,,
1992/10/19,5.75,,5.72,,5.84,,,,,,,
1992/10/20,5.75,,5.7,,5.83,,,,,,,
1992/10/21,5.75,,5.68,,5.82,,,,,,,
1992/10/22,5.75,,5.75,,5.8,,,,,,,
1992/10/23,5.75,,5.7,,5.81,,,,,,,
1992/10/26,5.75,,5.71,,5.83,,,,,,,
1992/10/27,5.75,,5.7,,5.83,,,,,,,
1992/10/28,5.75,,5.75,,5.87,,,,,,,
1992/10/29,5.75,,5.75,,5.91,,,,,,,
1992/10/30,5.75,,5.75,,5.94,,,,,,,
1992/11/02,5.75,,5.7,,5.9,,,,,,,
1992/11/03,5.75,,5.7,,5.89,,,,,,,
1992/11/04,5.75,,5.75,,5.86,,,,,,,
1992/11/05,5.75,,5.75,,5.88,,,,,,,
1992/11/06,5.75,,5.75,,5.87,,,,,,,
1992/11/09,5.75,,5.8,,5.87,,,,,,,
1992/11/10,5.75,,5.85,,5.88,,,,,,,
1992/11/11,5.75,,5.8,,5.9,,,,,,,
1992/11/12,5.75,,5.75,,5.9,,,,,,,
1992/11/13,5.75,,5.78,,5.87,,,,,,,
1992/11/16,5.75,,5.75,,5.88,,,,,,,
1992/11/17,5.75,,5.75,,5.89,,,,,,,
1992/11/18,5.75,,5.75,,5.88,,,,,,,
1992/11/19,5.75,,5.8,,5.87,,,,,,,
1992/11/20,5.75,,5.75,,5.87,,,,,,,
1992/11/23,5.75,,5.8,,5.86,,,,,,,
1992/11/24,5.75,,5.8,,5.87,,,,,,,
1992/11/25,5.75,,5.78,,5.87,,,,,,,
1992/11/26,5.75,,5.78,,5.87,,,,,,,
1992/11/27,5.75,,5.8,,5.87,,,,,,,
1992/11/30,5.75,,5.8,,5.87,,,,,,,
1992/12/01,5.75,,5.9,,5.92,,,,,,,
1992/12/02,5.75,,5.95,,5.92,,,,,,,
1992/12/03,5.75,,5.7,,5.89,,,,,,,
1992/12/04,5.75,,5.75,,5.87,,,,,,,
1992/12/07,5.75,,5.83,,5.88,,,,,,,
1992/12/08,5.75,,5.95,,5.88,,,,,,,
1992/12/09,5.75,,5.8,,5.9,,,,,,,
1992/12/10,5.75,,5.8,,5.89,,,,,,,
1992/12/11,5.75,,5.77,,5.9,,,,,,,
1992/12/14,5.75,,5.77,,5.87,,,,,,,
1992/12/15,5.75,,5.8,,5.9,,,,,,,
1992/12/16,5.75,,5.8,,5.89,,,,,,,
1992/12/17,5.75,,5.8,,5.9,,,,,,,
1992/12/18,5.75,,5.75,,5.9,,,,,,,
1992/12/21,5.75,,5.73,,5.91,,,,,,,
1992/12/22,5.75,,5.73,,5.9,,,,,,,
1992/12/23,5.75,,5.82,,5.9,,,,,,,
1992/12/24,5.75,,5.73,,5.9,,,,,,,
1992/12/29,5.75,,5.75,,5.9,,,,,,,
1992/12/30,5.75,,5.7,,5.91,,,,,,,
1992/12/31,5.75,,5.83,,5.94,,,,,,,
1993/01/04,5.75,,5.78,,5.9,,,,,,,
1993/01/05,5.75,,5.75,,5.89,,,,,,,
1993/01/06,5.75,,5.74,,5.9,,,,,,,
1993/01/07,5.75,,5.79,,5.91,,,,,,,
1993/01/08,5.75,,5.77,,5.91,,,,,,,
1993/01/11,5.75,,5.76,,5.9,,,,,,,
1993/01/12,5.75,,5.75,,5.89,,,,,,,
1993/01/13,5.75,,5.75,,5.9,,,,,,,
1993/01/14,5.75,,5.75,,5.9,,,,,,,
1993/01/15,5.75,,5.75,,5.9,,,,,,,
1993/01/18,5.75,,5.75,,5.88,,,,,,,
1993/01/19,5.75,,5.75,,5.85,,,,,,,
1993/01/20,5.75,,5.72,,5.86,,,,,,,
1993/01/21,5.75,,5.7,,5.85,,,,,,,
1993/01/22,5.75,,5.72,,5.86,,,,,,,
1993/01/25,5.75,,5.75,,5.87,,,,,,,
1993/01/26,5.75,,5.75,,5.86,,,,,,,
1993/01/27,5.75,,5.75,,5.86,,,,,,,
1993/01/28,5.75,,5.76,,5.86,,,,,,,
1993/01/29,5.75,,5.78,,5.85,,,,,,,
1993/02/01,5.75,,5.78,,5.86,,,,,,,
1993/02/02,5.75,,5.76,,5.86,,,,,,,
1993/02/03,5.75,,5.73,,5.85,,,,,,,
1993/02/04,5.75,,5.74,,5.84,,,,,,,
1993/02/05,5.75,,5.75,,5.83,,,,,,,
1993/02/08,5.75,,5.75,,5.85,,,,,,,
1993/02/09,5.75,,5.78,,5.87,,,,,,,
1993/02/10,5.75,,5.73,,5.87,,,,,,,
1993/02/11,5.75,,5.73,,5.86,,,,,,,
1993/02/12,5.75,,5.7,,5.86,,,,,,,
1993/02/15,5.75,,5.75,,5.85,,,,,,,
1993/02/16,5.75,,5.71,,5.85,,,,,,,
1993/02/17,5.75,,5.74,,5.83,,,,,,,
1993/02/18,5.75,,5.73,,5.83,,,,,,,
1993/02/19,5.75,,5.74,,5.8,,,,,,,
1993/02/22,5.75,,5.73,,5.8,,,,,,,
1993/02/23,5.75,,5.73,,5.81,,,,,,,
1993/02/24,5.75,,5.78,,5.79,,,,,,,
1993/02/25,5.75,,5.73,,5.75,,,,,,,
1993/02/26,5.75,,5.7,,5.57,,,,,,,
1993/03/01,5.75,,5.71,,5.35,,,,,,,
1993/03/02,5.75,,5.7,,5.35,,,,,,,
1993/03/03,5.75,,5.71,,5.4,,,,,,,
1993/03/04,5.75,,5.7,,5.48,,,,,,,
1993/03/05,5.75,,5.7,,5.44,,,,,,,
1993/03/08,5.75,,5.72,,5.47,,,,,,,
1993/03/09,5.75,,5.73,,5.54,,,,,,,
1993/03/10,5.75,,5.73,,5.51,,,,,,,
1993/03/11,5.75,,5.76,,5.49,,,,,,,
1993/03/12,5.75,,5.76,,5.55,,,,,,,
1993/03/15,5.75,,5.78,,5.44,,,,,,,
1993/03/16,5.75,,5.82,,5.27,,,,,,,
1993/03/17,5.75,,5.8,,5.26,,,,,,,
1993/03/18,5.75,,5.76,,5.24,,,,,,,
1993/03/19,5.75,,5.75,,5.29,,,,,,,
1993/03/22,5.75,,5.8,,5.25,,,,,,,
1993/03/23,5.25,-0.5,5.47,,5.31,,,,,,,
1993/03/24,5.25,,5.45,,5.32,,,,,,,
1993/03/25,5.25,,5.25,,5.32,,,,,,,
1993/03/26,5.25,,5.21,,5.33,,,,,,,
1993/03/29,5.25,,5.25,,5.35,,,,,,,
1993/03/30,5.25,,5.28,,5.34,,,,,,,
1993/03/31,5.25,,5.32,,5.34,,,,,,,
1993/04/01,5.25,,5.27,,5.33,,,,,,,
1993/04/02,5.25,,5.21,,5.33,,,,,,,
1993/04/05,5.25,,5.23,,5.34,,,,,,,
1993/04/06,5.25,,5.24,,5.32,,,,,,,
1993/04/07,5.25,,5.26,,5.29,,,,,,,
1993/04/08,5.25,,5.24,,5.28,,,,,,,
1993/04/13,5.25,,5.27,,5.28,,,,,,,
1993/04/14,5.25,,5.27,,5.26,,,,,,,
1993/04/15,5.25,,5.25,,5.27,,,,,,,
1993/04/16,5.25,,5.24,,5.26,,,,,,,
1993/04/19,5.25,,5.25,,5.27,,,,,,,
1993/04/20,5.25,,5.25,,5.23,,,,,,,
1993/04/21,5.25,,5.25,,5.23,,,,,,,
1993/04/22,5.25,,5.23,,5.24,,,,,,,
1993/04/23,5.25,,5.25,,5.24,,,,,,,
1993/04/26,5.25,,5.25,,5.25,,,,,,,
1993/04/27,5.25,,5.25,,5.24,,,,,,,
1993/04/28,5.25,,5.25,,5.25,,,,,,,
1993/04/29,5.25,,5.24,,5.22,,,,,,,
1993/04/30,5.25,,5.25,,5.21,,,,,,,
1993/05/03,5.25,,5.27,,5.2,,,,,,,
1993/05/04,5.25,,5.28,,5.17,,,,,,,
1993/05/05,5.25,,5.25,,5.22,,,,,,,
1993/05/06,5.25,,5.25,,5.2,,,,,,,
1993/05/07,5.25,,5.25,,5.18,,,,,,,
1993/05/10,5.25,,5.23,,5.11,,,,,,,
1993/05/11,5.25,,5.25,,5.13,,,,,,,
1993/05/12,5.25,,5.23,,5.12,,,,,,,
1993/05/13,5.25,,5.23,,5.07,,,,,,,
1993/05/14,5.25,,5.25,,5.05,,,,,,,
1993/05/17,5.25,,5.26,,5.07,,,,,,,
1993/05/18,5.25,,5.3,,5.11,,,,,,,
1993/05/19,5.25,,5.25,,5.15,,,,,,,
1993/05/20,5.25,,5.23,,5.17,,,,,,,
1993/05/21,5.25,,5.24,,5.16,,,,,,,
1993/05/24,5.25,,5.25,,5.16,,,,,,,
1993/05/25,5.25,,5.26,,5.19,,,,,,,
1993/05/26,5.25,,5.28,,5.18,,,,,,,
1993/05/27,5.25,,5.28,,5.17,,,,,,,
1993/05/28,5.25,,5.3,,5.22,,,,,,,
1993/05/31,5.25,,5.29,,5.22,,,,,,,
1993/06/01,5.25,,5.3,,5.24,,,,,,,
1993/06/02,5.25,,5.28,,5.25,,,,,,,
1993/06/03,5.25,,5.28,,5.24,,,,,,,
1993/06/04,5.25,,5.26,,5.2,,,,,,,
1993/06/07,5.25,,5.26,,5.23,,,,,,,
1993/06/08,5.25,,5.26,,5.22,,,,,,,
1993/06/09,5.25,,5.27,,5.23,,,,,,,
1993/06/10,5.25,,5.28,,5.21,,,,,,,
1993/06/11,5.25,,5.29,,5.21,,,,,,,
1993/06/15,5.25,,5.3,,5.2,,,,,,,
1993/06/16,5.25,,5.27,,5.18,,,,,,,
1993/06/17,5.25,,5.28,,5.19,,,,,,,
1993/06/18,5.25,,5.23,,5.18,,,,,,,
1993/06/21,5.25,,5.24,,5.22,,,,,,,
1993/06/22,5.25,,5.26,,5.19,,,,,,,
1993/06/23,5.25,,5.26,,5.22,,,,,,,
1993/06/24,5.25,,5.25,,5.25,,,,,,,
1993/06/25,5.25,,5.25,,5.25,,,,,,,
1993/06/28,5.25,,5.26,,5.25,,,,,,,
1993/06/29,5.25,,5.27,,5.26,,,,,,,
1993/06/30,5.25,,5.35,,5.26,,,,,,,
1993/07/01,5.25,,5.29,,5.2,,,,,,,
1993/07/02,5.25,,5.26,,5.15,,,,,,,
1993/07/05,5.25,,5.28,,5.14,,,,,,,
1993/07/06,5.25,,5.28,,5.13,,,,,,,
1993/07/07,5.25,,5.3,,5.13,,,,,,,
1993/07/08,5.25,,5.27,,5.01,,,,,,,
1993/07/09,5.25,,5.26,,5,,,,,,,
1993/07/12,5.25,,5.26,,5.09,,,,,,,
1993/07/13,5.25,,5.24,,5.12,,,,,,,
1993/07/14,5.25,,5.26,,5.14,,,,,,,
1993/07/15,5.25,,5.25,,5.12,,,,,,,
1993/07/16,5.25,,5.26,,5.13,,,,,,,
1993/07/19,5.25,,5.25,,5.13,,,,,,,
1993/07/20,5.25,,5.25,,5.05,,,,,,,
1993/07/21,5.25,,5.26,,5,,,,,,,
1993/07/22,5.25,,5.23,,5.01,,,,,,,
1993/07/23,5.25,,5.25,,5,,,,,,,
1993/07/26,5.25,,5.25,,4.9,,,,,,,
1993/07/27,5.25,,5.21,,4.91,,,,,,,
1993/07/28,5.25,,5.2,,4.96,,,,,,,
1993/07/29,5.25,,5.25,,5.02,,,,,,,
1993/07/30,4.75,-0.5,4.91,,4.83,,,,,,,
1993/08/02,4.75,,4.75,,4.81,,,,,,,
1993/08/03,4.75,,4.83,,4.8,,,,,,,
1993/08/04,4.75,,4.8,,4.77,,,,,,,
1993/08/05,4.75,,4.79,,4.79,,,,,,,
1993/08/06,4.75,,4.78,,4.8,,,,,,,
1993/08/09,4.75,,4.77,,4.8,,,,,,,
1993/08/10,4.75,,4.77,,4.77,,,,,,,
1993/08/11,4.75,,4.82,,4.75,,,,,,,
1993/08/12,4.75,,4.8,,4.75,,,,,,,
1993/08/13,4.75,,4.81,,4.76,,,,,,,
1993/08/16,4.75,,4.81,,4.75,,,,,,,
1993/08/17,4.75,,4.78,,4.75,,,,,,,
1993/08/18,4.75,,4.76,,4.78,,,,,,,
1993/08/19,4.75,,4.72,,4.76,,,,,,,
1993/08/20,4.75,,4.73,,4.76,,,,,,,
1993/08/23,4.75,,4.75,,4.76,,,,,,,
1993/08/24,4.75,,4.72,,4.79,,,,,,,
1993/08/25,4.75,,4.76,,4.8,,,,,,,
1993/08/26,4.75,,4.72,,4.79,,,,,,,
1993/08/27,4.75,,4.76,,4.8,,,,,,,
1993/08/30,4.75,,4.77,,4.82,,,,,,,
1993/08/31,4.75,,4.76,,4.81,,,,,,,
1993/09/01,4.75,,4.76,,4.76,,,,,,,
1993/09/02,4.75,,4.75,,4.79,,,,,,,
1993/09/03,4.75,,4.73,,4.82,,,,,,,
1993/09/06,4.75,,4.75,,4.83,,,,,,,
1993/09/07,4.75,,4.7,,4.85,,,,,,,
1993/09/08,4.75,,4.69,,4.88,,,,,,,
1993/09/09,4.75,,4.72,,4.85,,,,,,,
1993/09/10,4.75,,4.71,,4.89,,,,,,,
1993/09/13,4.75,,4.75,,4.88,,,,,,,
1993/09/14,4.75,,4.73,,4.89,,,,,,,
1993/09/15,4.75,,4.72,,4.9,,,,,,,
1993/09/16,4.75,,4.74,,4.9,,,,,,,
1993/09/17,4.75,,4.7,,4.9,,,,,,,
1993/09/20,4.75,,4.7,,4.87,,,,,,,
1993/09/21,4.75,,4.71,,4.88,,,,,,,
1993/09/22,4.75,,4.68,,4.87,,,,,,,
1993/09/23,4.75,,4.7,,4.85,,,,,,,
1993/09/24,4.75,,4.72,,4.86,,,,,,,
1993/09/27,4.75,,4.74,,4.86,,,,,,,
1993/09/28,4.75,,4.74,,4.87,,,,,,,
1993/09/29,4.75,,4.73,,4.87,,,,,,,
1993/09/30,4.75,,4.73,,4.91,,,,,,,
1993/10/01,4.75,,4.68,,4.91,,,,,,,
1993/10/04,4.75,,,,,,,,,,,
1993/10/05,4.75,,4.68,,4.91,,,,,,,
1993/10/06,4.75,,4.67,,4.89,,,,,,,
1993/10/07,4.75,,4.68,,4.84,,,,,,,
1993/10/08,4.75,,4.69,,4.85,,,,,,,
1993/10/11,4.75,,4.69,,4.83,,,,,,,
1993/10/12,4.75,,4.69,,4.83,,,,,,,
1993/10/13,4.75,,4.68,,4.81,,,,,,,
1993/10/14,4.75,,4.68,,4.8,,,,,,,
1993/10/15,4.75,,4.68,,4.79,,,,,,,
1993/10/18,4.75,,4.68,,4.78,,,,,,,
1993/10/19,4.75,,4.68,,4.79,,,,,,,
1993/10/20,4.75,,4.68,,4.78,,,,,,,
1993/10/21,4.75,,4.69,,4.77,,,,,,,
1993/10/22,4.75,,4.7,,4.77,,,,,,,
1993/10/25,4.75,,4.7,,4.77,,,,,,,
1993/10/26,4.75,,4.7,,4.78,,,,,,,
1993/10/27,4.75,,4.7,,4.79,,,,,,,
1993/10/28,4.75,,4.7,,4.77,,,,,,,
1993/10/29,4.75,,4.7,,4.77,,,,,,,
1993/11/01,4.75,,4.7,,4.77,,,,,,,
1993/11/02,4.75,,4.71,,4.73,,,,,,,
1993/11/03,4.75,,4.71,,4.75,,,,,,,
1993/11/04,4.75,,4.7,,4.75,,,,,,,
1993/11/05,4.75,,4.71,,4.75,,,,,,,
1993/11/08,4.75,,4.71,,4.75,,,,,,,
1993/11/09,4.75,,4.71,,4.75,,,,,,,
1993/11/10,4.75,,4.71,,4.74,,,,,,,
1993/11/11,4.75,,4.71,,4.75,,,,,,,
1993/11/12,4.75,,4.71,,4.76,,,,,,,
1993/11/15,4.75,,4.71,,4.78,,,,,,,
1993/11/16,4.75,,4.72,,4.8,,,,,,,
1993/11/17,4.75,,4.71,,4.78,,,,,,,
1993/11/18,4.75,,4.71,,4.78,,,,,,,
1993/11/19,4.75,,4.72,,4.81,,,,,,,
1993/11/22,4.75,,4.71,,4.85,,,,,,,
1993/11/23,4.75,,4.72,,4.83,,,,,,,
1993/11/24,4.75,,4.71,,4.82,,,,,,,
1993/11/25,4.75,,4.71,,4.83,,,,,,,
1993/11/26,4.75,,4.72,,4.82,,,,,,,
1993/11/29,4.75,,4.72,,4.83,,,,,,,
1993/11/30,4.75,,4.71,,4.82,,,,,,,
1993/12/01,4.75,,4.71,,4.84,,,,,,,
1993/12/02,4.75,,4.71,,4.84,,,,,,,
1993/12/03,4.75,,4.72,,4.81,,,,,,,
1993/12/06,4.75,,4.71,,4.8158,,,,,,,
1993/12/07,4.75,,4.72,,4.79,,,,,,,
1993/12/08,4.75,,4.72,,4.81,,,,,,,
1993/12/09,4.75,,4.71,,4.8,,,,,,,
1993/12/10,4.75,,4.72,,4.82,,,,,,,
1993/12/13,4.75,,4.72,,4.83,,,,,,,
1993/12/14,4.75,,4.72,,4.82,,,,,,,
1993/12/15,4.75,,4.73,,4.82,,,,,,,
1993/12/16,4.75,,4.74,,4.83,,,,,,,
1993/12/17,4.75,,4.74,,4.83,,,,,,,
1993/12/20,4.75,,4.74,,4.82,,,,,,,
1993/12/21,4.75,,4.74,,4.83,,,,,,,
1993/12/22,4.75,,4.74,,4.83,,,,,,,
1993/12/23,4.75,,4.73,,4.83,,,,,,,
1993/12/24,4.75,,4.73,,4.83,,,,,,,
1993/12/29,4.75,,4.73,,4.84,,,,,,,
1993/12/30,4.75,,4.72,,4.84,,,,,,,
1993/12/31,4.75,,4.72,,4.84,,,,,,,
1994/01/04,4.75,,4.72,,4.84,,,,,,,
1994/01/05,4.75,,4.72,,4.85,,,,,,,
1994/01/06,4.75,,4.71,,4.84,,,,,,,
1994/01/07,4.75,,4.7,,4.84,,,,,,,
1994/01/10,4.75,,4.71,,4.84,,,,,,,
1994/01/11,4.75,,4.7,,4.82,,,,,,,
1994/01/12,4.75,,4.7,,4.81,,,,,,,
1994/01/13,4.75,,4.7,,4.8,,,,,,,
1994/01/14,4.75,,4.7,,4.81,,,,,,,
1994/01/17,4.75,,4.7,,4.8,,,,,,,
1994/01/18,4.75,,4.7,,4.8,,,,,,,
1994/01/19,4.75,,4.71,,4.8,,,,,,,
1994/01/20,4.75,,4.7,,4.79,,,,,,,
1994/01/21,4.75,,4.7,,4.79,,,,,,,
1994/01/24,4.75,,4.7,,4.79,,,,,,,
1994/01/25,4.75,,4.71,,4.8,,,,,,,
1994/01/27,4.75,,4.71,,4.78,,,,,,,
1994/01/28,4.75,,4.71,,4.78,,,,,,,
1994/01/31,4.75,,4.72,,4.77,,,,,,,
1994/02/01,4.75,,4.71,,4.77,,,,,,,
1994/02/02,4.75,,4.71,,4.77,,,,,,,
1994/02/03,4.75,,4.71,,4.76,,,,,,,
1994/02/04,4.75,,4.71,,4.78,,,,,,,
1994/02/07,4.75,,4.71,,4.79,,,,,,,
1994/02/08,4.75,,4.71,,4.79,,,,,,,
1994/02/09,4.75,,4.71,,4.78,,,,,,,
1994/02/10,4.75,,4.71,,4.77,,,,,,,
1994/02/11,4.75,,4.71,,4.78,,,,,,,
1994/02/14,4.75,,4.71,,4.79,,,,,,,
1994/02/15,4.75,,4.71,,4.795,,,,,,,
1994/02/16,4.75,,4.71,,4.8,,,,,,,
1994/02/17,4.75,,4.71,,4.79,,,,,,,
1994/02/18,4.75,,4.71,,4.81,,,,,,,
1994/02/21,4.75,,4.71,,4.825,,,,,,,
1994/02/22,4.75,,4.71,,4.82,,,,,,,
1994/02/23,4.75,,4.71,,4.82,,,,,,,
1994/02/24,4.75,,4.71,,4.85,,,,,,,
1994/02/25,4.75,,4.72,,4.85,,,,,,,
1994/02/28,4.75,,4.72,,4.85,,,,,,,
1994/03/01,4.75,,4.72,,4.82,,,,,,,
1994/03/02,4.75,,4.72,,4.87,,,,,,,
1994/03/03,4.75,,4.72,,4.84,,,,,,,
1994/03/04,4.75,,4.72,,4.83,,,,,,,
1994/03/07,4.75,,4.72,,4.84,,,,,,,
1994/03/08,4.75,,4.71,,4.82,,,,,,,
1994/03/09,4.75,,4.71,,4.82,,,,,,,
1994/03/10,4.75,,4.71,,4.83,,,,,,,
1994/03/11,4.75,,4.72,,4.91,,,,,,,
1994/03/14,4.75,,4.72,,4.84,,,,,,,
1994/03/15,4.75,,4.72,,4.87,,,,,,,
1994/03/16,4.75,,4.72,,4.87,,,,,,,
1994/03/17,4.75,,4.72,,4.87,,,,,,,
1994/03/18,4.75,,4.73,,4.88,,,,,,,
1994/03/21,4.75,,4.73,,4.93,,,,,,,
1994/03/22,4.75,,4.73,,4.93,,,,,,,
1994/03/23,4.75,,4.73,,4.91,,,,,,,
1994/03/24,4.75,,4.73,,4.91,,,,,,,
1994/03/25,4.75,,4.74,,4.93,,,,,,,
1994/03/28,4.75,,4.74,,4.9308,,,,,,,
1994/03/29,4.75,,4.74,,4.94,,,,,,,
1994/03/30,4.75,,4.73,,4.97,,,,,,,
1994/03/31,4.75,,4.68,,4.97,,,,,,,
1994/04/05,4.75,,4.7,,4.99,,,,,,,
1994/04/06,4.75,,4.68,,4.97,,,,,,,
1994/04/07,4.75,,4.69,,4.97,,,,,,,
1994/04/08,4.75,,4.68,,4.95,,,,,,,
1994/04/11,4.75,,4.69,,4.97,,,,,,,
1994/04/12,4.75,,4.69,,4.95,,,,,,,
1994/04/13,4.75,,4.68,,4.8967,,,,,,,
1994/04/14,4.75,,4.68,,4.9,,,,,,,
1994/04/15,4.75,,4.67,,4.89,,,,,,,
1994/04/18,4.75,,4.67,,4.91,,,,,,,
1994/04/19,4.75,,4.68,,4.94,,,,,,,
1994/04/20,4.75,,4.68,,4.93,,,,,,,
1994/04/21,4.75,,4.68,,4.93,,,,,,,
1994/04/22,4.75,,4.7,,4.84,,,,,,,
1994/04/26,4.75,,4.7,,4.85,,,,,,,
1994/04/27,4.75,,4.71,,4.85,,,,,,,
1994/04/28,4.75,,4.71,,4.86,,,,,,,
1994/04/29,4.75,,4.71,,4.89,,,,,,,
1994/05/02,4.75,,4.7,,4.91,,,,,,,
1994/05/03,4.75,,4.7,,4.91,,,,,,,
1994/05/04,4.75,,4.68,,4.91,,,,,,,
1994/05/05,4.75,,4.66,,4.88,,,,,,,
1994/05/06,4.75,,4.66,,4.85,,,,,,,
1994/05/09,4.75,,4.65,,4.87,,,,,,,
1994/05/10,4.75,,4.65,,4.86,,,,,,,
1994/05/11,4.75,,4.66,,4.85,,,,,,,
1994/05/12,4.75,,4.66,,4.83,,,,,,,
1994/05/13,4.75,,4.66,,4.82,,,,,,,
1994/05/16,4.75,,4.66,,4.85,,,,,,,
1994/05/17,4.75,,4.66,,4.83,,,,,,,
1994/05/18,4.75,,4.66,,4.83,,,,,,,
1994/05/19,4.75,,4.66,,4.84,,,,,,,
1994/05/20,4.75,,4.67,,4.84,,,,,,,
1994/05/23,4.75,,4.67,,4.84,,,,,,,
1994/05/24,4.75,,4.67,,4.84,,,,,,,
1994/05/25,4.75,,4.69,,4.84,,,,,,,
1994/05/26,4.75,,4.7,,4.84,,,,,,,
1994/05/27,4.75,,4.69,,4.84,,,,,,,
1994/05/30,4.75,,4.69,,4.8375,,,,,,,
1994/05/31,4.75,,4.7,,4.83,,,,,,,
1994/06/01,4.75,,4.71,,4.83,,,,,,,
1994/06/02,4.75,,4.7,,4.86,,,,,,,
1994/06/03,4.75,,4.71,,4.84,,,,,,,
1994/06/06,4.75,,4.69,,4.85,,,,,,,
1994/06/07,4.75,,4.69,,4.85,,,,,,,
1994/06/08,4.75,,4.67,,4.85,,,,,,,
1994/06/09,4.75,,4.67,,4.87,,,,,,,
1994/06/10,4.75,,4.67,,4.87,,,,,,,
1994/06/14,4.75,,4.67,,4.9,,,,,,,
1994/06/15,4.75,,4.67,,4.91,,,,,,,
1994/06/16,4.75,,4.67,,4.97,,,,,,,
1994/06/17,4.75,,4.68,,4.98,,,,,,,
1994/06/20,4.75,,4.67,,5.08,,,,,,,
1994/06/21,4.75,,4.67,,5.32,,,,,,,
1994/06/22,4.75,,4.69,,5.45,,,,,,,
1994/06/23,4.75,,4.68,,5.26,,,,,,,
1994/06/24,4.75,,4.69,,5.28,,,,,,,
1994/06/27,4.75,,4.68,,5.56,,,,,,,
1994/06/28,4.75,,4.69,,5.55,,,,,,,
1994/06/29,4.75,,4.7,,5.69,,,,,,,
1994/06/30,4.75,,4.66,,5.78,,,,,,,
1994/07/01,4.75,,4.6,,5.76,,,,,,,
1994/07/04,4.75,,4.6,,5.67,,,,,,,
1994/07/05,4.75,,4.58,,5.58,,,,,,,
1994/07/06,4.75,,4.59,,5.43,,,,,,,
1994/07/07,4.75,,4.62,,5.35,,,,,,,
1994/07/08,4.75,,4.64,,5.32,,,,,,,
1994/07/11,4.75,,4.66,,5.38,,,,,,,
1994/07/12,4.75,,4.68,,5.44,,,,,,,
1994/07/13,4.75,,4.68,,5.44,,,,,,,
1994/07/14,4.75,,4.68,,5.43,,,,,,,
1994/07/15,4.75,,4.68,,5.3,,,,,,,
1994/07/18,4.75,,4.68,,5.39,,,,,,,
1994/07/19,4.75,,4.67,,5.23,,,,,,,
1994/07/20,4.75,,4.68,,5.17,,,,,,,
1994/07/21,4.75,,4.68,,5.25,,,,,,,
1994/07/22,4.75,,4.68,,5.33,,,,,,,
1994/07/25,4.75,,4.68,,5.4,,,,,,,
1994/07/26,4.75,,4.68,,5.52,,,,,,,
1994/07/27,4.75,,4.69,,5.41,,,,,,,
1994/07/28,4.75,,4.69,,5.36,,,,,,,
1994/07/29,4.75,,4.69,,5.435,,,,,,,
1994/08/01,4.75,,4.69,,5.39,,,,,,,
1994/08/02,4.75,,4.69,,5.38,,,,,,,
1994/08/03,4.75,,4.69,,5.44,,,,,,,
1994/08/04,4.75,,4.7,,5.49,,,,,,,
1994/08/05,4.75,,4.7,,5.47,,,,,,,
1994/08/08,4.75,,4.69,,5.58,,,,,,,
1994/08/09,4.75,,4.67,,5.59,,,,,,,
1994/08/10,4.75,,4.69,,5.56,,,,,,,
1994/08/11,4.75,,4.68,,5.65,,,,,,,
1994/08/12,4.75,,4.69,,5.67,,,,,,,
1994/08/15,4.75,,4.68,,5.53,,,,,,,
1994/08/16,4.75,,4.66,,5.67,,,,,,,
1994/08/17,5.5,0.75,4.78,,5.7,,,,,,,
1994/08/18,5.5,,5.34,,5.65,,,,,,,
1994/08/19,5.5,,5.38,,5.63,,,,,,,
1994/08/22,5.5,,5.4,,5.62,,,,,,,
1994/08/23,5.5,,5.42,,5.66,,,,,,,
1994/08/24,5.5,,5.43,,5.65,,,,,,,
1994/08/25,5.5,,5.43,,5.65,,,,,,,
1994/08/26,5.5,,5.42,,5.67,,,,,,,
1994/08/29,5.5,,5.43,,5.69,,,,,,,
1994/08/30,5.5,,5.42,,5.71,,,,,,,
1994/08/31,5.5,,5.43,,5.72,,,,,,,
1994/09/01,5.5,,5.43,,5.74,,,,,,,
1994/09/02,5.5,,5.43,,5.75,,,,,,,
1994/09/05,5.5,,5.43,,5.74,,,,,,,
1994/09/06,5.5,,5.43,,5.75,,,,,,,
1994/09/07,5.5,,5.43,,5.75,,,,,,,
1994/09/08,5.5,,5.43,,5.75,,,,,,,
1994/09/09,5.5,,5.44,,5.76,,,,,,,
1994/09/12,5.5,,5.44,,5.9,,,,,,,
1994/09/13,5.5,,5.44,,5.89,,,,,,,
1994/09/14,5.5,,5.44,,5.9,,,,,,,
1994/09/15,5.5,,5.44,,5.89,,,,,,,
1994/09/16,5.5,,5.44,,5.9,,,,,,,
1994/09/19,5.5,,5.45,,5.98,,,,,,,
1994/09/20,5.5,,5.45,,5.95,,,,,,,
1994/09/21,5.5,,5.45,,5.98,,,,,,,
1994/09/22,5.5,,5.45,,6.06,,,,,,,
1994/09/23,5.5,,5.45,,6.07,,,,,,,
1994/09/26,5.5,,5.45,,6.04,,,,,,,
1994/09/27,5.5,,5.45,,6.11,,,,,,,
1994/09/28,5.5,,5.45,,6.12,,,,,,,
1994/09/29,5.5,,5.45,,6.2,,,,,,,
1994/09/30,5.5,,5.45,,6.23,,,,,,,
1994/10/03,5.5,,5.45,,6.33,,,,,,,
1994/10/04,5.5,,5.45,,6.4,,,,,,,
1994/10/05,5.5,,5.45,,6.41,,,,,,,
1994/10/06,5.5,,5.44,,6.36,,,,,,,
1994/10/07,5.5,,5.45,,6.3,,,,,,,
1994/10/10,5.5,,5.44,,6.29,,,,,,,
1994/10/11,5.5,,5.45,,6.29,,,,,,,
1994/10/12,5.5,,5.45,,6.3,,,,,,,
1994/10/13,5.5,,5.45,,6.35,,,,,,,
1994/10/14,5.5,,5.45,,6.33,,,,,,,
1994/10/17,5.5,,5.46,,6.25,,,,,,,
1994/10/18,5.5,,5.46,,6.29,,,,,,,
1994/10/19,5.5,,5.46,,6.33,,,,,,,
1994/10/20,5.5,,5.46,,6.37,,,,,,,
1994/10/21,5.5,,5.46,,6.42,,,,,,,
1994/10/24,6.5,1,5.85,,6.64,,,,,,,
1994/10/25,6.5,,6.44,,6.7,,,,,,,
1994/10/26,6.5,,6.46,,6.73,,,,,,,
1994/10/27,6.5,,6.46,,6.74,,,,,,,
1994/10/28,6.5,,6.46,,6.78,,,,,,,
1994/10/31,6.5,,6.46,,6.8,,,,,,,
1994/11/01,6.5,,6.45,,6.84,,,,,,,
1994/11/02,6.5,,6.46,,6.9,,,,,,,
1994/11/03,6.5,,6.45,,6.92,,,,,,,
1994/11/04,6.5,,6.45,,6.93,,,,,,,
1994/11/07,6.5,,6.45,,7.03,,,,,,,
1994/11/08,6.5,,6.44,,7.05,,,,,,,
1994/11/09,6.5,,6.41,,7.06,,,,,,,
1994/11/10,6.5,,6.42,,7.06,,,,,,,
1994/11/11,6.5,,6.43,,7.07,,,,,,,
1994/11/14,6.5,,6.42,,7.12,,,,,,,
1994/11/15,6.5,,6.43,,7.13,,,,,,,
1994/11/16,6.5,,6.42,,7.28,,,,,,,
1994/11/17,6.5,,6.42,,7.36,,,,,,,
1994/11/18,6.5,,6.41,,7.36,,,,,,,
1994/11/21,6.5,,6.41,,7.35,,,,,,,
1994/11/22,6.5,,6.41,,7.38,,,,,,,
1994/11/23,6.5,,6.42,,7.26,,,,,,,
1994/11/24,6.5,,6.43,,7.25,,,,,,,
1994/11/25,6.5,,6.42,,7.13,,,,,,,
1994/11/28,6.5,,6.42,,7.2,,,,,,,
1994/11/29,6.5,,6.42,,7.36,,,,,,,
1994/11/30,6.5,,6.43,,7.55,,,,,,,
1994/12/01,6.5,,6.42,,7.72,,,,,,,
1994/12/02,6.5,,6.43,,7.84,,,,,,,
1994/12/05,6.5,,6.43,,7.87,,,,,,,
1994/12/06,6.5,,6.43,,7.97,,,,,,,
1994/12/07,6.5,,6.44,,7.85,,,,,,,
1994/12/08,6.5,,6.45,,7.71,,,,,,,
1994/12/09,6.5,,6.45,,7.7,,,,,,,
1994/12/12,6.5,,6.46,,7.61,,,,,,,
1994/12/13,6.5,,6.46,,7.63,,,,,,,
1994/12/14,7.5,1,6.78,,7.87,,,,,,,
1994/12/15,7.5,,7.43,,7.97,,,,,,,
1994/12/16,7.5,,7.44,,8.05,,,,,,,
1994/12/19,7.5,,7.45,,8.08,,,,,,,
1994/12/20,7.5,,7.45,,8.1,,,,,,,
1994/12/21,7.5,,7.45,,8.12,,,,,,,
1994/12/22,7.5,,7.45,,8.11,,,,,,,
1994/12/23,7.5,,7.45,,8.16,,,,,,,
1994/12/28,7.5,,7.44,,8.18,,,,,,,
1994/12/29,7.5,,7.45,,8.22,,,,,,,
1994/12/30,7.5,,7.45,,8.27,,,,,,,
1995/01/03,7.5,,7.5,7.73,8.43,9.24,,,,7.61,8.47,9.31
1995/01/04,7.5,,7.5,7.83,8.64,9.43,,,,7.63,8.49,9.32
1995/01/05,7.5,,7.46,7.7,8.47,9.33,,,,7.61,8.43,9.31
1995/01/06,7.5,,7.46,7.69,8.37,9.32,,,,7.58,8.37,9.26
1995/01/09,7.5,,7.49,7.67,8.4,9.18,,,,7.58,8.34,9.19
1995/01/10,7.5,,7.49,7.64,8.37,9.21,,,,7.59,8.36,9.24
1995/01/11,7.5,,7.49,7.62,8.38,9.21,,,,7.56,8.31,9.17
1995/01/12,7.5,,7.52,7.6,8.33,9.18,,,,7.52,8.27,9.1
1995/01/13,7.5,,7.52,7.6,8.27,9.14,,,,7.53,8.26,9.11
1995/01/16,7.5,,7.48,7.63,8.26,8.99,,,,7.53,8.16,8.96
1995/01/17,7.5,,7.5,7.64,8.25,9.02,,,,7.54,8.22,9.01
1995/01/18,7.5,,7.47,7.64,8.35,9.15,,,,7.53,8.25,9.06
1995/01/19,7.5,,7.47,7.69,8.44,9.22,,,,7.57,8.33,9.15
1995/01/20,7.5,,7.47,7.76,8.45,9.3,,,,7.6,8.35,9.18
1995/01/23,7.5,,7.47,7.82,8.55,9.34,,,,7.63,8.4,9.22
1995/01/24,7.5,,7.52,7.83,8.51,9.25,,,,7.62,8.46,9.11
1995/01/25,7.5,,7.5,7.7,8.35,9.03,,,,7.58,8.19,8.88
1995/01/27,7.5,,7.51,7.74,8.13,8.8,,,,7.57,8.16,8.79
1995/01/30,7.5,,7.52,7.84,8.17,8.81,,,,7.67,8.16,8.78
1995/01/31,7.5,,7.52,7.94,8.29,8.85,,,,7.78,8.35,9.03
1995/02/01,7.5,,7.5,7.9,8.23,8.85,,,,7.64,8.1,8.72
1995/02/02,7.5,,7.49,7.84,8.17,8.76,,,,7.7,8.12,8.74
1995/02/03,7.5,,7.46,7.75,8.11,8.72,,,,7.67,8.09,8.7
1995/02/06,7.5,,7.49,7.7,8.07,8.61,,,,7.62,8.03,8.57
1995/02/07,7.5,,7.5,7.74,8.11,8.69,,,,7.69,8.08,8.76
1995/02/08,7.5,,7.47,7.76,8.12,8.73,,,,7.64,8.03,8.67
1995/02/09,7.5,,7.48,7.75,8.08,8.64,,,,7.66,8.07,8.68
1995/02/10,7.5,,7.5,7.78,8.15,8.73,,,,7.68,8.1,8.68
1995/02/13,7.5,,7.43,7.81,8.2,8.77,,,,7.66,8.11,8.7
1995/02/14,7.5,,7.48,7.81,8.2,8.79,,,,7.71,8.28,8.85
1995/02/15,7.5,,7.5,7.77,8.14,8.67,,,,7.69,8.18,8.7
1995/02/16,7.5,,7.5,7.78,8.17,8.6,,,,7.66,8.12,8.6
1995/02/17,7.5,,7.47,7.73,8.13,8.59,,,,7.65,8.12,8.59
1995/02/20,7.5,,7.47,7.78,8.18,8.68,,,,7.67,8.13,8.62
1995/02/21,7.5,,7.47,7.77,8.15,8.66,,,,7.64,8.09,8.61
1995/02/22,7.5,,7.48,7.7,8.07,8.56,,,,7.59,8.02,8.5
1995/02/23,7.5,,7.48,7.63,7.86,8.33,,,,7.57,7.82,8.27
1995/02/24,7.5,,7.5,7.64,7.88,8.34,,,,7.59,7.83,8.31
1995/02/27,7.5,,7.46,7.61,7.83,8.25,,,,7.55,7.78,8.19
1995/02/28,7.5,,7.5,7.61,7.82,8.25,,,,7.6,7.91,8.25
1995/03/01,7.5,,7.48,7.63,7.94,8.38,,,,7.58,7.9,8.27
1995/03/02,7.5,,7.47,7.63,8.04,8.52,,,,7.6,7.97,8.38
1995/03/03,7.5,,7.49,7.65,8.13,8.67,,,,7.61,8.06,8.56
1995/03/06,7.5,,7.47,7.7,8.21,8.81,,,,7.66,8.18,8.77
1995/03/07,7.5,,7.47,7.67,8.1,8.7,,,,7.61,8.06,8.67
1995/03/08,7.5,,7.47,7.68,8.16,8.74,,,,7.61,8.08,8.67
1995/03/09,7.5,,7.5,7.72,8.2,8.85,,,,7.62,8.15,8.8
1995/03/10,7.5,,7.5,7.72,8.24,8.88,,,,7.63,8.16,8.79
1995/03/13,7.5,,7.51,7.63,8.12,8.68,,,,7.58,8.11,8.69
1995/03/14,7.5,,7.5,7.63,8.18,8.62,,,,7.59,8.1,8.58
1995/03/15,7.5,,7.5,7.64,8.2,8.66,,,,7.6,8.11,8.6
1995/03/16,7.5,,7.5,7.71,8.22,8.68,,,,7.61,8.11,8.57
1995/03/17,7.5,,7.5,7.7,8.24,8.65,,,,7.61,8.16,8.58
1995/03/20,7.5,,7.52,7.75,8.26,8.68,,,,7.61,8.13,8.57
1995/03/21,7.5,,7.5,7.69,8.13,8.57,,,,7.6,8.05,8.47
1995/03/22,7.5,,7.51,7.69,8.14,8.58,,,,7.55,8,8.42
1995/03/23,7.5,,7.5,7.69,8.14,8.55,,,,7.55,8,8.43
1995/03/24,7.5,,7.5,7.7,8.16,8.54,,,,7.56,8.02,8.42
1995/03/27,7.5,,7.5,7.55,7.98,8.37,,,,7.52,7.85,8.24
1995/03/28,7.5,,7.47,7.7,8.02,8.43,,,,7.53,7.89,8.38
1995/03/29,7.5,,7.47,7.73,8.14,8.55,,,,7.57,7.98,8.41
1995/03/30,7.5,,7.48,7.74,8.14,8.57,,,,7.58,8.01,8.44
1995/03/31,7.5,,7.5,7.65,7.93,8.24,,,,7.55,7.83,8.14
1995/04/03,7.5,,7.49,7.64,7.91,8.27,,,,7.52,7.79,8.15
1995/04/04,7.5,,7.5,7.62,7.86,8.23,,,,7.52,7.74,8.11
1995/04/05,7.5,,7.49,7.62,7.86,8.24,,,,7.52,7.75,8.13
1995/04/06,7.5,,7.5,7.62,7.82,8.23,,,,7.52,7.72,8.11
1995/04/07,7.5,,7.5,7.62,7.82,8.24,,,,7.52,7.72,8.11
1995/04/10,7.5,,7.5,7.63,7.85,8.32,,,,7.52,7.74,8.14
1995/04/11,7.5,,7.52,7.62,7.82,8.27,,,,7.51,7.74,8.15
1995/04/12,7.5,,7.51,7.605,7.785,8.21,,,,7.5,7.7,8.1
1995/04/13,7.5,,7.51,7.6,7.8,8.21,,,,7.5,7.7,8.1
1995/04/18,7.5,,7.47,7.62,7.8,8.14,,,,7.49,7.71,8.03
1995/04/19,7.5,,7.48,7.64,7.86,8.24,,,,7.5,7.73,8.07
1995/04/20,7.5,,7.52,7.67,7.925,8.3,,,,7.5,7.79,8.14
1995/04/21,7.5,,7.5,7.66,7.96,8.38,,,,7.52,7.81,8.17
1995/04/24,7.5,,7.52,7.7,8.09,8.52,,,,7.53,7.92,8.34
1995/04/26,7.5,,7.52,7.77,8.14,8.59,,,,7.58,7.96,8.46
1995/04/27,7.5,,7.57,7.65,7.9,8.28,,,,7.54,7.74,8.15
1995/04/28,7.5,,7.52,7.67,7.88,8.28,,,,7.54,7.73,8.12
1995/05/01,7.5,,7.5,7.65,7.88,8.25,,,,7.52,7.77,8.09
1995/05/02,7.5,,7.47,7.67,7.92,8.28,,,,7.51,7.76,8.11
1995/05/03,7.5,,7.49,7.64,7.89,8.24,,,,7.52,7.72,8.08
1995/05/04,7.5,,7.51,7.58,7.73,8.05,,,,7.5,7.62,7.9
1995/05/05,7.5,,7.49,7.6,7.76,8.05,,,,7.5,7.62,7.9
1995/05/08,7.5,,7.5,7.57,7.69,7.9,,,,7.47,7.58,7.77
1995/05/09,7.5,,7.5,7.58,7.69,7.92,,,,7.48,7.58,7.78
1995/05/10,7.5,,7.51,7.57,7.65,7.83,,,,7.47,7.55,7.7
1995/05/11,7.5,,7.49,7.58,7.71,7.91,,,,7.47,7.57,7.72
1995/05/12,7.5,,7.5,7.58,7.73,7.91,,,,7.47,7.58,7.73
1995/05/15,7.5,,7.5,7.56,7.68,7.78,,,,7.46,7.54,7.65
1995/05/16,7.5,,7.5,7.59,7.7,7.79,,,,7.47,7.55,7.65
1995/05/17,7.5,,7.5,7.59,7.69,7.78,,,,7.46,7.54,7.64
1995/05/18,7.5,,7.48,7.58,7.71,7.82,,,,7.47,7.56,7.66
1995/05/19,7.5,,7.51,7.58,7.72,7.91,,,,7.47,7.58,7.7
1995/05/22,7.5,,7.5,7.59,7.695,7.895,,,,7.46,7.56,7.69
1995/05/23,7.5,,7.5,7.59,7.68,7.84,,,,7.46,7.52,7.63
1995/05/24,7.5,,7.5,7.59,7.64,7.78,,,,7.45,7.5,7.56
1995/05/25,7.5,,7.5,7.57,7.61,7.7,,,,7.44,7.49,7.55
1995/05/26,7.5,,7.5,7.56,7.61,7.73,,,,7.45,7.5,7.55
1995/05/29,7.5,,7.5,7.56,7.59,7.68,,,,7.44,7.48,7.52
1995/05/30,7.5,,7.5,7.56,7.59,7.64,,,,7.43,7.47,7.51
1995/05/31,7.5,,7.53,7.56,7.59,7.64,,,,7.44,7.48,7.51
1995/06/01,7.5,,7.5,7.55,7.59,7.64,,,,7.44,7.47,7.51
1995/06/02,7.5,,7.5,7.55,7.57,7.59,,,,7.43,7.46,7.49
1995/06/05,7.5,,7.49,7.52,7.45,7.38,,,,7.42,7.35,7.31
1995/06/06,7.5,,7.5,7.52,7.48,7.41,,,,7.41,7.4,7.35
1995/06/07,7.5,,7.5,7.52,7.51,7.5,,,,7.41,7.41,7.4
1995/06/08,7.5,,7.5,7.53,7.56,7.59,,,,7.43,7.47,7.48
1995/06/09,7.5,,7.51,7.53,7.55,7.62,,,,7.43,7.47,7.48
1995/06/13,7.5,,7.5,7.52,7.54,7.58,,,,7.43,7.47,7.49
1995/06/14,7.5,,7.5,7.51,7.52,7.49,,,,7.43,7.44,7.43
1995/06/15,7.5,,7.5,7.52,7.54,7.51,,,,7.42,7.45,7.43
1995/06/16,7.5,,7.5,7.53,7.55,7.54,,,,7.43,7.45,7.45
1995/06/19,7.5,,7.5,7.53,7.55,7.52,,,,7.43,7.45,7.45
1995/06/20,7.5,,7.5,7.53,7.56,7.55,,,,7.43,7.47,7.46
1995/06/21,7.5,,7.5,7.51,7.52,7.49,,,,7.42,7.43,7.41
1995/06/22,7.5,,7.5,7.52,7.54,7.52,,,,7.43,7.44,7.41
1995/06/23,7.5,,7.49,7.52,7.52,7.47,,,,7.42,7.42,7.4
1995/06/26,7.5,,7.5,7.54,7.55,7.5,,,,7.42,7.44,7.42
1995/06/27,7.5,,7.55,7.56,7.57,7.53,,,,7.44,7.48,7.43
1995/06/28,7.5,,7.55,7.58,7.58,7.56,,,,7.44,7.48,7.45
1995/06/29,7.5,,7.5,7.58,7.58,7.53,,,,7.44,7.47,7.42
1995/06/30,7.5,,7.6,7.59,7.62,7.68,,,,7.47,7.51,7.54
1995/07/03,7.5,,7.49,7.59,7.63,7.66,,,,7.46,7.51,7.53
1995/07/04,7.5,,7.49,7.57,7.61,7.63,,,,7.47,7.51,7.53
1995/07/05,7.5,,7.52,7.57,7.59,7.6,,,,7.47,7.5,7.52
1995/07/06,7.5,,7.5,7.53,7.58,7.61,,,,7.46,7.49,7.51
1995/07/07,7.5,,7.5,7.5,7.48,7.42,,,,7.43,7.4,7.35
1995/07/10,7.5,,7.51,7.51,7.49,7.41,,,,7.43,7.42,7.36
1995/07/11,7.5,,7.53,7.52,7.53,7.45,,,,7.45,7.44,7.37
1995/07/12,7.5,,7.5,7.53,7.52,7.47,,,,7.44,7.43,7.37
1995/07/13,7.5,,7.51,7.52,7.53,7.49,,,,7.45,7.43,7.38
1995/07/14,7.5,,7.48,7.52,7.52,7.49,,,,7.44,7.43,7.38
1995/07/17,7.5,,7.5,7.53,7.54,7.53,,,,7.44,7.45,7.42
1995/07/18,7.5,,7.5,7.52,7.55,7.54,,,,7.44,7.44,7.44
1995/07/19,7.5,,7.5,7.51,7.55,7.55,,,,7.45,7.45,7.45
1995/07/20,7.5,,7.5,7.52,7.56,7.56,,,,7.45,7.46,7.46
1995/07/21,7.5,,7.5,7.51,7.53,7.53,,,,7.45,7.45,7.44
1995/07/24,7.5,,7.5,7.53,7.56,7.57,,,,7.45,7.45,7.47
1995/07/25,7.5,,7.5,7.51,7.55,7.56,,,,7.44,7.45,7.44
1995/07/26,7.5,,7.49,7.53,7.57,7.6,,,,7.45,7.45,7.47
1995/07/27,7.5,,7.53,7.54,7.6,7.7,,,,7.45,7.48,7.52
1995/07/28,7.5,,7.53,7.54,7.58,7.68,,,,7.45,7.48,7.51
1995/07/31,7.5,,7.59,7.55,7.61,7.76,,,,7.45,7.5,7.59
1995/08/01,7.5,,7.52,7.53,7.59,7.7,,,,7.44,7.49,7.54
1995/08/02,7.5,,7.5,7.52,7.59,7.69,,,,7.44,7.48,7.53
1995/08/03,7.5,,7.52,7.52,7.58,7.69,,,,7.45,7.47,7.51
1995/08/04,7.5,,7.5,7.52,7.6,7.71,,,,7.45,7.48,7.53
1995/08/07,7.5,,7.5,7.52,7.6,7.72,,,,7.45,7.48,7.53
1995/08/08,7.5,,7.5,7.53,7.59,7.7,,,,7.44,7.48,7.55
1995/08/09,7.5,,7.53,7.53,7.59,7.71,,,,7.44,7.49,7.55
1995/08/10,7.5,,7.59,7.54,7.59,7.71,,,,7.44,7.48,7.55
1995/08/11,7.5,,7.58,7.54,7.59,7.72,,,,7.44,7.49,7.54
1995/08/14,7.5,,7.5,7.54,7.6,7.76,,,,7.44,7.49,7.56
1995/08/15,7.5,,7.49,7.53,7.59,7.73,,,,7.45,7.5,7.6
1995/08/16,7.5,,7.51,7.53,7.6,7.73,,,,7.44,7.49,7.6
1995/08/17,7.5,,7.5,7.54,7.59,7.74,,,,7.44,7.49,7.6
1995/08/18,7.5,,7.5,7.53,7.59,7.75,,,,7.45,7.49,7.59
1995/08/21,7.5,,7.5,7.53,7.59,7.73,,,,7.44,7.48,7.59
1995/08/22,7.5,,7.5,7.53,7.58,7.71,,,,7.44,7.49,7.6
1995/08/23,7.5,,7.5,7.53,7.58,7.71,,,,7.45,7.5,7.61
1995/08/24,7.5,,7.5,7.53,7.58,7.74,,,,7.45,7.5,7.61
1995/08/25,7.5,,7.5,7.53,7.58,7.72,,,,7.45,7.5,7.6
1995/08/28,7.5,,7.5,7.53,7.57,7.7,,,,7.45,7.49,7.6
1995/08/29,7.5,,7.5,7.53,7.57,7.68,,,,7.44,7.48,7.61
1995/08/30,7.5,,7.5,7.53,7.55,7.63,,,,7.44,7.49,7.58
1995/08/31,7.5,,7.5,7.53,7.55,7.61,,,,7.44,7.49,7.57
1995/09/01,7.5,,7.48,7.52,7.54,7.6,,,,7.44,7.48,7.55
1995/09/04,7.5,,7.5,7.53,7.51,7.54,,,,7.43,7.45,7.47
1995/09/05,7.5,,7.5,7.51,7.5,7.53,,,,7.43,7.45,7.48
1995/09/06,7.5,,7.45,7.5,7.5,7.51,,,,7.42,7.45,7.47
1995/09/07,7.5,,7.5,7.51,7.53,7.54,,,,7.44,7.46,7.48
1995/09/08,7.5,,7.52,7.5,7.52,7.56,,,,7.43,7.46,7.48
1995/09/11,7.5,,7.5,7.5,7.53,7.57,,,,7.43,7.46,7.48
1995/09/12,7.5,,7.5,7.49,7.51,7.53,,,,7.43,7.46,7.48
1995/09/13,7.5,,7.5,7.47,7.48,7.47,,,,7.42,7.46,7.47
1995/09/14,7.5,,7.5,7.48,7.48,7.46,,,,7.42,7.45,7.46
1995/09/15,7.5,,7.49,7.45,7.42,7.4,,,,7.41,7.4,7.39
1995/09/18,7.5,,7.49,7.45,7.45,7.43,,,,7.41,7.41,7.4
1995/09/19,7.5,,7.5,7.46,7.46,7.44,,,,7.41,7.42,7.41
1995/09/20,7.5,,7.5,7.47,7.46,7.45,,,,7.43,7.43,7.42
1995/09/21,7.5,,7.48,7.47,7.46,7.45,,,,7.43,7.43,7.42
1995/09/22,7.5,,7.48,7.48,7.48,7.5,,,,7.43,7.44,7.45
1995/09/25,7.5,,7.5,7.48,7.5,7.5,,,,7.43,7.44,7.45
1995/09/26,7.5,,7.5,7.48,7.5,7.5,,,,7.43,7.44,7.44
1995/09/27,7.5,,7.48,7.48,7.51,7.51,,,,7.44,7.47,7.47
1995/09/28,7.5,,7.48,7.48,7.51,7.51,,,,7.44,7.47,7.47
1995/09/29,7.5,,7.5,7.48,7.49,7.5,,,,7.43,7.46,7.47
1995/10/02,7.5,,7.5,7.48,7.49,7.5,,,,7.43,7.46,7.47
1995/10/03,7.5,,7.48,7.48,7.47,7.4,,,,7.42,7.42,7.39
1995/10/04,7.5,,7.45,7.48,7.47,7.42,,,,7.43,7.42,7.42
1995/10/05,7.5,,7.47,7.47,7.46,7.41,,,,7.41,7.41,7.4
1995/10/06,7.5,,7.48,7.49,7.48,7.42,,,,7.42,7.42,7.41
1995/10/09,7.5,,7.49,7.48,7.47,7.41,,,,7.42,7.42,7.4
1995/10/10,7.5,,7.49,7.48,7.47,7.43,,,,7.42,7.42,7.41
1995/10/11,7.5,,7.5,7.48,7.48,7.46,,,,7.43,7.44,7.44
1995/10/12,7.5,,7.49,7.48,7.48,7.46,,,,7.43,7.44,7.44
1995/10/13,7.5,,7.48,7.48,7.48,7.45,,,,7.43,7.43,7.42
1995/10/16,7.5,,7.46,7.48,7.43,7.28,,,,7.41,7.4,7.31
1995/10/17,7.5,,7.44,7.47,7.41,7.32,,,,7.42,7.4,7.34
1995/10/18,7.5,,7.45,7.47,7.43,7.36,,,,7.42,7.41,7.34
1995/10/19,7.5,,7.48,7.48,7.44,7.39,,,,7.42,7.41,7.39
1995/10/20,7.5,,7.45,7.47,7.45,7.4,,,,7.42,7.41,7.39
1995/10/23,7.5,,7.5,7.48,7.48,7.47,,,,7.43,7.44,7.44
1995/10/24,7.5,,7.5,7.49,7.48,7.47,,,,7.43,7.44,7.43
1995/10/25,7.5,,7.5,7.5,7.5,7.52,,,,7.44,7.46,7.5
1995/10/26,7.5,,7.5,7.49,7.49,7.51,,,,7.44,7.46,7.48
1995/10/27,7.5,,7.5,7.49,7.49,7.56,,,,7.44,7.46,7.5
1995/10/30,7.5,,7.5,7.5,7.51,7.56,,,,7.44,7.47,7.51
1995/10/31,7.5,,7.55,7.49,7.51,7.57,,,,7.44,7.48,7.53
1995/11/01,7.5,,7.53,7.5,7.52,7.57,,,,7.44,7.48,7.54
1995/11/02,7.5,,7.5,7.49,7.51,7.56,,,,7.44,7.47,7.53
1995/11/03,7.5,,7.5,7.49,7.5,7.53,,,,7.44,7.46,7.5
1995/11/06,7.5,,7.49,7.5,7.51,7.55,,,,7.43,7.46,7.49
1995/11/07,7.5,,7.48,7.5,7.51,7.55,,,,7.44,7.47,7.5
1995/11/08,7.5,,7.5,7.49,7.5,7.55,,,,7.43,7.46,7.53
1995/11/09,7.5,,7.5,7.49,7.48,7.46,,,,7.43,7.43,7.43
1995/11/10,7.5,,7.5,7.49,7.48,7.46,,,,7.43,7.43,7.43
1995/11/13,7.5,,7.5,7.49,7.48,7.45,,,,7.43,7.43,7.42
1995/11/14,7.5,,7.5,7.48,7.44,7.39,,,,7.42,7.41,7.38
1995/11/15,7.5,,7.5,7.48,7.44,7.38,,,,7.42,7.39,7.38
1995/11/16,7.5,,7.5,7.49,7.45,7.41,,,,7.42,7.4,7.39
1995/11/17,7.5,,7.48,7.48,7.45,7.39,,,,7.42,7.39,7.38
1995/11/20,7.5,,7.5,7.48,7.44,7.37,,,,7.42,7.39,7.35
1995/11/21,7.5,,7.5,7.47,7.43,7.36,,,,7.41,7.38,7.35
1995/11/22,7.5,,7.5,7.48,7.45,7.39,,,,7.41,7.39,7.34
1995/11/23,7.5,,7.5,7.48,7.43,7.37,,,,7.4,7.38,7.32
1995/11/24,7.5,,7.5,7.48,7.42,7.34,,,,7.4,7.38,7.32
1995/11/27,7.5,,7.51,7.48,7.39,7.29,,,,7.39,7.32,7.25
1995/11/28,7.5,,7.5,7.48,7.4,7.3,,,,7.39,7.33,7.25
1995/11/29,7.5,,7.51,7.48,7.39,7.3,,,,7.38,7.33,7.27
1995/11/30,7.5,,7.55,7.47,7.4,7.3,,,,7.38,7.33,7.27
1995/12/01,7.5,,7.5,7.47,7.39,7.3,,,,7.4,7.36,7.27
1995/12/04,7.5,,7.51,7.49,7.41,7.33,,,,7.4,7.37,7.28
1995/12/05,7.5,,7.52,7.49,7.41,7.33,,,,7.4,7.36,7.29
1995/12/06,7.5,,7.51,7.49,7.42,7.35,,,,7.38,7.33,7.3
1995/12/07,7.5,,7.5,7.5,7.46,7.45,,,,7.38,7.37,7.36
1995/12/08,7.5,,7.5,7.5,7.47,7.45,,,,7.36,7.34,7.34
1995/12/11,7.5,,7.5,7.5,7.47,7.44,,,,7.36,7.33,7.32
1995/12/12,7.5,,7.5,7.5,7.46,7.44,,,,7.34,7.3,7.28
1995/12/13,7.5,,7.5,7.5,7.46,7.43,,,,7.33,7.29,7.29
1995/12/14,7.5,,7.5,7.5,7.45,7.41,,,,7.32,7.29,7.28
1995/12/15,7.5,,7.53,7.49,7.45,7.38,,,,7.31,7.28,7.27
1995/12/18,7.5,,7.52,7.49,7.44,7.38,,,,7.31,7.28,7.27
1995/12/19,7.5,,7.5,7.49,7.45,7.4,,,,7.33,7.31,7.29
1995/12/20,7.5,,7.53,7.46,7.37,7.31,,,,7.33,7.26,7.23
1995/12/21,7.5,,7.55,7.47,7.37,7.35,,,,7.34,7.27,7.24
1995/12/22,7.5,,7.49,7.5,7.43,7.38,,,,7.33,7.27,7.24
1995/12/27,7.5,,7.5,7.5,7.43,7.38,,,,7.33,7.26,7.24
1995/12/28,7.5,,7.5,7.51,7.44,7.35,,,,7.33,7.26,7.24
1995/12/29,7.5,,7.5,7.52,7.44,7.35,,,,7.33,7.26,7.24
1996/01/02,7.5,,7.51,7.47,7.39,7.27,,,,7.32,7.26,7.19
1996/01/03,7.5,,7.51,7.49,7.41,7.3,,,,7.33,7.25,7.23
1996/01/04,7.5,,7.51,7.49,7.41,7.31,,,,7.33,7.25,7.22
1996/01/05,7.5,,7.5,7.5,7.43,7.34,,,,7.32,7.27,7.24
1996/01/08,7.5,,7.5,7.49,7.45,7.38,,,,7.31,7.28,7.24
1996/01/09,7.5,,7.51,7.49,7.45,7.38,,,,7.31,7.28,7.25
1996/01/10,7.5,,7.5,7.49,7.44,7.39,,,,7.3,7.28,7.27
1996/01/11,7.5,,7.5,7.49,7.48,7.47,,,,7.36,7.33,7.33
1996/01/12,7.5,,7.49,7.49,7.47,7.45,,,,7.35,7.34,7.33
1996/01/15,7.5,,7.5,7.49,7.47,7.43,,,,7.34,7.33,7.32
1996/01/16,7.5,,7.5,7.48,7.45,7.44,,,,7.33,7.31,7.3
1996/01/17,7.5,,7.49,7.48,7.44,7.42,,,,7.34,7.31,7.32
1996/01/18,7.5,,7.48,7.49,7.48,7.48,,,,7.34,7.33,7.33
1996/01/19,7.5,,7.5,7.48,7.47,7.46,,,,7.34,7.33,7.32
1996/01/22,7.5,,7.5,7.49,7.47,7.45,,,,7.33,7.32,7.32
1996/01/23,7.5,,7.49,7.49,7.48,7.46,,,,7.34,7.33,7.32
1996/01/24,7.5,,7.5,7.49,7.47,7.45,,,,7.34,7.34,7.35
1996/01/25,7.5,,7.5,7.49,7.47,7.45,,,,7.34,7.33,7.33
1996/01/29,7.5,,7.5,7.49,7.48,7.45,,,,7.34,7.35,7.35
1996/01/30,7.5,,7.52,7.49,7.48,7.46,,,,7.35,7.34,7.34
1996/01/31,7.5,,7.5,7.49,7.48,7.41,,,,7.37,7.35,7.34
1996/02/01,7.5,,7.5,7.48,7.46,7.39,,,,7.36,7.33,7.3
1996/02/02,7.5,,7.5,7.48,7.46,7.39,,,,7.37,7.33,7.3
1996/02/05,7.5,,7.5,7.49,7.47,7.42,,,,7.37,7.34,7.3
1996/02/06,7.5,,7.51,7.48,7.46,7.41,,,,7.36,7.34,7.31
1996/02/07,7.5,,7.48,7.48,7.46,7.41,,,,7.38,7.38,7.36
1996/02/08,7.5,,7.49,7.48,7.46,7.41,,,,7.38,7.36,7.34
1996/02/09,7.5,,7.48,7.48,7.44,7.39,,,,7.38,7.36,7.34
1996/02/12,7.5,,7.49,7.49,7.45,7.4,,,,7.38,7.36,7.35
1996/02/13,7.5,,7.51,7.49,7.45,7.39,,,,7.38,7.36,7.34
1996/02/14,7.5,,7.48,7.49,7.45,7.39,,,,7.38,7.38,7.36
1996/02/15,7.5,,7.49,7.48,7.44,7.4,,,,7.38,7.37,7.36
1996/02/16,7.5,,7.52,7.48,7.46,7.42,,,,7.38,7.37,7.36
1996/02/19,7.5,,7.49,7.48,7.47,7.46,,,,7.39,7.39,7.38
1996/02/20,7.5,,7.5,7.49,7.47,7.46,,,,7.39,7.4,7.39
1996/02/21,7.5,,7.5,7.49,7.51,7.56,,,,7.43,7.45,7.5
1996/02/22,7.5,,7.5,7.49,7.49,7.51,,,,7.42,7.44,7.49
1996/02/23,7.5,,7.51,7.49,7.49,7.52,,,,7.42,7.44,7.49
1996/02/26,7.5,,7.52,7.5,7.5,7.57,,,,7.42,7.44,7.5
1996/02/27,7.5,,7.53,7.5,7.5,7.59,,,,7.43,7.44,7.51
1996/02/28,7.5,,7.54,7.5,7.51,7.65,,,,7.44,7.45,7.53
1996/02/29,7.5,,7.53,7.5,7.5,7.61,,,,7.43,7.44,7.5
1996/03/01,7.5,,7.5,7.49,7.49,7.56,,,,7.43,7.44,7.49
1996/03/04,7.5,,7.5,7.49,7.47,7.51,,,,7.41,7.41,7.42
1996/03/05,7.5,,7.51,7.49,7.48,7.55,,,,7.4,7.41,7.45
1996/03/06,7.5,,7.5,7.49,7.49,7.57,,,,7.41,7.44,7.5
1996/03/07,7.5,,7.51,7.49,7.51,7.62,,,,7.42,7.45,7.51
1996/03/08,7.5,,7.51,7.49,7.51,7.62,,,,7.41,7.44,7.5
1996/03/11,7.5,,7.5,7.51,7.59,7.76,,,,7.41,7.45,7.56
1996/03/12,7.5,,7.53,7.5,7.54,7.66,,,,7.41,7.44,7.53
1996/03/13,7.5,,7.53,7.5,7.53,7.63,,,,7.41,7.43,7.5
1996/03/14,7.5,,7.5,7.5,7.54,7.64,,,,7.41,7.43,7.5
1996/03/15,7.5,,7.52,7.5,7.54,7.62,,,,7.41,7.43,7.5
1996/03/18,7.5,,7.53,7.5,7.54,7.64,,,,7.41,7.43,7.5
1996/03/19,7.5,,7.53,7.5,7.54,7.64,,,,7.41,7.44,7.48
1996/03/20,7.5,,7.53,7.51,7.54,7.66,,,,7.4,7.41,7.48
1996/03/21,7.5,,7.53,7.52,7.55,7.66,,,,7.4,7.4,7.47
1996/03/22,7.5,,7.53,7.52,7.55,7.66,,,,7.4,7.41,7.48
1996/03/25,7.5,,7.53,7.52,7.55,7.66,,,,7.4,7.4,7.47
1996/03/26,7.5,,7.51,7.52,7.55,7.65,,,,7.39,7.4,7.46
1996/03/27,7.5,,7.53,7.51,7.56,7.64,,,,7.4,7.4,7.51
1996/03/28,7.5,,7.55,7.54,7.58,7.7,,,,7.39,7.4,7.52
1996/03/29,7.5,,7.51,7.53,7.58,7.69,,,,7.39,7.4,7.5
1996/04/01,7.5,,7.5,7.53,7.58,7.67,,,,7.38,7.39,7.49
1996/04/02,7.5,,7.5,7.53,7.57,7.68,,,,7.38,7.39,7.5
1996/04/03,7.5,,7.5,7.53,7.58,7.71,,,,7.39,7.4,7.55
1996/04/04,7.5,,7.48,7.53,7.59,7.72,,,,7.39,7.4,7.55
1996/04/09,7.5,,7.51,7.53,7.61,7.76,,,,7.39,7.43,7.58
1996/04/10,7.5,,7.52,7.53,7.59,7.76,,,,7.37,7.36,7.59
1996/04/11,7.5,,7.46,7.52,7.59,7.74,,,,7.37,7.36,7.57
1996/04/12,7.5,,7.45,7.5,7.57,7.71,,,,7.35,7.36,7.54
1996/04/15,7.5,,7.5,7.51,7.57,7.66,,,,7.35,7.35,7.52
1996/04/16,7.5,,7.49,7.52,7.56,7.68,,,,7.36,7.36,7.53
1996/04/17,7.5,,7.49,7.52,7.56,7.7,,,,7.38,7.39,7.59
1996/04/18,7.5,,7.49,7.52,7.56,7.69,,,,7.37,7.39,7.59
1996/04/19,7.5,,7.47,7.52,7.55,7.7,,,,7.37,7.39,7.59
1996/04/22,7.5,,7.47,7.52,7.56,7.69,,,,7.37,7.39,7.58
1996/04/23,7.5,,7.5,7.51,7.54,7.65,,,,7.36,7.38,7.53
1996/04/24,7.5,,7.53,7.51,7.53,7.6,,,,7.35,7.35,7.5
1996/04/26,7.5,,7.5,7.51,7.54,7.61,,,,7.35,7.36,7.52
1996/04/29,7.5,,7.5,7.52,7.55,7.62,,,,7.35,7.36,7.52
1996/04/30,7.5,,7.53,7.52,7.55,7.62,,,,7.35,7.36,7.52
1996/05/01,7.5,,7.51,7.52,7.55,7.64,,,,7.37,7.36,7.53
1996/05/02,7.5,,7.54,7.52,7.55,7.64,,,,7.37,7.36,7.52
1996/05/03,7.5,,7.51,7.52,7.57,7.65,,,,7.37,7.36,7.53
1996/05/06,7.5,,7.53,7.52,7.57,7.69,,,,7.37,7.36,7.52
1996/05/07,7.5,,7.53,7.52,7.56,7.66,,,,7.37,7.36,7.51
1996/05/08,7.5,,7.51,7.52,7.56,7.66,,,,7.37,7.37,7.54
1996/05/09,7.5,,7.53,7.52,7.55,7.64,,,,7.36,7.36,7.52
1996/05/10,7.5,,7.53,7.52,7.55,7.64,,,,7.36,7.36,7.51
1996/05/13,7.5,,7.5,7.51,7.54,7.6,,,,7.36,7.36,7.5
1996/05/14,7.5,,7.49,7.51,7.54,7.59,,,,7.36,7.36,7.5
1996/05/15,7.5,,7.53,7.51,7.54,7.6,,,,7.36,7.38,7.51
1996/05/16,7.5,,7.51,7.51,7.54,7.6,,,,7.36,7.38,7.51
1996/05/17,7.5,,7.49,7.51,7.54,7.6,,,,7.36,7.38,7.51
1996/05/20,7.5,,7.5,7.51,7.54,7.6,,,,7.36,7.38,7.5
1996/05/21,7.5,,7.5,7.51,7.54,7.61,,,,7.37,7.38,7.5
1996/05/22,7.5,,7.5,7.51,7.54,7.61,,,,7.36,7.38,7.49
1996/05/23,7.5,,7.49,7.51,7.53,7.6,,,,7.36,7.38,7.49
1996/05/24,7.5,,7.49,7.51,7.54,7.62,,,,7.36,7.38,7.49
1996/05/27,7.5,,7.49,7.51,7.53,7.62,,,,7.36,7.38,7.49
1996/05/28,7.5,,7.51,7.51,7.53,7.63,,,,7.36,7.38,7.49
1996/05/29,7.5,,7.53,7.52,7.56,7.66,,,,7.38,7.39,7.54
1996/05/30,7.5,,7.53,7.52,7.55,7.67,,,,7.38,7.39,7.55
1996/05/31,7.5,,7.53,7.52,7.55,7.66,,,,7.37,7.38,7.54
1996/06/03,7.5,,7.51,7.52,7.55,7.68,,,,7.37,7.39,7.55
1996/06/04,7.5,,7.53,7.52,7.55,7.68,,,,7.35,7.37,7.51
1996/06/05,7.5,,7.55,7.53,7.56,7.7,,,,7.31,7.3,7.48
1996/06/06,7.5,,7.55,7.54,7.56,7.69,,,,7.28,7.29,7.47
1996/06/07,7.5,,7.5,7.54,7.56,7.69,,,,7.26,7.28,7.45
1996/06/11,7.5,,7.51,7.53,7.57,7.71,,,,7.27,7.29,7.47
1996/06/12,7.5,,7.54,7.53,7.56,7.71,,,,7.26,7.31,7.47
1996/06/13,7.5,,7.54,7.53,7.58,7.72,,,,7.25,7.31,7.47
1996/06/14,7.5,,7.49,7.51,7.57,7.68,,,,7.26,7.3,7.46
1996/06/17,7.5,,7.5,7.51,7.56,7.68,,,,7.26,7.3,7.46
1996/06/18,7.5,,7.5,7.51,7.56,7.67,,,,7.26,7.3,7.46
1996/06/19,7.5,,7.45,7.51,7.56,7.69,,,,7.29,7.34,7.46
1996/06/20,7.5,,7.45,7.51,7.58,7.68,,,,7.29,7.35,7.47
1996/06/21,7.5,,7.45,7.5,7.58,7.68,,,,7.29,7.35,7.47
1996/06/24,7.5,,7.53,7.51,7.58,7.69,,,,7.29,7.34,7.47
1996/06/25,7.5,,7.55,7.53,7.59,7.7,,,,7.26,7.32,7.46
1996/06/26,7.5,,7.49,7.53,7.59,7.71,,,,7.22,7.38,7.44
1996/06/27,7.5,,7.49,7.53,7.6,7.72,,,,7.23,7.38,7.45
1996/06/28,7.5,,7.57,7.52,7.59,7.7,,,,7.24,7.38,7.45
1996/07/01,7.5,,7.55,7.52,7.59,7.67,,,,7.24,7.38,7.45
1996/07/02,7.5,,7.56,7.54,7.6,7.71,,,,7.27,7.38,7.47
1996/07/03,7.5,,7.5,7.54,7.61,7.73,,,,7.27,7.39,7.47
1996/07/04,7.5,,7.51,7.52,7.6,7.71,,,,7.28,7.4,7.47
1996/07/05,7.5,,7.5,7.52,7.6,7.71,,,,7.28,7.4,7.47
1996/07/08,7.5,,7.52,7.56,7.64,7.78,,,,7.3,7.42,7.49
1996/07/09,7.5,,7.55,7.55,7.64,7.76,,,,7.3,7.42,7.49
1996/07/10,7.5,,7.55,7.55,7.62,7.74,,,,7.35,7.4,7.5
1996/07/11,7.5,,7.55,7.55,7.62,7.73,,,,7.33,7.4,7.51
1996/07/12,7.5,,7.53,7.55,7.62,7.72,,,,7.39,7.41,7.51
1996/07/15,7.5,,7.5,7.54,7.61,7.71,,,,7.41,7.44,7.5
1996/07/16,7.5,,7.5,7.55,7.61,7.7,,,,7.41,7.44,7.49
1996/07/17,7.5,,7.51,7.55,7.59,7.67,,,,7.42,7.44,7.51
1996/07/18,7.5,,7.5,7.55,7.59,7.66,,,,7.42,7.44,7.5
1996/07/19,7.5,,7.51,7.55,7.59,7.64,,,,7.41,7.44,7.5
1996/07/22,7.5,,7.51,7.55,7.6,7.63,,,,7.42,7.43,7.48
1996/07/23,7.5,,7.55,7.54,7.58,7.61,,,,7.41,7.42,7.47
1996/07/24,7.5,,7.55,7.54,7.57,7.59,,,,7.41,7.42,7.46
1996/07/25,7.5,,7.55,7.55,7.58,7.59,,,,7.41,7.42,7.46
1996/07/26,7.5,,7.55,7.53,7.51,7.49,,,,7.4,7.41,7.42
1996/07/29,7.5,,7.5,7.53,7.51,7.47,,,,7.41,7.4,7.39
1996/07/30,7.5,,7.49,7.48,7.46,7.41,,,,7.38,7.38,7.37
1996/07/31,7,-0.5,7.09,7.04,7.04,7,,,,6.91,6.92,6.93
1996/08/01,7,,7.03,7.02,6.99,6.92,,,,6.9,6.9,6.9
1996/08/02,7,,7,7.02,6.97,6.9,,,,6.9,6.89,6.89
1996/08/05,7,,7,7.01,6.95,6.88,,,,6.9,6.89,6.89
1996/08/06,7,,7,7.01,6.96,6.9,,,,6.89,6.86,6.81
1996/08/07,7,,7.01,7,6.91,6.83,,,,6.9,6.83,6.75
1996/08/08,7,,7.03,7,6.9,6.83,,,,6.89,6.82,6.77
1996/08/09,7,,6.98,7.01,6.92,6.84,,,,6.89,6.81,6.77
1996/08/12,7,,7,7.01,6.93,6.86,,,,6.9,6.81,6.77
1996/08/13,7,,7.02,7.01,6.92,6.85,,,,6.9,6.81,6.76
1996/08/14,7,,7,7.01,6.92,6.86,,,,6.9,6.8,6.73
1996/08/15,7,,7,7,6.91,6.86,,,,6.89,6.8,6.72
1996/08/16,7,,7.01,7,6.91,6.85,,,,6.89,6.79,6.72
1996/08/19,7,,6.98,6.98,6.88,6.8,,,,6.87,6.76,6.68
1996/08/20,7,,7,6.99,6.84,6.76,,,,6.87,6.75,6.67
1996/08/21,7,,7,6.98,6.86,6.77,,,,6.88,6.77,6.69
1996/08/22,7,,7.01,6.99,6.9,6.8,,,,6.89,6.77,6.7
1996/08/23,7,,7,6.99,6.9,6.81,,,,6.88,6.76,6.7
1996/08/26,7,,7.01,7,6.92,6.85,,,,6.89,6.8,6.73
1996/08/27,7,,7.04,6.99,6.94,6.89,,,,6.88,6.82,6.77
1996/08/28,7,,7,6.97,6.93,6.86,,,,6.87,6.78,6.73
1996/08/29,7,,7.02,6.97,6.93,6.86,,,,6.87,6.78,6.73
1996/08/30,7,,6.99,6.96,6.88,6.83,,,,6.86,6.76,6.72
1996/09/02,7,,7,6.93,6.83,6.76,,,,6.83,6.73,6.68
1996/09/03,7,,7,6.99,6.92,6.9,,,,6.86,6.78,6.74
1996/09/04,7,,7,6.96,6.89,6.87,,,,6.84,6.76,6.73
1996/09/05,7,,7.05,6.99,6.96,6.94,,,,6.87,6.81,6.78
1996/09/06,7,,7.02,6.98,6.96,6.95,,,,6.86,6.8,6.78
1996/09/09,7,,7.02,6.98,6.95,6.93,,,,6.87,6.81,6.77
1996/09/10,7,,6.98,6.98,6.94,6.91,,,,6.88,6.81,6.77
1996/09/11,7,,6.99,6.98,6.95,6.92,,,,6.89,6.79,6.77
1996/09/12,7,,7,6.98,6.94,6.9,,,,6.88,6.79,6.76
1996/09/13,7,,6.99,6.98,6.94,6.89,,,,6.88,6.78,6.73
1996/09/16,7,,7,6.96,6.92,6.81,,,,6.86,6.76,6.69
1996/09/17,7,,7,6.97,6.92,6.82,,,,6.86,6.76,6.69
1996/09/18,7,,7,6.96,6.92,6.84,,,,6.85,6.8,6.75
1996/09/19,7,,7.02,6.97,6.92,6.83,,,,6.85,6.79,6.75
1996/09/20,7,,7,6.98,6.92,6.84,,,,6.85,6.79,6.75
1996/09/23,7,,7,6.98,6.92,6.84,,,,6.85,6.79,6.75
1996/09/24,7,,7,6.98,6.92,6.84,,,,6.85,6.78,6.74
1996/09/25,7,,7.02,6.96,6.89,6.79,,,,6.87,6.76,6.7
1996/09/26,7,,7.02,6.97,6.88,6.77,,,,6.87,6.76,6.69
1996/09/27,7,,7,6.97,6.83,6.74,,,,6.87,6.76,6.67
1996/09/30,7,,7.02,6.95,6.84,6.74,,,,6.87,6.75,6.67
1996/10/01,7,,7,6.86,6.78,6.69,,,,6.87,6.76,6.67
1996/10/02,7,,7,6.92,6.82,6.73,,,,6.87,6.74,6.69
1996/10/03,7,,7,6.91,6.8,6.71,,,,6.88,6.71,6.67
1996/10/04,7,,7,6.91,6.77,6.67,,,,6.85,6.68,6.62
1996/10/07,7,,7,6.9,6.75,6.65,,,,6.86,6.71,6.65
1996/10/08,7,,7,6.91,6.76,6.68,,,,6.86,6.67,6.62
1996/10/09,7,,7,6.91,6.76,6.67,,,,6.87,6.69,6.62
1996/10/10,7,,7.01,6.88,6.7,6.61,,,,6.85,6.66,6.58
1996/10/11,7,,7,6.9,6.7,6.62,,,,6.86,6.64,6.55
1996/10/14,7,,7,6.9,6.68,6.59,,,,6.87,6.62,6.52
1996/10/15,7,,7,6.9,6.65,6.57,,,,6.88,6.61,6.52
1996/10/16,7,,7,6.93,6.72,6.66,,,,6.86,6.64,6.59
1996/10/17,7,,7,6.92,6.77,6.76,,,,6.87,6.67,6.62
1996/10/18,7,,6.99,6.9,6.76,6.74,,,,6.86,6.65,6.61
1996/10/21,7,,7,6.89,6.74,6.69,,,,6.87,6.67,6.6
1996/10/22,7,,7,6.87,6.73,6.68,,,,6.86,6.66,6.6
1996/10/23,7,,7,6.86,6.74,6.69,,,,6.82,6.64,6.58
1996/10/24,7,,7,6.73,6.57,6.53,,,,6.73,6.54,6.5
1996/10/25,7,,6.98,6.74,6.57,6.54,,,,6.73,6.53,6.49
1996/10/28,7,,7,6.74,6.57,6.53,,,,6.71,6.52,6.48
1996/10/29,7,,7,6.78,6.6,6.54,,,,6.75,6.56,6.5
1996/10/30,7,,7.03,6.78,6.59,6.54,,,,6.68,6.53,6.5
1996/10/31,7,,7.05,6.79,6.6,6.55,,,,6.68,6.53,6.5
1996/11/01,7,,7,6.67,6.55,6.5,,,,6.7,6.53,6.5
1996/11/04,7,,7,6.61,6.5,6.44,,,,6.65,6.49,6.46
1996/11/05,7,,7.02,6.56,6.48,6.41,,,,6.61,6.46,6.42
1996/11/06,6.5,-0.5,6.49,6.48,6.45,6.32,,,,6.41,6.37,6.33
1996/11/07,6.5,,6.5,6.47,6.45,6.39,,,,6.4,6.38,6.35
1996/11/08,6.5,,6.5,6.46,6.44,6.38,,,,6.4,6.38,6.35
1996/11/11,6.5,,6.53,6.48,6.45,6.38,,,,6.4,6.38,6.34
1996/11/12,6.5,,6.51,6.47,6.45,6.38,,,,6.4,6.38,6.34
1996/11/13,6.5,,6.47,6.45,6.44,6.38,,,,6.4,6.36,6.3
1996/11/14,6.5,,6.52,6.45,6.44,6.37,,,,6.4,6.36,6.31
1996/11/15,6.5,,6.5,6.46,6.44,6.38,,,,6.4,6.36,6.31
1996/11/18,6.5,,6.52,6.48,6.46,6.39,,,,6.4,6.36,6.31
1996/11/19,6.5,,6.5,6.47,6.45,6.39,,,,6.4,6.36,6.31
1996/11/20,6.5,,6.5,6.47,6.45,6.39,,,,6.4,6.35,6.29
1996/11/21,6.5,,6.51,6.47,6.44,6.39,,,,6.4,6.35,6.29
1996/11/22,6.5,,6.5,6.47,6.43,6.34,,,,6.39,6.33,6.24
1996/11/25,6.5,,6.51,6.47,6.4,6.3,,,,6.39,6.33,6.23
1996/11/26,6.5,,6.5,6.48,6.42,6.34,,,,6.39,6.33,6.24
1996/11/27,6.5,,6.5,6.48,6.42,6.38,,,,6.38,6.31,6.25
1996/11/28,6.5,,6.5,6.49,6.43,6.37,,,,6.37,6.31,6.25
1996/11/29,6.5,,6.5,6.49,6.44,6.4,,,,6.38,6.32,6.27
1996/12/02,6.5,,6.55,6.48,6.42,6.34,,,,6.38,6.3,6.24
1996/12/03,6.5,,6.55,6.44,6.35,6.28,,,,6.35,6.27,6.21
1996/12/04,6.5,,6.55,6.46,6.39,6.33,,,,6.35,6.27,6.23
1996/12/05,6.5,,6.51,6.48,6.4,6.34,,,,6.36,6.28,6.23
1996/12/06,6.5,,6.54,6.48,6.43,6.38,,,,6.39,6.31,6.27
1996/12/09,6.5,,6.55,6.48,6.41,6.36,,,,6.38,6.29,6.25
1996/12/10,6.5,,6.56,6.48,6.41,6.36,,,,6.38,6.29,6.24
1996/12/11,6,-0.5,6.03,6,5.96,5.92,,,,5.9,5.86,5.83
1996/12/12,6,,6.03,5.99,5.97,5.94,,,,5.9,5.86,5.83
1996/12/13,6,,6.03,6,5.97,5.94,,,,5.9,5.86,5.84
1996/12/16,6,,6.08,6,5.98,5.94,,,,5.89,5.87,5.84
1996/12/17,6,,6.06,6,5.99,5.95,,,,5.91,5.9,5.86
1996/12/18,6,,6.06,6,5.99,5.95,,,,5.9,5.86,5.85
1996/12/19,6,,6.03,6,5.99,5.95,,,,5.9,5.86,5.85
1996/12/20,6,,6.05,6.02,5.98,5.94,,,,5.9,5.86,5.85
1996/12/23,6,,6.05,6.03,5.98,5.95,,,,5.9,5.86,5.85
1996/12/24,6,,6.07,6.04,5.98,5.96,,,,5.9,5.86,5.85
1996/12/27,6,,6.1,6.04,5.99,5.96,,,,5.9,5.86,5.85
1996/12/30,6,,6.1,6.04,5.98,5.93,,,,5.9,5.86,5.84
1996/12/31,6,,6.08,6.04,5.98,5.93,,,,5.9,5.83,5.81
1997/01/02,6,,6.13,6.02,5.96,5.92,,,,5.9,5.82,5.8
1997/01/03,6,,6.08,6.02,5.96,5.94,,,,5.9,5.83,5.82
1997/01/06,6,,6.06,6.01,5.96,5.92,,,,5.9,5.83,5.82
1997/01/07,6,,6.03,6.01,5.93,5.91,,,,5.9,5.84,5.82
1997/01/08,6,,6.03,5.92,5.87,5.84,,,,5.87,5.79,5.77
1997/01/09,6,,6.03,5.95,5.85,5.8,,,,5.86,5.78,5.74
1997/01/10,6,,6.03,5.96,5.85,5.81,,,,5.87,5.77,5.75
1997/01/13,6,,6.04,5.95,5.79,5.75,,,,5.86,5.78,5.74
1997/01/14,6,,6.03,5.95,5.79,5.75,,,,5.86,5.73,5.7
1997/01/15,6,,6.05,5.88,5.74,5.7,,,,5.83,5.67,5.63
1997/01/16,6,,6.05,5.93,5.76,5.73,,,,5.84,5.69,5.66
1997/01/17,6,,6.03,5.95,5.76,5.74,,,,5.84,5.68,5.64
1997/01/20,6,,6.04,5.95,5.76,5.71,,,,5.84,5.66,5.63
1997/01/21,6,,6.03,5.96,5.79,5.73,,,,5.84,5.67,5.64
1997/01/22,6,,6.01,5.95,5.76,5.71,,,,5.8,5.66,5.6
1997/01/23,6,,6,5.94,5.77,5.71,,,,5.8,5.67,5.61
1997/01/24,6,,6,5.95,5.8,5.74,,,,5.8,5.68,5.61
1997/01/28,6,,6.05,5.96,5.81,5.76,,,,5.78,5.67,5.62
1997/01/29,6,,6.03,5.95,5.8,5.75,,,,5.8,5.64,5.62
1997/01/30,6,,5.98,5.92,5.75,5.7,,,,5.8,5.62,5.59
1997/01/31,6,,6.03,5.89,5.72,5.68,,,,5.73,5.59,5.56
1997/02/03,6,,6.02,5.82,5.71,5.66,,,,5.7,5.58,5.55
1997/02/04,6,,6.02,5.82,5.7,5.65,,,,5.73,5.6,5.57
1997/02/05,6,,5.97,5.83,5.72,5.67,,,,5.74,5.61,5.59
1997/02/06,6,,6.03,5.95,5.85,5.84,,,,5.82,5.73,5.71
1997/02/07,6,,5.96,5.94,5.83,5.83,,,,5.82,5.72,5.69
1997/02/10,6,,6,5.95,5.88,5.86,,,,5.84,5.74,5.72
1997/02/11,6,,6.01,5.96,5.89,5.89,,,,5.83,5.75,5.73
1997/02/12,6,,6,5.97,5.91,5.91,,,,5.85,5.8,5.79
1997/02/13,6,,6.02,5.98,5.91,5.91,,,,5.86,5.82,5.81
1997/02/14,6,,6.03,5.97,5.93,5.94,,,,5.86,5.82,5.81
1997/02/17,6,,6,5.98,5.93,5.94,,,,5.85,5.8,5.8
1997/02/18,6,,5.98,5.99,5.95,5.95,,,,5.88,5.83,5.83
1997/02/19,6,,6.03,5.99,5.96,5.96,,,,5.89,5.88,5.88
1997/02/20,6,,6.01,6,6,6,,,,5.91,5.91,5.91
1997/02/21,6,,6,6,6,6.05,,,,5.9,5.92,5.92
1997/02/24,6,,6,6.01,6.01,6.03,,,,5.9,5.92,5.92
1997/02/25,6,,6.03,6.01,6.01,6.06,,,,5.9,5.9,5.9
1997/02/26,6,,6,6.01,6.01,6.06,,,,5.9,5.89,5.9
1997/02/27,6,,5.99,6.01,6.01,6.07,,,,5.9,5.89,5.9
1997/02/28,6,,6.01,6.01,6.02,6.06,,,,5.9,5.89,5.9
1997/03/03,6,,6.01,6.02,6.03,6.09,,,,5.9,5.9,5.91
1997/03/04,6,,6.03,6.02,6.02,6.08,,,,5.9,5.9,5.94
1997/03/05,6,,6.05,6.03,6.03,6.08,,,,5.9,5.9,5.92
1997/03/06,6,,6.05,6.03,6.03,6.08,,,,5.9,5.9,5.91
1997/03/07,6,,6.05,6.02,6.03,6.13,,,,5.9,5.92,5.94
1997/03/10,6,,6.03,6.03,6.03,6.1,,,,5.9,5.9,5.91
1997/03/11,6,,6.03,6.02,6.02,6.12,,,,5.9,5.9,5.9
1997/03/12,6,,6.03,6.02,6.03,6.12,,,,5.9,5.91,5.94
1997/03/13,6,,6.05,6.03,6.03,6.12,,,,5.9,5.9,5.91
1997/03/14,6,,6.04,6.03,6.04,6.12,,,,5.9,5.91,5.92
1997/03/17,6,,6.03,6.03,6.04,6.09,,,,5.9,5.9,5.92
1997/03/18,6,,6,6.02,6.04,6.12,,,,5.9,5.91,5.93
1997/03/19,6,,6.03,6.03,6.05,6.11,,,,5.9,5.93,5.95
1997/03/20,6,,6.05,6.04,6.06,6.13,,,,5.9,5.93,5.95
1997/03/21,6,,6.03,6.05,6.08,6.15,,,,5.9,5.93,5.95
1997/03/24,6,,6,6.05,6.08,6.17,,,,5.9,5.93,5.96
1997/03/25,6,,6.05,6.05,6.08,6.16,,,,5.9,5.92,5.93
1997/03/26,6,,6.05,6.06,6.1,6.18,,,,5.9,5.93,5.97
1997/03/27,6,,6.13,6.06,6.09,6.16,,,,5.9,5.93,5.96
1997/04/01,6,,6.08,6.07,6.09,6.17,,,,5.91,5.93,5.97
1997/04/02,6,,6.03,6.07,6.09,6.18,,,,5.92,5.93,5.97
1997/04/03,6,,6.11,6.05,6.08,6.17,,,,5.91,5.93,5.96
1997/04/04,6,,6.06,6.06,6.08,6.17,,,,5.91,5.92,5.94
1997/04/07,6,,6.06,6.07,6.09,6.16,,,,5.9,5.9,5.92
1997/04/08,6,,6.03,6.0667,6.0833,6.1567,,,,5.9,5.91,5.92
1997/04/09,6,,6.11,6.07,6.085,6.1617,,,,5.9,5.92,5.93
1997/04/10,6,,6.03,6.06,6.07,6.14,,,,5.89,5.91,5.91
1997/04/11,6,,6.05,6.06,6.07,6.13,,,,5.89,5.9,5.91
1997/04/14,6,,6.04,6.04,6.06,6.1,,,,5.89,5.9,5.91
1997/04/15,6,,6.07,6.03,6.04,6.06,,,,5.88,5.88,5.88
1997/04/16,6,,6.06,6.02,6.02,6.02,,,,5.87,5.83,5.86
1997/04/17,6,,6.01,6.01,6.01,6.01,,,,5.88,5.84,5.85
1997/04/18,6,,6.03,6.02,6.03,6.04,,,,5.89,5.83,5.86
1997/04/21,6,,6.03,6.03,6.03,6.04,,,,5.89,5.84,5.86
1997/04/22,6,,6.05,5.99,5.97,5.96,,,,5.87,5.82,5.81
1997/04/23,6,,6.03,6.02,5.97,5.96,,,,5.82,5.81,5.8
1997/04/24,6,,6.07,6.02,5.98,5.96,,,,5.82,5.81,5.8
1997/04/28,6,,6.05,6.03,6.01,6.03,,,,5.86,5.83,5.82
1997/04/29,6,,6.06,6.05,6.02,6.03,,,,5.88,5.84,5.83
1997/04/30,6,,6.07,6.05,6.02,6.03,,,,5.86,5.8,5.81
1997/05/01,6,,6.06,6.04,6,6.05,,,,5.86,5.83,5.83
1997/05/02,6,,6.04,6.03,6.01,6.02,,,,5.86,5.83,5.83
1997/05/05,6,,6.05,6.03,6,6.02,,,,5.87,5.83,5.82
1997/05/06,6,,6.03,6.03,5.98,5.99,,,,5.88,5.82,5.81
1997/05/07,6,,6.05,6.02,6,6,,,,5.87,5.81,5.85
1997/05/08,6,,6.03,6.05,6.05,6.07,,,,5.89,5.86,5.87
1997/05/09,6,,6.09,6.03,6.03,6.08,,,,5.88,5.83,5.84
1997/05/12,6,,6.11,6.04,6.04,6.08,,,,5.87,5.85,5.83
1997/05/13,6,,6.09,6.03,6.03,6.06,,,,5.87,5.83,5.83
1997/05/14,6,,6.05,6.04,6.04,6.07,,,,5.88,5.85,5.83
1997/05/15,6,,6.03,6.02,6,6.01,,,,5.87,5.79,5.8
1997/05/16,6,,6.03,6.03,5.98,5.97,,,,5.86,5.78,5.78
1997/05/19,6,,6,6.04,5.98,6,,,,5.86,5.79,5.79
1997/05/20,6,,6,6.05,5.99,6.03,,,,5.87,5.82,5.8
1997/05/21,6,,6.07,6.04,5.99,6.02,,,,5.86,5.88,5.8
1997/05/22,6,,6.03,6.02,5.97,6.01,,,,5.86,5.8,5.79
1997/05/23,5.5,-0.5,5.54,5.55,5.53,5.58,,,,5.37,5.35,5.34
1997/05/26,5.5,,5.55,5.54,5.54,5.58,,,,5.37,5.35,5.34
1997/05/27,5.5,,5.54,5.54,5.53,5.57,,,,5.37,5.34,5.32
1997/05/28,5.5,,5.55,5.55,5.54,5.57,,,,5.38,5.33,5.31
1997/05/29,5.5,,5.55,5.55,5.54,5.57,,,,5.38,5.33,5.31
1997/05/30,5.5,,5.53,5.52,5.46,5.45,,,,5.35,5.29,5.26
1997/06/02,5.5,,5.57,5.48,5.44,5.42,,,,5.33,5.27,5.23
1997/06/03,5.5,,5.59,5.51,5.46,5.44,,,,5.33,5.28,5.24
1997/06/04,5.5,,5.61,5.47,5.42,5.42,,,,5.33,5.27,5.24
1997/06/05,5.5,,5.58,5.53,5.47,5.47,,,,5.32,5.29,5.27
1997/06/06,5.5,,5.58,5.51,5.44,5.42,,,,5.3,5.26,5.24
1997/06/10,5.5,,5.64,5.52,5.42,5.39,,,,5.35,5.3,5.27
1997/06/11,5.5,,5.58,5.53,5.41,5.39,,,,5.35,5.28,5.27
1997/06/12,5.5,,5.58,5.39,5.26,5.23,,,,5.29,5.2,5.18
1997/06/13,5.5,,5.8,5.43,5.3,5.22,,,,5.27,5.16,5.11
1997/06/16,5.5,,5.75,5.47,5.29,5.2,,,,5.31,5.15,5.13
1997/06/17,5.5,,5.63,5.47,5.31,5.24,,,,5.32,5.16,5.13
1997/06/18,5.5,,5.57,5.37,5.27,5.2,,,,5.35,5.26,5.21
1997/06/19,5.5,,5.52,5.43,5.27,5.22,,,,5.35,5.25,5.18
1997/06/20,5.5,,5.48,5.38,5.26,5.21,,,,5.32,5.22,5.17
1997/06/23,5.5,,5.45,5.38,5.26,5.2,,,,5.31,5.21,5.14
1997/06/24,5.5,,5.44,5.38,5.27,5.24,,,,5.31,5.19,5.16
1997/06/25,5.5,,5.44,5.41,5.33,5.29,,,,5.33,5.25,5.2
1997/06/26,5.5,,5.44,5.39,5.36,5.33,,,,5.33,5.25,5.24
1997/06/27,5.5,,5.5,5.4,5.35,5.3,,,,5.32,5.24,5.21
1997/06/30,5.5,,5.65,5.4,5.35,5.3,,,,5.31,5.23,5.19
1997/07/01,5.5,,5.57,5.38,5.28,5.3,,,,5.3,5.21,5.15
1997/07/02,5.5,,5.58,5.41,5.36,5.29,,,,5.31,5.24,5.17
1997/07/03,5.5,,5.53,5.4,5.34,5.29,,,,5.32,5.23,5.15
1997/07/04,5.5,,5.5,5.41,5.33,5.23,,,,5.31,5.22,5.12
1997/07/07,5.5,,5.49,5.41,5.33,5.25,,,,5.31,5.22,5.14
1997/07/08,5.5,,5.48,5.37,5.28,5.23,,,,5.3,5.19,5.11
1997/07/09,5.5,,5.49,5.36,5.22,5.2,,,,5.31,5.17,5.12
1997/07/10,5.5,,5.45,5.27,5.13,5.18,,,,5.21,5.07,5.01
1997/07/11,5.5,,5.45,5.33,5.15,5.18,,,,5.23,5.07,5.01
1997/07/14,5.5,,5.48,5.35,5.15,5.1,,,,5.24,5.08,5.02
1997/07/15,5.5,,5.45,5.38,5.21,5.11,,,,5.28,5.11,5.07
1997/07/16,5.5,,5.48,5.38,5.24,5.18,,,,5.3,5.19,5.14
1997/07/17,5.5,,5.48,5.34,5.19,5.13,,,,5.27,5.13,5.07
1997/07/18,5.5,,5.48,5.36,5.24,5.19,,,,5.27,5.15,5.09
1997/07/21,5.5,,5.45,5.34,5.19,5.16,,,,5.25,5.12,5.06
1997/07/22,5.5,,5.45,5.34,5.19,5.15,,,,5.25,5.12,5.07
1997/07/23,5.5,,5.5,5.3,5.17,5.14,,,,5.21,5.1,5.04
1997/07/24,5.5,,5.49,5.2,5.08,5.04,,,,5.15,5.02,5
1997/07/25,5.5,,5.45,5.27,5.09,5.06,,,,5.19,5.03,5
1997/07/28,5.5,,5.47,5.28,5.12,5.07,,,,5.19,5.03,5
1997/07/29,5.5,,5.46,5.28,5.12,5.07,,,,5.19,5.04,5.01
1997/07/30,5,-0.5,5.01,4.99,4.95,4.93,,,,4.94,4.87,4.85
1997/07/31,5,,4.99,4.96,4.92,4.9,,,,4.92,4.85,4.81
1997/08/01,5,,4.98,4.96,4.92,4.9,,,,4.91,4.84,4.8
1997/08/04,5,,5,4.98,4.94,4.91,,,,4.93,4.86,4.82
1997/08/05,5,,4.99,4.98,4.92,4.9,,,,4.91,4.86,4.81
1997/08/06,5,,5,4.98,4.91,4.91,,,,4.93,4.85,4.84
1997/08/07,5,,5,4.97,4.9,4.9,,,,4.91,4.84,4.82
1997/08/08,5,,4.98,4.97,4.92,4.92,,,,4.92,4.84,4.83
1997/08/11,5,,4.97,4.98,4.95,4.95,,,,4.92,4.87,4.85
1997/08/12,5,,4.98,4.97,4.95,4.95,,,,4.89,4.86,4.85
1997/08/13,5,,4.95,4.95,4.93,4.93,,,,4.91,4.88,4.85
1997/08/14,5,,4.98,4.92,4.87,4.86,,,,4.86,4.81,4.77
1997/08/15,5,,4.96,4.93,4.83,4.79,,,,4.85,4.8,4.75
1997/08/18,5,,4.98,4.93,4.84,4.8,,,,4.85,4.79,4.75
1997/08/19,5,,4.98,4.92,4.85,4.81,,,,4.85,4.79,4.75
1997/08/20,5,,5,4.92,4.89,4.84,,,,4.88,4.85,4.8
1997/08/21,5,,4.98,4.91,4.89,4.86,,,,4.88,4.84,4.79
1997/08/22,5,,4.95,4.91,4.89,4.86,,,,4.88,4.87,4.84
1997/08/25,5,,4.97,4.93,4.92,4.89,,,,4.88,4.85,4.83
1997/08/26,5,,4.95,4.93,4.91,4.9,,,,4.87,4.85,4.82
1997/08/27,5,,4.97,4.92,4.89,4.88,,,,4.88,4.85,4.83
1997/08/28,5,,4.95,4.9,4.87,4.84,,,,4.84,4.81,4.77
1997/08/29,5,,4.96,4.91,4.84,4.82,,,,4.82,4.8,4.76
1997/09/01,5,,4.98,4.88,4.76,4.75,,,,4.83,4.78,4.76
1997/09/02,5,,5.02,4.88,4.76,4.75,,,,4.83,4.74,4.72
1997/09/03,5,,5.01,4.89,4.81,4.8,,,,4.85,4.76,4.74
1997/09/04,5,,4.96,4.95,4.91,4.91,,,,4.86,4.8,4.77
1997/09/05,5,,4.98,4.93,4.89,4.86,,,,4.87,4.81,4.78
1997/09/08,5,,5,4.93,4.9,4.88,,,,4.87,4.81,4.77
1997/09/09,5,,4.99,4.93,4.88,4.87,,,,4.87,4.82,4.79
1997/09/10,5,,4.95,4.93,4.88,4.87,,,,4.87,4.82,4.81
1997/09/11,5,,5.01,4.78,4.68,4.65,,,,4.74,4.61,4.58
1997/09/12,5,,5,4.84,4.7,4.67,,,,4.74,4.61,4.59
1997/09/15,5,,5,4.86,4.71,4.67,,,,4.73,4.61,4.58
1997/09/16,5,,5,4.86,4.72,4.67,,,,4.74,4.62,4.59
1997/09/17,5,,4.98,4.86,4.7,4.65,,,,4.83,4.67,4.62
1997/09/18,5,,5,4.88,4.72,4.67,,,,4.84,4.68,4.64
1997/09/19,5,,4.95,4.87,4.72,4.66,,,,4.84,4.68,4.64
1997/09/22,5,,4.98,4.88,4.72,4.65,,,,4.84,4.68,4.62
1997/09/23,5,,4.96,4.87,4.7,4.63,,,,4.82,4.66,4.6
1997/09/24,5,,4.93,4.86,4.71,4.66,,,,4.81,4.65,4.58
1997/09/25,5,,4.97,4.86,4.71,4.65,,,,4.81,4.65,4.58
1997/09/26,5,,4.98,4.91,4.77,4.71,,,,4.84,4.68,4.62
1997/09/29,5,,4.99,4.94,4.79,4.7,,,,4.82,4.69,4.61
1997/09/30,5,,5,4.93,4.78,4.71,,,,4.82,4.69,4.62
1997/10/01,5,,4.92,4.84,4.71,4.67,,,,4.81,4.66,4.61
1997/10/02,5,,4.9,4.84,4.71,4.68,,,,4.79,4.64,4.6
1997/10/03,5,,4.95,4.84,4.71,4.68,,,,4.8,4.65,4.6
1997/10/06,5,,4.95,4.84,4.71,4.68,,,,4.8,4.65,4.6
1997/10/07,5,,4.95,4.84,4.71,4.68,,,,4.78,4.69,4.66
1997/10/08,5,,5,4.86,4.79,4.76,,,,4.81,4.75,4.72
1997/10/09,5,,4.94,4.89,4.87,4.86,,,,4.82,4.78,4.77
1997/10/10,5,,5.02,4.92,4.91,4.87,,,,4.86,4.82,4.8
1997/10/13,5,,5,4.94,4.92,4.9,,,,4.86,4.83,4.81
1997/10/14,5,,4.97,4.93,4.9,4.87,,,,4.86,4.81,4.79
1997/10/15,5,,5,4.92,4.88,4.85,,,,4.87,4.8,4.81
1997/10/16,5,,4.97,4.92,4.89,4.84,,,,4.86,4.79,4.8
1997/10/17,5,,4.93,4.92,4.87,4.82,,,,4.86,4.79,4.78
1997/10/20,5,,5,4.89,4.83,4.79,,,,4.84,4.77,4.75
1997/10/21,5,,5,4.89,4.83,4.79,,,,4.84,4.77,4.76
1997/10/22,5,,4.98,4.9,4.87,4.86,,,,4.84,4.79,4.78
1997/10/23,5,,4.98,4.91,4.88,4.86,,,,4.85,4.81,4.81
1997/10/24,5,,5.03,4.91,4.88,4.86,,,,4.84,4.8,4.8
1997/10/27,5,,5,4.94,4.93,4.93,,,,4.87,4.84,4.83
1997/10/28,5,,5.03,4.9,4.83,4.8,,,,4.83,4.74,4.74
1997/10/29,5,,5.05,4.95,4.87,4.85,,,,4.91,4.76,4.75
1997/10/30,5,,5.03,4.93,4.85,4.83,,,,4.87,4.74,4.71
1997/10/31,5,,5.01,4.93,4.84,4.8,,,,4.86,4.74,4.71
1997/11/03,5,,4.99,4.91,4.85,4.83,,,,4.87,4.78,4.74
1997/11/04,5,,4.99,4.92,4.87,4.85,,,,4.88,4.8,4.76
1997/11/05,5,,5.02,4.94,4.89,4.89,,,,4.91,4.85,4.82
1997/11/06,5,,4.97,4.96,4.92,4.92,,,,4.93,4.88,4.85
1997/11/07,5,,4.97,4.94,4.91,4.89,,,,4.89,4.83,4.79
1997/11/10,5,,5,4.95,4.92,4.91,,,,4.89,4.83,4.79
1997/11/11,5,,5,4.95,4.93,4.93,,,,4.89,4.84,4.8
1997/11/12,5,,5.03,4.96,4.95,4.94,,,,4.88,4.88,4.88
1997/11/13,5,,5,4.96,4.96,4.95,,,,4.88,4.88,4.88
1997/11/14,5,,4.99,4.96,4.95,4.94,,,,4.88,4.88,4.88
1997/11/17,5,,5,4.96,4.96,4.96,,,,4.9,4.89,4.89
1997/11/18,5,,5,4.95,4.95,4.95,,,,4.9,4.9,4.9
1997/11/19,5,,4.99,4.95,4.94,4.96,,,,4.91,4.91,4.92
1997/11/20,5,,5,4.95,4.95,4.98,,,,4.91,4.91,4.92
1997/11/21,5,,4.99,4.96,4.96,4.99,,,,4.92,4.92,4.92
1997/11/24,5,,5.03,4.96,4.96,4.99,,,,4.92,4.92,4.92
1997/11/25,5,,4.98,4.97,4.97,5,,,,4.92,4.92,4.92
1997/11/26,5,,5.03,4.99,4.99,5.02,,,,4.92,4.92,4.93
1997/11/27,5,,5,5.01,5.02,5.06,,,,4.94,4.94,4.94
1997/11/28,5,,5.09,5.05,5.05,5.12,,,,4.98,4.98,4.98
1997/12/01,5,,5.05,5.06,5.08,5.12,,,,4.96,4.96,4.97
1997/12/02,5,,5.03,5.06,5.09,5.15,,,,4.98,4.98,4.98
1997/12/03,5,,5,5.07,5.09,5.15,,,,4.98,4.98,5
1997/12/04,5,,5.01,5.05,5.07,5.13,,,,4.96,4.96,4.97
1997/12/05,5,,5,5.06,5.07,5.13,,,,4.96,4.96,4.97
1997/12/08,5,,5,5.06,5.07,5.15,,,,4.96,4.96,4.97
1997/12/09,5,,4.99,5.06,5.06,5.15,,,,4.96,4.96,4.97
1997/12/10,5,,4.98,5.05,5.06,5.15,,,,4.98,4.98,4.99
1997/12/11,5,,5.01,5.04,5.06,5.12,,,,4.95,4.96,4.96
1997/12/12,5,,5.03,5.04,5.06,5.12,,,,4.93,4.95,4.95
1997/12/15,5,,5,5.04,5.05,5.09,,,,4.93,4.94,4.94
1997/12/16,5,,5,5.05,5.07,5.12,,,,4.95,4.97,4.98
1997/12/17,5,,5,5.05,5.08,5.16,,,,4.97,5,5.01
1997/12/18,5,,4.99,5.03,5.07,5.15,,,,4.96,4.97,4.99
1997/12/19,5,,5,5.03,5.07,5.13,,,,4.95,4.97,4.98
1997/12/22,5,,5.02,5.03,5.05,5.09,,,,4.95,4.95,4.96
1997/12/23,5,,5.05,5.03,5.05,5.08,,,,4.99,4.98,5
1997/12/24,5,,5.03,5.06,5.07,5.09,,,,4.96,4.96,4.98
1997/12/29,5,,5.1,5.04,5.05,5.06,,,,4.96,4.96,4.97
1997/12/30,5,,5.05,5.04,5.05,5.03,,,,4.94,4.94,4.94
1997/12/31,5,,5.19,5.04,5.05,5.04,,,,4.95,4.95,4.95
1998/01/02,5,,5.07,5.04,5.05,5,,,,4.94,4.94,4.94
1998/01/05,5,,5.03,4.99,4.96,4.92,,,,4.93,4.88,4.87
1998/01/06,5,,5.04,4.99,4.93,4.91,,,,4.92,4.89,4.85
1998/01/07,5,,5.02,5,4.95,4.93,,,,4.93,4.9,4.87
1998/01/08,5,,5,5,4.96,4.95,,,,4.93,4.9,4.87
1998/01/09,5,,4.93,5,4.96,4.95,,,,4.91,4.87,4.84
1998/01/12,5,,4.95,4.99,4.94,4.91,,,,4.91,4.86,4.82
1998/01/13,5,,4.99,4.98,4.96,4.95,,,,4.93,4.9,4.87
1998/01/14,5,,5,5,4.97,4.96,,,,4.93,4.9,4.9
1998/01/15,5,,5.01,5,4.99,4.99,,,,4.93,4.9,4.9
1998/01/16,5,,5,5,5,5,,,,4.94,4.92,4.91
1998/01/19,5,,4.99,5.01,5.02,5.03,,,,4.95,4.93,4.91
1998/01/20,5,,4.98,5,5,5.01,,,,4.95,4.92,4.91
1998/01/21,5,,4.97,4.99,4.97,4.98,,,,4.93,4.9,4.88
1998/01/22,5,,4.99,5,4.98,4.99,,,,4.93,4.9,4.89
1998/01/23,5,,5.02,5,5,5.01,,,,4.94,4.92,4.9
1998/01/27,5,,5,5.01,5.03,5.06,,,,4.95,4.93,4.91
1998/01/28,5,,5.03,5.01,5.04,5.07,,,,4.95,4.96,4.96
1998/01/29,5,,5,5.01,5.04,5,,,,4.95,4.95,4.95
1998/01/30,5,,5,5.02,5.02,5,,,,4.93,4.93,4.93
1998/02/02,5,,5,5.01,5.01,5,,,,4.94,4.93,4.92
1998/02/03,5,,5,5,5.01,5.02,,,,4.95,4.94,4.93
1998/02/04,5,,5,5,5,4.99,,,,4.95,4.93,4.89
1998/02/05,5,,4.98,5,4.99,4.96,,,,4.95,4.93,4.88
1998/02/06,5,,4.97,4.99,4.98,4.97,,,,4.95,4.92,4.89
1998/02/09,5,,4.98,4.99,4.98,4.97,,,,4.95,4.92,4.89
1998/02/10,5,,4.98,4.98,4.95,4.95,,,,4.95,4.91,4.86
1998/02/11,5,,4.95,4.97,4.94,4.94,,,,4.94,4.9,4.88
1998/02/12,5,,4.98,4.98,4.95,4.93,,,,4.95,4.9,4.87
1998/02/13,5,,4.96,4.97,4.94,4.92,,,,4.93,4.87,4.83
1998/02/16,5,,4.99,4.98,4.94,4.9,,,,4.93,4.88,4.83
1998/02/17,5,,4.99,4.98,4.95,4.94,,,,4.94,4.89,4.86
1998/02/18,5,,4.98,4.99,4.97,4.97,,,,4.96,4.93,4.89
1998/02/19,5,,4.98,4.98,4.97,4.97,,,,4.95,4.93,4.89
1998/02/20,5,,4.98,4.99,4.97,4.97,,,,4.96,4.93,4.9
1998/02/23,5,,4.98,4.99,4.96,4.95,,,,4.94,4.9,4.84
1998/02/24,5,,4.97,4.99,4.97,4.96,,,,4.94,4.91,4.86
1998/02/25,5,,5,5,4.99,4.98,,,,4.94,4.92,4.87
1998/02/26,5,,5,5,4.99,4.98,,,,4.94,4.91,4.87
1998/02/27,5,,4.98,5.01,5.01,5.02,,,,4.95,4.9,4.87
1998/03/02,5,,4.99,5,4.99,4.99,,,,4.94,4.91,4.88
1998/03/03,5,,5,5,5.01,5.03,,,,4.94,4.9,4.89
1998/03/04,5,,4.99,5,4.98,4.98,,,,4.93,4.9,4.87
1998/03/05,5,,4.98,4.99,4.96,4.96,,,,4.92,4.88,4.85
1998/03/06,5,,4.98,4.99,4.97,4.97,,,,4.93,4.89,4.86
1998/03/09,5,,5,4.99,4.96,4.95,,,,4.93,4.89,4.86
1998/03/10,5,,5,4.99,4.95,4.94,,,,4.93,4.88,4.84
1998/03/11,5,,5,4.99,4.95,4.94,,,,4.95,4.9,4.87
1998/03/12,5,,5,4.99,4.93,4.89,,,,4.94,4.88,4.83
1998/03/13,5,,4.97,4.99,4.93,4.88,,,,4.94,4.86,4.8
1998/03/16,5,,5.02,4.98,4.94,4.88,,,,4.94,4.87,4.8
1998/03/17,5,,5,4.99,4.94,4.89,,,,4.93,4.88,4.81
1998/03/18,5,,5,4.98,4.94,4.89,,,,4.94,4.89,4.84
1998/03/19,5,,5,4.98,4.95,4.9,,,,4.93,4.88,4.83
1998/03/20,5,,5,4.98,4.95,4.91,,,,4.91,4.87,4.81
1998/03/23,5,,5,4.99,4.96,4.92,,,,4.93,4.88,4.82
1998/03/24,5,,5,4.99,4.96,4.92,,,,4.92,4.87,4.82
1998/03/25,5,,5,4.99,4.97,4.92,,,,4.93,4.87,4.8
1998/03/26,5,,5.01,5,4.98,4.96,,,,4.93,4.88,4.84
1998/03/27,5,,4.98,5,4.99,4.98,,,,4.92,4.88,4.84
1998/03/30,5,,5,5,4.97,4.95,,,,4.92,4.86,4.79
1998/03/31,5,,5,5,4.96,4.93,,,,4.91,4.84,4.78
1998/04/01,5,,5.03,4.99,4.93,4.89,,,,4.9,4.81,4.77
1998/04/02,5,,5,4.98,4.93,4.9,,,,4.91,4.82,4.77
1998/04/03,5,,4.97,4.98,4.91,4.88,,,,4.9,4.81,4.74
1998/04/06,5,,4.98,4.98,4.93,4.9,,,,4.91,4.82,4.76
1998/04/07,5,,4.98,4.94,4.86,4.81,,,,4.86,4.76,4.68
1998/04/08,5,,4.98,4.94,4.86,4.81,,,,4.87,4.77,4.71
1998/04/09,5,,4.93,4.93,4.86,4.81,,,,4.86,4.76,4.7
1998/04/14,5,,4.98,4.94,4.9,4.84,,,,4.9,4.81,4.76
1998/04/15,5,,5,4.96,4.92,4.88,,,,4.9,4.82,4.78
1998/04/16,5,,5,4.95,4.91,4.86,,,,4.89,4.81,4.77
1998/04/17,5,,4.98,4.95,4.9,4.86,,,,4.89,4.8,4.76
1998/04/20,5,,4.98,4.96,4.95,4.95,,,,4.9,4.83,4.8
1998/04/21,5,,4.97,4.96,4.94,4.92,,,,4.9,4.83,4.8
1998/04/22,5,,4.98,4.96,4.93,4.91,,,,4.9,4.83,4.8
1998/04/23,5,,4.93,4.95,4.91,4.88,,,,4.89,4.81,4.76
1998/04/24,5,,4.94,4.97,4.94,4.91,,,,4.9,4.82,4.78
1998/04/27,5,,5,4.96,4.9,4.87,,,,4.9,4.8,4.76
1998/04/28,5,,4.98,4.96,4.92,4.9,,,,4.9,4.82,4.77
1998/04/29,5,,4.98,4.98,4.96,4.94,,,,4.9,4.84,4.79
1998/04/30,5,,5,4.98,4.97,4.97,,,,4.91,4.85,4.81
1998/05/01,5,,5,4.96,4.93,4.92,,,,4.9,4.83,4.8
1998/05/04,5,,5,4.97,4.94,4.93,,,,4.9,4.84,4.8
1998/05/05,5,,5.03,4.99,4.96,4.95,,,,4.9,4.84,4.8
1998/05/06,5,,5,4.99,4.96,4.94,,,,4.91,4.85,4.81
1998/05/07,5,,4.99,4.99,4.94,4.94,,,,4.91,4.85,4.81
1998/05/08,5,,5.03,4.99,4.94,4.94,,,,4.91,4.84,4.81
1998/05/11,5,,4.98,4.99,4.95,4.93,,,,4.91,4.84,4.8
1998/05/12,5,,5,4.99,4.95,4.93,,,,4.91,4.85,4.8
1998/05/13,5,,4.98,5,4.96,4.93,,,,4.91,4.84,4.81
1998/05/14,5,,5,5,4.99,4.98,,,,4.91,4.85,4.83
1998/05/15,5,,5.03,5.02,4.99,4.98,,,,4.92,4.87,4.85
1998/05/18,5,,5,5.02,5,5,,,,4.91,4.87,4.85
1998/05/19,5,,5,5.01,4.99,4.98,,,,4.91,4.86,4.84
1998/05/20,5,,5,5.01,4.99,4.98,,,,4.91,4.85,4.84
1998/05/21,5,,5,5,4.97,4.96,,,,4.89,4.83,4.82
1998/05/22,5,,4.96,5.01,4.98,4.97,,,,4.9,4.84,4.82
1998/05/25,5,,5,5.02,4.98,4.97,,,,4.92,4.84,4.83
1998/05/26,5,,5.01,5.02,4.99,4.98,,,,4.9,4.84,4.82
1998/05/27,5,,5,5,4.97,4.94,,,,4.9,4.81,4.78
1998/05/28,5,,5,5,4.95,4.92,,,,4.9,4.8,4.77
1998/05/29,5,,5,5.01,4.93,4.89,,,,4.91,4.78,4.76
1998/06/01,5,,5,5,4.9,4.85,,,,4.9,4.76,4.73
1998/06/02,5,,5,5,4.94,4.89,,,,4.89,4.79,4.75
1998/06/03,5,,5.03,5,4.94,4.91,,,,4.9,4.77,4.74
1998/06/04,5,,5,5.02,4.99,4.99,,,,4.86,4.78,4.75
1998/06/05,5,,5.02,5.07,5.11,5.16,,,,4.9,4.89,4.88
1998/06/09,5,,5.13,5.48,5.6,5.7,,,,5.04,5.13,5.2
1998/06/10,5,,5.05,5.64,5.77,5.88,,,,5.04,5.21,5.28
1998/06/11,5,,5.05,5.43,5.51,5.63,,,,4.99,5.11,5.17
1998/06/12,5,,5.1,5.43,5.53,5.64,,,,5.01,5.12,5.18
1998/06/15,5,,5,5.53,5.62,5.74,,,,5,5.17,5.25
1998/06/16,5,,5.13,5.48,5.6,5.71,,,,5.01,5.17,5.25
1998/06/17,5,,5.24,5.34,5.46,5.58,,,,4.98,5.1,5.21
1998/06/18,5,,5.2,5.21,5.24,5.35,,,,4.94,4.96,4.98
1998/06/19,5,,5.07,5.22,5.26,5.34,,,,4.92,4.94,4.95
1998/06/22,5,,5.14,5.29,5.34,5.41,,,,4.91,4.95,4.96
1998/06/23,5,,5.1,5.34,5.39,5.46,,,,4.9,4.94,4.95
1998/06/24,5,,5.1,5.4,5.49,5.57,,,,4.91,4.98,5.1
1998/06/25,5,,5.1,5.28,5.36,5.45,,,,4.9,4.95,5.04
1998/06/26,5,,5.04,5.18,5.28,5.35,,,,4.89,4.93,4.97
1998/06/29,5,,5.01,5.22,5.28,5.38,,,,4.91,4.92,4.97
1998/06/30,5,,5,5.16,5.2,5.28,,,,4.9,4.93,4.98
1998/07/01,5,,5.02,5.15,5.18,5.22,,,,4.9,4.95,4.97
1998/07/02,5,,4.97,5.15,5.22,5.3,,,,4.9,4.95,5
1998/07/03,5,,4.97,5.13,5.22,5.28,,,,4.9,4.95,5
1998/07/06,5,,4.94,5.15,5.21,5.29,,,,4.89,4.94,4.98
1998/07/07,5,,4.96,5.11,5.18,5.24,,,,4.89,4.93,4.97
1998/07/08,5,,5,5.09,5.17,5.22,,,,4.9,4.94,4.98
1998/07/09,5,,5.01,5.14,5.24,5.32,,,,4.9,4.95,5
1998/07/10,5,,4.97,5.12,5.25,5.32,,,,4.9,4.95,5.01
1998/07/13,5,,4.99,5.14,5.26,5.35,,,,4.9,4.96,5.03
1998/07/14,5,,5,5.13,5.19,5.28,,,,4.91,4.94,4.98
1998/07/15,5,,5.02,5.11,5.16,5.25,,,,4.89,4.95,5
1998/07/16,5,,4.99,5.07,5.11,5.17,,,,4.89,4.92,4.95
1998/07/17,5,,4.97,5.06,5.1,5.13,,,,4.89,4.92,4.96
1998/07/20,5,,4.99,5.07,5.12,5.16,,,,4.88,4.92,4.96
1998/07/21,5,,4.96,5.06,5.12,5.15,,,,4.88,4.92,4.97
1998/07/22,5,,4.97,5.07,5.14,5.19,,,,4.86,4.93,4.99
1998/07/23,5,,4.96,5.08,5.16,5.22,,,,4.87,4.94,5
1998/07/24,5,,4.98,5.07,5.14,5.19,,,,4.88,4.93,4.99
1998/07/27,5,,4.97,5.07,5.16,5.21,,,,4.87,4.94,4.99
1998/07/28,5,,4.97,5.07,5.16,5.21,,,,4.88,4.94,4.99
1998/07/29,5,,5,5.08,5.15,5.21,,,,4.89,4.93,4.98
1998/07/30,5,,4.95,5.07,5.15,5.21,,,,4.89,4.93,4.97
1998/07/31,5,,4.97,5.07,5.11,5.13,,,,4.87,4.91,4.93
1998/08/03,5,,4.97,5.08,5.12,5.14,,,,4.88,4.91,4.93
1998/08/04,5,,4.98,5.07,5.09,5.12,,,,4.87,4.91,4.93
1998/08/05,5,,4.97,5.03,5.03,5.05,,,,4.89,4.9,4.9
1998/08/06,5,,4.97,5.03,5.03,5.04,,,,4.89,4.89,4.9
1998/08/07,5,,4.92,5.07,5.1,5.13,,,,4.9,4.92,4.94
1998/08/10,5,,4.94,5.09,5.16,5.21,,,,4.91,4.93,4.95
1998/08/11,5,,4.92,5.09,5.2,5.24,,,,4.91,4.96,4.99
1998/08/12,5,,4.96,5.08,5.14,5.2,,,,4.93,4.94,4.98
1998/08/13,5,,5,5.08,5.14,5.19,,,,4.94,4.94,4.98
1998/08/14,5,,4.97,5.08,5.14,5.18,,,,4.93,4.94,4.97
1998/08/17,5,,4.98,5.09,5.13,5.18,,,,4.93,4.94,4.97
1998/08/18,5,,4.94,5.09,5.14,5.2,,,,4.93,4.95,4.98
1998/08/19,5,,4.96,5.08,5.12,5.16,,,,4.93,4.95,4.98
1998/08/20,5,,4.96,5.08,5.12,5.18,,,,4.94,4.95,4.99
1998/08/21,5,,4.95,5.09,5.14,5.2,,,,4.94,4.95,5
1998/08/24,5,,4.98,5.05,5.16,5.25,,,,4.94,4.97,5.01
1998/08/25,5,,4.98,5.15,5.22,5.31,,,,4.94,4.97,5.02
1998/08/26,5,,4.99,5.15,5.25,5.36,,,,4.95,4.99,5.04
1998/08/27,5,,5.02,5.29,5.45,5.54,,,,5,5.05,5.17
1998/08/28,5,,5,5.41,5.61,5.81,,,,5.01,5.19,5.29
1998/08/31,5,,5.01,5.24,5.44,5.6,,,,5,5.07,5.15
1998/09/01,5,,4.95,5.17,5.24,5.38,,,,4.97,5,5.04
1998/09/02,5,,4.98,5.16,5.2,5.3,,,,4.93,4.96,4.97
1998/09/03,5,,4.98,5.18,5.22,5.33,,,,4.94,4.97,5.02
1998/09/04,5,,4.99,5.17,5.22,5.31,,,,4.94,4.96,5
1998/09/07,5,,4.99,5.1,5.11,5.12,,,,4.91,4.91,4.89
1998/09/08,5,,4.99,5.08,5.12,5.13,,,,4.92,4.91,4.9
1998/09/09,5,,4.97,5.09,5.12,5.15,,,,4.92,4.93,4.92
1998/09/10,5,,4.97,5.03,5.02,5.05,,,,4.89,4.85,4.83
1998/09/11,5,,4.93,4.97,4.92,4.91,,,,4.87,4.78,4.73
1998/09/14,5,,4.96,4.99,4.99,4.99,,,,4.9,4.82,4.78
1998/09/15,5,,4.93,4.99,4.99,5.01,,,,4.93,4.82,4.76
1998/09/16,5,,4.95,4.97,4.93,4.91,,,,4.92,4.82,4.74
1998/09/17,5,,4.96,4.99,4.99,4.99,,,,4.93,4.86,4.81
1998/09/18,5,,4.99,4.98,4.97,4.96,,,,4.93,4.83,4.77
1998/09/21,5,,4.99,4.99,4.98,4.97,,,,4.92,4.81,4.76
1998/09/22,5,,4.96,4.98,5,5,,,,4.93,4.83,4.79
1998/09/23,5,,4.95,4.97,4.98,5.01,,,,4.95,4.82,4.82
1998/09/24,5,,4.98,4.92,4.89,4.85,,,,4.92,4.74,4.65
1998/09/25,5,,4.96,4.95,4.915,4.84,,,,4.93,4.72,4.62
1998/09/28,5,,4.98,4.96,4.9,4.82,,,,4.92,4.72,4.6
1998/09/29,5,,4.98,4.96,4.93,4.85,,,,4.92,4.74,4.62
1998/09/30,5,,5.01,4.99,4.95,4.89,,,,4.96,4.85,4.67
1998/10/01,5,,4.98,4.93,4.87,4.76,,,,4.92,4.78,4.6
1998/10/02,5,,4.93,4.93,4.85,4.75,,,,4.9,4.77,4.61
1998/10/05,5,,4.95,4.95,4.85,4.75,,,,4.9,4.74,4.58
1998/10/06,5,,4.96,4.93,4.87,4.79,,,,4.89,4.78,4.62
1998/10/07,5,,4.99,4.98,4.93,4.87,,,,4.91,4.81,4.71
1998/10/08,5,,4.98,4.97,4.9,4.81,,,,4.92,4.73,4.61
1998/10/09,5,,4.96,4.98,4.9,4.81,,,,4.91,4.7,4.59
1998/10/12,5,,4.97,4.95,4.9,4.79,,,,4.9,4.74,4.64
1998/10/13,5,,4.97,4.96,4.89,4.79,,,,4.9,4.73,4.6
1998/10/14,5,,4.97,4.95,4.87,4.77,,,,4.91,4.76,4.62
1998/10/15,5,,4.99,4.96,4.89,4.79,,,,4.91,4.76,4.63
1998/10/16,5,,4.95,4.91,4.69,4.57,,,,4.82,4.6,4.48
1998/10/19,5,,4.99,4.88,4.71,4.6,,,,4.83,4.59,4.5
1998/10/20,5,,4.97,4.91,4.75,4.65,,,,4.83,4.61,4.54
1998/10/21,5,,4.99,4.93,4.79,4.69,,,,4.9,4.65,4.55
1998/10/22,5,,4.99,4.91,4.82,4.71,,,,4.91,4.66,4.57
1998/10/23,5,,4.95,4.92,4.83,4.7,,,,4.93,4.7,4.57
1998/10/26,5,,4.96,4.92,4.84,4.74,,,,4.9,4.69,4.59
1998/10/27,5,,4.95,4.91,4.8,4.67,,,,4.87,4.65,4.55
1998/10/28,5,,4.96,4.87,4.73,4.61,,,,4.81,4.57,4.48
1998/10/29,5,,4.95,4.92,4.79,4.64,,,,4.84,4.64,4.53
1998/10/30,5,,5,4.91,4.77,4.68,,,,4.87,4.64,4.51
1998/11/02,5,,5,4.85,4.76,4.65,,,,4.79,4.62,4.52
1998/11/03,5,,5,4.87,4.77,4.68,,,,4.8,4.66,4.57
1998/11/04,5,,4.98,4.92,4.84,4.76,,,,4.85,4.69,4.59
1998/11/05,5,,4.96,4.94,4.88,4.82,,,,4.86,4.71,4.64
1998/11/06,5,,4.97,4.96,4.89,4.85,,,,4.85,4.71,4.65
1998/11/09,5,,4.98,5,4.93,4.9,,,,4.9,4.74,4.68
1998/11/10,5,,4.97,5.01,4.9,4.89,,,,4.89,4.74,4.68
1998/11/11,5,,5.01,5.02,4.91,4.87,,,,4.89,4.77,4.69
1998/11/12,5,,5,5.02,4.94,4.89,,,,4.9,4.78,4.73
1998/11/13,5,,4.97,5.03,4.92,4.92,,,,4.9,4.75,4.71
1998/11/16,5,,4.98,5.02,4.93,4.88,,,,4.89,4.76,4.71
1998/11/17,5,,4.96,5,4.89,4.85,,,,4.88,4.72,4.67
1998/11/18,5,,4.97,4.95,4.87,4.83,,,,4.86,4.67,4.62
1998/11/19,5,,4.98,4.91,4.83,4.79,,,,4.8,4.67,4.61
1998/11/20,5,,4.98,4.95,4.88,4.84,,,,4.83,4.67,4.64
1998/11/23,5,,4.98,5,4.92,4.88,,,,4.85,4.69,4.67
1998/11/24,5,,4.96,4.99,4.92,4.88,,,,4.86,4.73,4.7
1998/11/25,5,,4.97,5,4.91,4.87,,,,4.84,4.7,4.66
1998/11/26,5,,4.99,4.99,4.92,4.87,,,,4.82,4.67,4.62
1998/11/27,5,,4.99,4.97,4.87,4.81,,,,4.8,4.65,4.58
1998/11/30,5,,4.99,4.96,4.86,4.77,,,,4.81,4.64,4.58
1998/12/01,5,,5.02,4.96,4.85,4.79,,,,4.75,4.64,4.57
1998/12/02,4.75,-0.25,4.81,4.78,4.74,4.67,,,,4.56,4.51,4.44
1998/12/03,4.75,,4.79,4.78,4.74,4.66,,,,4.6,4.47,4.39
1998/12/04,4.75,,4.74,4.79,4.74,4.64,,,,4.55,4.44,4.36
1998/12/07,4.75,,4.73,4.83,4.76,4.68,,,,4.55,4.45,4.42
1998/12/08,4.75,,4.71,4.83,4.78,4.69,,,,4.56,4.46,4.42
1998/12/09,4.75,,4.77,4.84,4.78,4.7,,,,4.57,4.47,4.42
1998/12/10,4.75,,4.74,4.85,4.78,4.69,,,,4.55,4.45,4.42
1998/12/11,4.75,,4.73,4.86,4.81,4.69,,,,4.58,4.48,4.43
1998/12/14,4.75,,4.74,4.87,4.82,4.7,,,,4.62,4.5,4.44
1998/12/15,4.75,,4.74,4.9,4.84,4.71,,,,4.63,4.6,4.5
1998/12/16,4.75,,4.74,4.88,4.82,4.71,,,,4.67,4.63,4.55
1998/12/17,4.75,,4.73,4.85,4.79,4.67,,,,4.67,4.59,4.5
1998/12/18,4.75,,4.73,4.89,4.82,4.72,,,,4.67,4.62,4.52
1998/12/21,4.75,,4.74,4.91,4.84,4.74,,,,4.68,4.63,4.55
1998/12/22,4.75,,4.72,4.93,4.85,4.77,,,,4.71,4.66,4.6
1998/12/23,4.75,,4.74,4.92,4.82,4.75,,,,4.71,4.67,4.63
1998/12/24,4.75,,4.68,4.93,4.84,4.76,,,,4.72,4.68,4.64
1998/12/29,4.75,,4.77,4.93,4.84,4.79,,,,4.72,4.69,4.65
1998/12/30,4.75,,4.71,4.92,4.84,4.79,,,,4.68,4.68,4.64
1998/12/31,4.75,,4.71,4.84,4.78,4.74,,,,4.64,4.62,4.57
1999/01/04,4.75,,4.68,4.82,4.75,4.71,,,,4.63,4.61,4.56
1999/01/05,4.75,,4.71,4.81,4.75,4.72,,,,4.65,4.61,4.59
1999/01/06,4.75,,4.72,4.82,4.76,4.75,,,,4.67,4.64,4.61
1999/01/07,4.75,,4.71,4.8,4.73,4.71,,,,4.65,4.61,4.58
1999/01/08,4.75,,4.7,4.79,4.75,4.73,,,,4.66,4.61,4.6
1999/01/11,4.75,,4.7,4.81,4.81,4.84,,,,4.67,4.64,4.64
1999/01/12,4.75,,4.73,4.83,4.84,4.87,,,,4.69,4.67,4.68
1999/01/13,4.75,,4.69,4.8,4.81,4.83,,,,4.7,4.69,4.69
1999/01/14,4.75,,4.68,4.8,4.84,4.85,,,,4.69,4.69,4.69
1999/01/15,4.75,,4.69,4.79,4.8,4.82,,,,4.68,4.67,4.67
1999/01/18,4.75,,4.73,4.79,4.81,4.85,,,,4.68,4.68,4.68
1999/01/19,4.75,,4.72,4.79,4.81,4.84,,,,4.69,4.69,4.68
1999/01/20,4.75,,4.75,4.8,4.83,4.86,,,,4.69,4.69,4.69
1999/01/21,4.75,,4.73,4.8,4.83,4.86,,,,4.69,4.69,4.68
1999/01/22,4.75,,4.72,4.79,4.79,4.81,,,,4.68,4.66,4.66
1999/01/25,4.75,,4.74,4.79,4.79,4.79,,,,4.67,4.65,4.64
1999/01/27,4.75,,4.74,4.8,4.81,4.82,,,,4.67,4.66,4.65
1999/01/28,4.75,,4.75,4.79,4.78,4.76,,,,4.68,4.64,4.62
1999/01/29,4.75,,4.74,4.78,4.73,4.72,,,,4.67,4.63,4.6
1999/02/01,4.75,,4.74,4.76,4.72,4.71,,,,4.66,4.62,4.59
1999/02/02,4.75,,4.71,4.74,4.72,4.71,,,,4.66,4.63,4.6
1999/02/03,4.75,,4.73,4.76,4.76,4.78,,,,4.68,4.67,4.66
1999/02/04,4.75,,4.74,4.75,4.75,4.75,,,,4.67,4.64,4.62
1999/02/05,4.75,,4.73,4.77,4.76,4.76,,,,4.67,4.65,4.63
1999/02/08,4.75,,4.73,4.77,4.76,4.78,,,,4.68,4.66,4.65
1999/02/09,4.75,,4.72,4.77,4.75,4.77,,,,4.68,4.66,4.66
1999/02/10,4.75,,4.7,4.76,4.75,4.76,,,,4.68,4.68,4.68
1999/02/11,4.75,,4.71,4.77,4.77,4.8,,,,4.68,4.68,4.68
1999/02/12,4.75,,4.71,4.77,4.76,4.77,,,,4.68,4.68,4.68
1999/02/15,4.75,,4.72,4.8,4.8,4.83,,,,4.69,4.69,4.7
1999/02/16,4.75,,4.71,4.78,4.77,4.79,,,,4.69,4.68,4.68
1999/02/17,4.75,,4.72,4.78,4.78,4.8,,,,4.69,4.68,4.68
1999/02/18,4.75,,4.74,4.78,4.77,4.79,,,,4.68,4.68,4.68
1999/02/19,4.75,,4.73,4.79,4.78,4.8,,,,4.69,4.69,4.69
1999/02/22,4.75,,4.71,4.79,4.78,4.8,,,,4.68,4.67,4.68
1999/02/23,4.75,,4.7,4.79,4.78,4.8,,,,4.68,4.68,4.68
1999/02/24,4.75,,4.69,4.78,4.79,4.82,,,,4.68,4.68,4.68
1999/02/25,4.75,,4.72,4.8,4.81,4.84,,,,4.69,4.69,4.69
1999/02/26,4.75,,4.72,4.81,4.83,4.85,,,,4.69,4.69,4.69
1999/03/01,4.75,,4.76,4.8,4.81,4.83,,,,4.69,4.69,4.69
1999/03/02,4.75,,4.73,4.81,4.82,4.86,,,,4.69,4.69,4.69
1999/03/03,4.75,,4.74,4.8,4.81,4.85,,,,4.68,4.68,4.68
1999/03/04,4.75,,4.74,4.8,4.83,4.89,,,,4.67,4.67,4.67
1999/03/05,4.75,,4.73,4.82,4.85,4.93,,,,4.68,4.68,4.69
1999/03/08,4.75,,4.72,4.82,4.84,4.89,,,,4.68,4.68,4.68
1999/03/09,4.75,,4.71,4.82,4.84,4.9,,,,4.68,4.68,4.68
1999/03/10,4.75,,4.71,4.81,4.82,4.88,,,,4.67,4.67,4.67
1999/03/11,4.75,,4.72,4.8,4.81,4.84,,,,4.67,4.67,4.67
1999/03/12,4.75,,4.74,4.81,4.8,4.82,,,,4.66,4.66,4.66
1999/03/15,4.75,,4.82,4.81,4.8,4.81,,,,4.66,4.65,4.65
1999/03/16,4.75,,4.73,4.8,4.79,4.78,,,,4.67,4.65,4.65
1999/03/17,4.75,,4.75,4.81,4.81,4.79,,,,4.66,4.65,4.65
1999/03/18,4.75,,4.74,4.8,4.81,4.82,,,,4.67,4.66,4.66
1999/03/19,4.75,,4.72,4.81,4.81,4.81,,,,4.67,4.65,4.65
1999/03/22,4.75,,4.72,4.82,4.81,4.84,,,,4.67,4.66,4.65
1999/03/23,4.75,,4.74,4.81,4.81,4.83,,,,4.67,4.66,4.66
1999/03/24,4.75,,4.77,4.81,4.8,4.79,,,,4.67,4.66,4.65
1999/03/25,4.75,,4.72,4.79,4.79,4.77,,,,4.67,4.65,4.65
1999/03/26,4.75,,4.73,4.82,4.81,4.79,,,,4.67,4.66,4.66
1999/03/29,4.75,,4.75,4.83,4.81,4.79,,,,4.67,4.66,4.65
1999/03/30,4.75,,4.75,4.84,4.84,4.83,,,,4.67,4.67,4.66
1999/03/31,4.75,,4.76,4.8,4.805,4.79,,,,4.67,4.66,4.66
1999/04/01,4.75,,4.75,4.81,4.78,4.77,,,,4.66,4.65,4.65
1999/04/06,4.75,,4.73,4.79,4.75,4.73,,,,4.66,4.63,4.63
1999/04/07,4.75,,4.72,4.8,4.76,4.74,,,,4.66,4.63,4.63
1999/04/08,4.75,,4.73,4.8,4.77,4.75,,,,4.66,4.63,4.63
1999/04/09,4.75,,4.71,4.79,4.75,4.73,,,,4.66,4.63,4.62
1999/04/12,4.75,,4.77,4.78,4.73,4.71,,,,4.65,4.61,4.59
1999/04/13,4.75,,4.77,4.78,4.74,4.72,,,,4.64,4.61,4.59
1999/04/14,4.75,,4.75,4.79,4.76,4.76,,,,4.65,4.62,4.6
1999/04/15,4.75,,4.79,4.79,4.75,4.74,,,,4.64,4.62,4.59
1999/04/16,4.75,,4.73,4.79,4.75,4.74,,,,4.64,4.62,4.6
1999/04/19,4.75,,4.75,4.79,4.76,4.76,,,,4.65,4.62,4.61
1999/04/20,4.75,,4.76,4.78,4.77,4.785,,,,4.65,4.63,4.61
1999/04/21,4.75,,4.71,4.79,4.76,4.76,,,,4.65,4.62,4.6
1999/04/22,4.75,,4.73,4.79,4.77,4.78,,,,4.65,4.62,4.61
1999/04/23,4.75,,4.74,4.79,4.77,4.78,,,,4.65,4.61,4.6
1999/04/26,4.75,,4.72,4.79,4.77,4.78,,,,4.65,4.61,4.6
1999/04/27,4.75,,4.75,4.78,4.745,4.73,,,,4.65,4.61,4.6
1999/04/28,4.75,,4.76,4.79,4.78,4.79,,,,4.67,4.64,4.63
1999/04/29,4.75,,4.76,4.8,4.8,4.81,,,,4.67,4.65,4.64
1999/04/30,4.75,,4.76,4.8,4.81,4.81,,,,4.66,4.64,4.63
1999/05/03,4.75,,4.76,4.82,4.84,4.87,,,,4.67,4.67,4.66
1999/05/04,4.75,,4.75,4.82,4.83,4.86,,,,4.67,4.67,4.67
1999/05/05,4.75,,4.73,4.83,4.84,4.88,,,,4.67,4.67,4.66
1999/05/06,4.75,,4.76,4.83,4.84,4.88,,,,4.67,4.67,4.66
1999/05/07,4.75,,4.75,4.83,4.85,4.91,,,,4.67,4.67,4.68
1999/05/10,4.75,,4.76,4.83,4.85,4.92,,,,4.66,4.67,4.67
1999/05/11,4.75,,4.73,4.82,4.84,4.91,,,,4.67,4.67,4.67
1999/05/12,4.75,,4.72,4.84,4.85,4.93,,,,4.67,4.68,4.68
1999/05/13,4.75,,4.74,4.82,4.83,4.89,,,,4.67,4.67,4.67
1999/05/14,4.75,,4.77,4.82,4.83,4.89,,,,4.67,4.66,4.66
1999/05/17,4.75,,4.76,4.86,4.9,4.99,,,,4.69,4.68,4.7
1999/05/18,4.75,,4.73,4.86,4.89,4.98,,,,4.67,4.69,4.72
1999/05/19,4.75,,4.74,4.86,4.87,4.97,,,,4.68,4.71,4.74
1999/05/20,4.75,,4.76,4.87,4.88,4.96,,,,4.68,4.69,4.72
1999/05/21,4.75,,4.75,4.85,4.87,4.96,,,,4.68,4.69,4.72
1999/05/24,4.75,,4.75,4.84,4.87,4.94,,,,4.67,4.7,4.72
1999/05/25,4.75,,4.75,4.84,4.87,4.93,,,,4.68,4.69,4.71
1999/05/26,4.75,,4.73,4.84,4.87,4.94,,,,4.68,4.69,4.71
1999/05/27,4.75,,4.76,4.86,4.88,4.98,,,,4.69,4.69,4.71
1999/05/28,4.75,,4.76,4.86,4.87,4.98,,,,4.68,4.7,4.72
1999/05/31,4.75,,4.78,4.87,4.9,4.98,,,,4.68,4.69,4.72
1999/06/01,4.75,,4.78,4.88,4.9,4.98,,,,4.68,4.7,4.72
1999/06/02,4.75,,4.77,4.89,4.95,5.06,,,,4.68,4.7,4.73
1999/06/03,4.75,,4.73,4.89,4.96,5.09,,,,4.67,4.68,4.72
1999/06/04,4.75,,4.73,4.88,4.96,5.09,,,,4.67,4.69,4.73
1999/06/07,4.75,,4.76,4.87,4.93,5.06,,,,4.66,4.69,4.72
1999/06/08,4.75,,4.74,4.87,4.92,5.03,,,,4.67,4.69,4.71
1999/06/09,4.75,,4.73,4.88,4.92,5.05,,,,4.66,4.69,4.72
1999/06/10,4.75,,4.73,4.89,4.93,5.06,,,,4.67,4.69,4.72
1999/06/11,4.75,,4.75,4.88,4.93,5.07,,,,4.67,4.69,4.72
1999/06/15,4.75,,4.77,4.88,4.92,5.05,,,,4.68,4.7,4.72
1999/06/16,4.75,,4.82,4.89,4.93,5.05,,,,4.67,4.69,4.73
1999/06/17,4.75,,4.78,4.87,4.87,4.96,,,,4.66,4.67,4.7
1999/06/18,4.75,,4.8,4.88,4.88,4.95,,,,4.65,4.66,4.7
1999/06/21,4.75,,4.77,4.9,4.88,4.95,,,,4.66,4.66,4.7
1999/06/22,4.75,,4.78,4.92,4.92,4.97,,,,4.67,4.68,4.71
1999/06/23,4.75,,4.8,4.98,4.97,5.03,,,,4.66,4.69,4.71
1999/06/24,4.75,,4.78,5,5,5.03,,,,4.66,4.69,4.71
1999/06/25,4.75,,4.76,4.98,4.98,5.03,,,,4.66,4.69,4.72
1999/06/28,4.75,,4.76,4.99,4.98,5.03,,,,4.66,4.69,4.72
1999/06/29,4.75,,4.73,4.98,4.96,5.01,,,,4.66,4.69,4.72
1999/06/30,4.75,,4.79,4.92,4.92,4.96,,,,4.67,4.7,4.73
1999/07/01,4.75,,4.76,4.87,4.87,4.93,,,,4.67,4.68,4.71
1999/07/02,4.75,,4.73,4.87,4.89,4.98,,,,4.67,4.69,4.72
1999/07/05,4.75,,4.73,4.86,4.88,4.95,,,,4.66,4.68,4.71
1999/07/06,4.75,,4.72,4.86,4.89,4.98,,,,4.67,4.7,4.72
1999/07/07,4.75,,4.79,4.86,4.9,5.02,,,,4.68,4.73,4.7
1999/07/08,4.75,,4.74,4.87,4.94,5.07,,,,4.68,4.73,4.71
1999/07/09,4.75,,4.75,4.87,4.92,5.07,,,,4.67,4.73,4.71
1999/07/12,4.75,,4.73,4.87,4.92,5.08,,,,4.67,4.71,4.71
1999/07/13,4.75,,4.75,4.86,4.9,5.05,,,,4.67,4.7,4.72
1999/07/14,4.75,,4.74,4.86,4.91,5.05,,,,4.68,4.7,4.7
1999/07/15,4.75,,4.76,4.86,4.92,5.06,,,,4.68,4.69,4.7
1999/07/16,4.75,,4.75,4.88,4.91,5.05,,,,4.68,4.69,4.7
1999/07/19,4.75,,4.75,4.86,4.86,4.97,,,,4.67,4.67,4.68
1999/07/20,4.75,,4.73,4.86,4.88,4.97,,,,4.67,4.68,4.67
1999/07/21,4.75,,4.73,4.83,4.85,4.92,,,,4.68,4.68,4.68
1999/07/22,4.75,,4.73,4.84,4.87,4.97,,,,4.67,4.68,4.69
1999/07/23,4.75,,4.75,4.86,4.89,5.02,,,,4.68,4.69,4.69
1999/07/26,4.75,,4.75,4.86,4.89,5.02,,,,4.69,4.69,4.7
1999/07/27,4.75,,4.74,4.86,4.89,5,,,,4.68,4.69,4.7
1999/07/28,4.75,,4.75,4.84,4.87,4.98,,,,4.68,4.68,4.69
1999/07/29,4.75,,4.7,4.85,4.87,4.98,,,,4.68,4.68,4.69
1999/07/30,4.75,,4.74,4.87,4.9,5.02,,,,4.68,4.69,4.7
1999/08/02,4.75,,4.76,4.87,4.9,5.02,,,,4.68,4.69,4.7
1999/08/03,4.75,,4.71,4.87,4.91,5.02,,,,4.7,4.7,4.71
1999/08/04,4.75,,4.73,4.86,4.87,4.98,,,,4.73,4.73,4.7
1999/08/05,4.75,,4.7,4.85,4.86,4.96,,,,4.72,4.72,4.69
1999/08/06,4.75,,4.71,4.85,4.87,4.96,,,,4.72,4.72,4.7
1999/08/09,4.75,,4.69,4.87,4.94,5.08,,,,4.74,4.74,4.72
1999/08/10,4.75,,4.75,4.86,4.94,5.08,,,,4.75,4.75,4.73
1999/08/11,4.75,,4.72,4.84,4.92,5.07,,,,4.76,4.76,4.73
1999/08/12,4.75,,4.73,4.85,4.93,5.09,,,,4.76,4.75,4.72
1999/08/13,4.75,,4.7,4.85,4.93,5.11,,,,4.76,4.75,4.73
1999/08/16,4.75,,4.79,4.85,4.92,5.1,,,,4.76,4.75,4.72
1999/08/17,4.75,,4.77,4.85,4.92,5.1,,,,4.75,4.75,4.72
1999/08/18,4.75,,4.72,4.84,4.9,5.08,,,,4.75,4.74,4.7
1999/08/19,4.75,,4.72,4.85,4.92,5.09,,,,4.75,4.74,4.71
1999/08/20,4.75,,4.74,4.85,4.93,5.11,,,,4.75,4.75,4.71
1999/08/23,4.75,,4.73,4.85,4.94,5.11,,,,4.75,4.75,4.72
1999/08/24,4.75,,4.72,4.86,4.95,5.11,,,,4.75,4.75,4.7
1999/08/25,4.75,,4.73,4.86,4.94,5.09,,,,4.75,4.74,4.72
1999/08/26,4.75,,4.74,4.85,4.94,5.1,,,,4.75,4.73,4.71
1999/08/27,4.75,,4.76,4.86,4.95,5.12,,,,4.75,4.73,4.72
1999/08/30,4.75,,4.76,4.87,4.96,5.15,,,,4.76,4.75,4.73
1999/08/31,4.75,,4.77,4.88,4.96,5.15,,,,4.76,4.75,4.73
1999/09/01,4.75,,4.76,4.92,4.99,5.21,,,,4.76,4.75,4.74
1999/09/02,4.75,,4.74,4.92,4.99,5.23,,,,4.77,4.76,4.75
1999/09/03,4.75,,4.75,4.93,4.99,5.23,,,,4.76,4.75,4.74
1999/09/06,4.75,,4.76,4.92,4.97,5.21,,,,4.76,4.75,4.73
1999/09/07,4.75,,4.76,4.92,4.98,5.21,,,,4.76,4.75,4.74
1999/09/08,4.75,,4.73,4.92,4.98,5.23,,,,4.76,4.76,4.74
1999/09/09,4.75,,4.75,4.92,4.99,5.23,,,,4.75,4.75,4.74
1999/09/10,4.75,,4.75,4.91,5,5.25,,,,4.75,4.75,4.75
1999/09/13,4.75,,4.73,4.92,4.99,5.24,,,,4.75,4.75,4.75
1999/09/14,4.75,,4.75,4.93,5,5.26,,,,4.75,4.75,4.75
1999/09/15,4.75,,4.76,4.94,5.05,5.29,,,,4.77,4.81,4.82
1999/09/16,4.75,,4.77,4.95,5.03,5.26,,,,4.78,4.8,4.8
1999/09/17,4.75,,4.74,4.94,5.01,5.25,,,,4.77,4.79,4.79
1999/09/20,4.75,,4.76,4.93,5.01,5.25,,,,4.77,4.79,4.79
1999/09/21,4.75,,4.74,4.92,5.03,5.26,,,,4.77,4.79,4.79
1999/09/22,4.75,,4.71,4.93,5.04,5.28,,,,4.77,4.79,4.79
1999/09/23,4.75,,4.72,4.92,5.04,5.27,,,,4.77,4.79,4.79
1999/09/24,4.75,,4.74,4.92,4.99,5.21,,,,4.76,4.78,4.78
1999/09/27,4.75,,4.76,4.91,4.98,5.18,,,,4.77,4.78,4.78
1999/09/28,4.75,,4.74,4.93,5,5.23,,,,4.77,4.78,4.78
1999/09/29,4.75,,4.74,4.95,5.07,5.27,,,,4.77,4.78,4.79
1999/09/30,4.75,,4.76,4.95,5.07,5.27,,,,4.77,4.78,4.79
1999/10/01,4.75,,4.77,4.98,5.13,5.3,,,,4.78,4.8,4.81
1999/10/04,4.75,,4.77,,,,,,,4.8,4.82,4.83
1999/10/05,4.75,,4.77,5,5.21,5.43,,,,4.8,4.83,4.84
1999/10/06,4.75,,4.75,5.01,5.21,5.43,,,,4.81,4.82,4.84
1999/10/07,4.75,,4.79,5.01,5.27,5.47,,,,4.82,4.82,4.84
1999/10/08,4.75,,4.78,4.99,5.26,5.47,,,,4.82,4.83,4.84
1999/10/11,4.75,,4.76,4.99,5.25,5.46,,,,4.81,4.82,4.85
1999/10/12,4.75,,4.77,4.99,5.27,5.49,,,,4.81,4.83,4.86
1999/10/13,4.75,,4.76,4.99,5.28,5.5,,,,4.81,4.87,4.88
1999/10/14,4.75,,4.77,4.99,5.3,5.55,,,,4.8,4.87,4.9
1999/10/15,4.75,,4.75,5,5.33,5.58,,,,4.81,4.88,4.91
1999/10/18,4.75,,4.76,5.03,5.35,5.59,,,,4.81,4.88,4.92
1999/10/19,4.75,,4.71,5.04,5.35,5.63,,,,4.83,4.89,4.94
1999/10/20,4.75,,4.71,5.06,5.36,5.64,,,,4.8,4.89,4.93
1999/10/21,4.75,,4.69,5,5.34,5.59,,,,4.81,4.9,4.95
1999/10/22,4.75,,4.66,5.01,5.36,5.6,,,,4.8,4.9,4.94
1999/10/25,4.75,,4.7,5.03,5.38,5.58,,,,4.82,4.91,4.94
1999/10/26,4.75,,4.73,5.04,5.41,5.61,,,,4.82,4.93,4.96
1999/10/27,4.75,,4.74,5.11,5.43,5.68,,,,4.82,4.95,4.98
1999/10/28,4.75,,4.75,5.09,5.33,5.56,,,,4.84,4.91,4.94
1999/10/29,4.75,,4.77,5.14,5.35,5.55,,,,4.84,4.91,4.94
1999/11/01,4.75,,4.78,5.18,5.4,5.61,,,,4.85,4.92,4.95
1999/11/02,4.75,,4.79,5.21,5.39,5.57,,,,4.85,4.9,4.93
1999/11/03,5,0.25,5.03,5.15,5.36,5.58,,,,4.99,5,5.04
1999/11/04,5,,5.02,5.12,5.33,5.53,,,,4.98,4.99,5.02
1999/11/05,5,,5.02,5.14,5.35,5.57,,,,4.99,5.01,5.04
1999/11/08,5,,5.02,5.14,5.36,5.63,,,,4.99,4.99,5.02
1999/11/09,5,,4.99,5.15,5.39,5.64,,,,4.99,5,5.03
1999/11/10,5,,4.96,5.15,5.39,5.67,,,,4.98,4.99,5.03
1999/11/11,5,,4.99,5.15,5.41,5.72,,,,4.98,4.99,5.04
1999/11/12,5,,4.99,5.13,5.38,5.65,,,,4.98,4.99,5.03
1999/11/15,5,,4.99,5.13,5.4,5.63,,,,4.97,4.98,5
1999/11/16,5,,5,5.17,5.42,5.64,,,,4.98,4.99,5.01
1999/11/17,5,,5,5.19,5.44,5.7,,,,4.99,5.02,5.03
1999/11/18,5,,4.99,5.2,5.47,5.71,,,,4.99,5.02,5.03
1999/11/19,5,,5,5.17,5.46,5.7,,,,4.99,5.01,5.02
1999/11/22,5,,4.99,5.19,5.49,5.72,,,,4.98,5.01,5.03
1999/11/23,5,,5,5.19,5.51,5.75,,,,4.99,5.04,5.07
1999/11/24,5,,5.03,5.18,5.51,5.72,,,,4.99,5.06,5.15
1999/11/25,5,,5.03,5.19,5.56,5.79,,,,5,5.08,5.16
1999/11/26,5,,4.98,5.19,5.57,5.72,,,,5,5.07,5.16
1999/11/29,5,,5.01,5.23,5.58,5.77,,,,5,5.08,5.16
1999/11/30,5,,5.04,5.25,5.57,5.78,,,,5,5.06,5.14
1999/12/01,5,,4.98,5.41,5.51,5.69,,,,5,5.06,5.13
1999/12/02,5,,4.98,5.41,5.5,5.69,,,,5,5.06,5.13
1999/12/03,5,,4.97,5.37,5.48,5.67,,,,5,5.05,5.12
1999/12/06,5,,4.97,5.37,5.44,5.62,,,,4.97,5,5.1
1999/12/07,5,,4.96,5.37,5.43,5.62,,,,4.95,4.99,5.08
1999/12/08,5,,4.98,5.38,5.41,5.58,,,,4.95,4.98,5.05
1999/12/09,5,,4.97,5.4,5.55,5.69,,,,4.92,4.99,5.07
1999/12/10,5,,4.95,5.44,5.61,5.72,,,,4.94,4.99,5.09
1999/12/13,5,,4.96,5.44,5.61,5.71,,,,4.94,4.98,5.1
1999/12/14,5,,4.96,5.45,5.64,5.75,,,,4.94,4.98,5.11
1999/12/15,5,,4.99,5.55,5.72,5.83,,,,4.97,5.02,5.12
1999/12/16,5,,4.99,5.61,5.75,5.85,,,,4.99,5.04,5.15
1999/12/17,5,,4.98,5.61,5.72,5.87,,,,4.98,5.03,5.15
1999/12/20,5,,4.96,5.63,5.74,5.91,,,,4.99,5.05,5.17
1999/12/21,5,,4.89,5.63,5.76,5.9,,,,4.99,5.06,5.18
1999/12/22,5,,4.98,5.71,5.84,5.94,,,,5,5.07,5.18
1999/12/23,5,,4.99,5.72,5.83,5.9,,,,5.01,5.07,5.18
1999/12/24,5,,4.93,5.69,5.86,5.95,,,,5.01,5.08,5.18
1999/12/29,5,,4.97,5.73,5.89,6.03,,,,5.02,5.08,5.2
1999/12/30,5,,4.94,5.71,5.84,5.92,,,,5.02,5.08,5.18
1999/12/31,5,,4.97,5.34,5.57,5.77,,,,5.02,5.08,5.2
2000/01/04,5,,4.97,5.3,5.62,5.89,,,,5,5.16,5.29
2000/01/05,5,,4.96,5.24,5.58,5.87,,,,5,5.32,5.45
2000/01/06,5,,4.93,5.25,5.61,5.92,,,,5,5.33,5.46
2000/01/07,5,,4.94,5.26,5.62,5.93,,,,5,5.3,5.47
2000/01/10,5,,4.94,5.29,5.68,6.02,,,,5,5.32,5.47
2000/01/11,5,,4.98,5.3,5.69,6.02,,,,5,5.34,5.51
2000/01/12,5,,4.97,5.28,5.69,5.99,,,,5.12,5.41,5.57
2000/01/13,5,,4.99,5.28,5.67,5.96,,,,5.11,5.42,5.58
2000/01/14,5,,5.03,5.26,5.63,5.95,,,,5.1,5.39,5.52
2000/01/17,5,,5.01,5.34,5.67,5.97,,,,5.11,5.41,5.56
2000/01/18,5,,4.99,5.37,5.67,6.02,,,,5.11,5.41,5.57
2000/01/19,5,,4.98,5.38,5.69,6.03,,,,5.11,5.42,5.59
2000/01/20,5,,4.98,5.35,5.67,6.01,,,,5.12,5.41,5.59
2000/01/21,5,,4.96,5.35,5.69,6.01,,,,5.12,5.43,5.6
2000/01/24,5,,4.98,5.38,5.73,6.06,,,,5.15,5.44,5.64
2000/01/25,5,,4.97,5.41,5.73,6.08,,,,5.32,5.49,5.68
2000/01/27,5,,4.98,5.41,5.73,6.03,,,,5.35,5.48,5.71
2000/01/28,5,,4.99,5.36,5.61,5.97,,,,5.28,5.43,5.65
2000/01/31,5,,5.01,5.41,5.605,5.99,,,,5.28,5.44,5.66
2000/02/01,5,,5.01,5.48,5.67,5.97,,,,5.33,5.49,5.7
2000/02/02,5.5,0.5,5.51,5.66,5.9,6.21,,,,5.45,5.73,6.06
2000/02/03,5.5,,5.5,5.66,5.86,6.18,,,,5.45,5.7,6.04
2000/02/04,5.5,,5.47,5.62,5.85,6.16,,,,5.45,5.69,6
2000/02/07,5.5,,5.48,5.61,5.84,6.17,,,,5.45,5.68,6.05
2000/02/08,5.5,,5.47,5.6,5.81,6.14,,,,5.45,5.68,6.03
2000/02/09,5.5,,5.48,5.58,5.78,6.08,,,,5.45,5.7,5.99
2000/02/10,5.5,,5.47,5.58,5.76,6.02,,,,5.46,5.67,5.96
2000/02/11,5.5,,5.45,5.59,5.78,6.07,,,,5.45,5.68,5.98
2000/02/14,5.5,,5.5,5.61,5.81,6.09,,,,5.45,5.68,5.98
2000/02/15,5.5,,5.48,5.59,5.78,6.06,,,,5.46,5.67,5.97
2000/02/16,5.5,,5.46,5.62,5.82,6.11,,,,5.48,5.69,5.99
2000/02/17,5.5,,5.46,5.61,5.81,6.09,,,,5.47,5.68,5.99
2000/02/18,5.5,,5.48,5.61,5.81,6.09,,,,5.46,5.67,5.98
2000/02/21,5.5,,5.49,5.6,5.79,6.02,,,,5.46,5.64,5.94
2000/02/22,5.5,,5.48,5.59,5.78,5.99,,,,5.46,5.64,5.92
2000/02/23,5.5,,5.47,5.59,5.8,6.07,,,,5.46,5.65,5.95
2000/02/24,5.5,,5.5,5.59,5.79,6.02,,,,5.46,5.65,5.94
2000/02/25,5.5,,5.49,5.59,5.77,5.98,,,,5.46,5.64,5.93
2000/02/28,5.5,,5.55,5.6,5.81,6.04,,,,5.46,5.66,5.94
2000/02/29,5.5,,5.49,5.61,5.82,6.06,,,,5.46,5.66,5.94
2000/03/01,5.5,,5.5,5.61,5.8,6.01,,,,5.45,5.63,5.9
2000/03/02,5.5,,5.48,5.6,5.79,6.02,,,,5.46,5.63,5.91
2000/03/03,5.5,,5.46,5.6,5.79,6.01,,,,5.46,5.63,5.93
2000/03/06,5.5,,5.48,5.59,5.83,6.08,,,,5.46,5.65,5.95
2000/03/07,5.5,,5.51,5.62,5.86,6.11,,,,5.46,5.66,5.96
2000/03/08,5.5,,5.51,5.61,5.84,6.07,,,,5.45,5.65,5.93
2000/03/09,5.5,,5.49,5.62,5.87,6.09,,,,5.45,5.65,5.93
2000/03/10,5.5,,5.48,5.62,5.87,6.08,,,,5.45,5.65,5.93
2000/03/13,5.5,,5.53,5.61,5.87,6.1,,,,5.45,5.65,5.93
2000/03/14,5.5,,5.52,5.6,5.84,6.06,,,,5.45,5.64,5.93
2000/03/15,5.5,,5.49,5.59,5.795,6.02,,,,5.45,5.62,5.87
2000/03/16,5.5,,5.5,5.6,5.81,6.03,,,,5.45,5.61,5.88
2000/03/17,5.5,,5.49,5.6,5.83,6.05,,,,5.45,5.62,5.88
2000/03/20,5.5,,5.49,5.61,5.87,6.12,,,,5.45,5.64,5.91
2000/03/21,5.5,,5.49,5.6,5.865,6.12,,,,5.45,5.65,5.92
2000/03/22,5.5,,5.49,5.6,5.87,6.1,,,,5.4,5.63,5.93
2000/03/23,5.5,,5.5,5.63,5.93,6.18,,,,5.42,5.66,5.97
2000/03/24,5.5,,5.48,5.7,6,6.26,,,,5.43,5.72,6.02
2000/03/27,5.5,,5.51,5.71,6.04,6.28,,,,5.57,5.82,6.05
2000/03/28,5.5,,5.48,5.71,6.03,6.24,,,,5.55,5.8,6.03
2000/03/29,5.5,,5.49,5.78,6.05,6.29,,,,5.54,5.81,6.03
2000/03/30,5.5,,5.5,5.81,6.05,6.27,,,,5.55,5.81,6.05
2000/03/31,5.5,,5.5,5.71,5.97,6.16,,,,5.49,5.78,5.98
2000/04/03,5.5,,5.5,5.77,6.02,6.23,,,,5.59,5.84,6.05
2000/04/04,5.5,,5.49,5.84,6.05,6.26,,,,5.64,5.86,6.06
2000/04/05,5.75,0.25,5.78,5.84,6.05,6.24,,,,5.7,5.85,6.09
2000/04/06,5.75,,5.79,5.82,6.04,6.24,,,,5.7,5.85,6.09
2000/04/07,5.75,,5.76,5.82,6.06,6.3,,,,5.7,5.85,6.06
2000/04/10,5.75,,5.75,5.83,6.05,6.32,,,,5.71,5.87,6.12
2000/04/11,5.75,,5.73,5.83,6.04,6.32,,,,5.75,5.86,6.11
2000/04/12,5.75,,5.73,5.83,6.02,6.27,,,,5.76,5.86,6.07
2000/04/13,5.75,,5.74,5.81,6.01,6.22,,,,5.74,5.83,6.03
2000/04/14,5.75,,5.74,5.82,5.99,6.18,,,,5.74,5.82,6.02
2000/04/17,5.75,,5.76,5.86,5.93,6.08,,,,5.73,5.75,5.91
2000/04/18,5.75,,5.75,5.88,5.97,6.13,,,,5.74,5.8,5.95
2000/04/19,5.75,,5.73,5.92,5.99,6.16,,,,5.77,5.82,5.95
2000/04/20,5.75,,5.74,5.9,6,6.16,,,,5.76,5.83,5.96
2000/04/26,5.75,,5.76,6,6.12,6.26,,,,5.77,5.87,6.05
2000/04/27,5.75,,5.76,6.03,6.18,6.32,,,,5.81,5.9,6.07
2000/04/28,5.75,,5.76,6.1,6.24,6.43,,,,5.87,5.98,6.16
2000/05/01,5.75,,5.76,6.14,6.3,6.51,,,,5.94,6.07,6.26
2000/05/02,5.75,,5.77,6.14,6.29,6.49,,,,5.93,6.05,6.23
2000/05/03,6,0.25,6,6.14,6.29,6.5,,,,5.88,5.97,6.16
2000/05/04,6,,6,6.1,6.28,6.5,,,,5.88,6.01,6.19
2000/05/05,6,,5.97,6.08,6.27,6.47,,,,5.87,5.99,6.18
2000/05/08,6,,6.01,6.09,6.28,6.48,,,,5.87,6,6.19
2000/05/09,6,,6.01,6.09,6.3,6.49,,,,5.89,6.01,6.19
2000/05/10,6,,6.01,6.07,6.29,6.49,,,,5.89,6.03,6.2
2000/05/11,6,,5.98,6.08,6.27,6.46,,,,5.88,5.99,6.16
2000/05/12,6,,5.99,6.09,6.29,6.48,,,,5.86,5.98,6.16
2000/05/15,6,,6.01,6.14,6.34,6.55,,,,5.89,6.04,6.21
2000/05/16,6,,6,6.21,6.37,6.57,,,,5.9,6.04,6.22
2000/05/17,6,,6.01,6.22,6.4,6.63,,,,5.91,6.05,6.25
2000/05/18,6,,5.99,6.21,6.41,6.65,,,,5.89,6.05,6.26
2000/05/19,6,,5.99,6.2,6.4,6.62,,,,5.89,6.05,6.25
2000/05/22,6,,5.99,6.19,6.37,6.54,,,,5.89,6.02,6.21
2000/05/23,6,,6,6.17,6.32,6.46,,,,5.89,6.01,6.16
2000/05/24,6,,6,6.17,6.33,6.45,,,,5.86,5.96,6.13
2000/05/25,6,,6.01,6.17,6.34,6.48,,,,5.86,5.97,6.14
2000/05/26,6,,5.99,6.15,6.31,6.45,,,,5.86,5.95,6.09
2000/05/29,6,,6.02,6.13,6.26,6.39,,,,5.84,5.91,6.07
2000/05/30,6,,6.02,6.15,6.23,6.38,,,,5.84,5.9,6.08
2000/05/31,6,,6.04,6.17,6.25,6.39,,,,5.84,5.91,6.07
2000/06/01,6,,6.04,6.16,6.23,6.32,,,,5.84,5.9,6.01
2000/06/02,6,,5.99,6.16,6.21,6.35,,,,5.85,5.9,6.02
2000/06/05,6,,6,6.15,6.21,6.32,,,,5.84,5.88,5.99
2000/06/06,6,,6,6.13,6.2,6.31,,,,5.83,5.87,5.98
2000/06/07,6,,6,6.12,6.18,6.29,,,,5.83,5.85,5.97
2000/06/08,6,,5.99,6.14,6.21,6.31,,,,5.83,5.87,5.99
2000/06/09,6,,5.99,6.14,6.21,6.32,,,,5.81,5.84,5.95
2000/06/13,6,,6.01,6.13,6.19,6.25,,,,5.81,5.83,5.91
2000/06/14,6,,5.99,6.15,6.24,6.31,,,,5.82,5.84,5.95
2000/06/15,6,,5.98,6.16,6.23,6.31,,,,5.82,5.84,5.95
2000/06/16,6,,5.99,6.19,6.22,6.3,,,,5.83,5.85,5.96
2000/06/19,6,,5.98,6.2,6.22,6.28,,,,5.83,5.86,5.95
2000/06/20,6,,5.99,6.21,6.24,6.3,,,,5.83,5.86,5.95
2000/06/21,6,,5.99,6.21,6.28,6.32,,,,5.84,5.86,5.95
2000/06/22,6,,6,6.2,6.27,6.34,,,,5.84,5.88,5.97
2000/06/23,6,,5.98,6.2,6.27,6.33,,,,5.85,5.88,5.97
2000/06/26,6,,6.01,6.23,6.27,6.34,,,,5.82,5.86,5.95
2000/06/27,6,,6.03,6.23,6.27,6.28,,,,5.83,5.86,5.94
2000/06/28,6,,6.03,6.23,6.27,6.29,,,,5.84,5.87,5.97
2000/06/29,6,,6.01,6.2,6.22,6.26,,,,5.83,5.85,5.95
2000/06/30,6,,6.03,6.15,6.17,6.23,,,,5.84,5.87,5.96
2000/07/03,6,,6.01,6.16,6.2,6.27,,,,5.83,5.87,5.95
2000/07/04,6,,6.02,6.14,6.18,6.24,,,,5.82,5.85,5.93
2000/07/05,6,,6.02,6.14,6.18,6.24,,,,5.85,5.87,5.95
2000/07/06,6,,6.02,6.14,6.18,6.24,,,,5.84,5.87,5.96
2000/07/07,6,,6.01,6.14,6.18,6.25,,,,5.84,5.88,5.98
2000/07/10,6,,5.99,6.13,6.16,6.22,,,,5.84,5.85,5.95
2000/07/11,6,,5.97,6.13,6.16,6.22,,,,5.86,5.88,5.98
2000/07/12,6,,5.97,6.12,6.16,6.24,,,,5.94,5.91,
2000/07/13,6,,6,6.12,6.17,6.24,,,,5.94,5.92,
2000/07/14,6,,6.02,6.11,6.16,6.23,,,,5.93,5.9,
2000/07/17,6,,5.98,6.14,6.18,6.27,,,,5.94,5.92,
2000/07/18,6,,5.97,6.14,6.19,6.29,,,,5.94,5.91,5.99
2000/07/19,6,,5.99,6.14,6.21,6.3,,,,5.89,5.92,6.01
2000/07/20,6,,5.98,6.15,6.21,6.31,,,,5.89,5.92,6.02
2000/07/21,6,,6,6.115,6.18,6.24,,,,5.9,5.92,5.95
2000/07/24,6,,5.98,6.12,6.18,6.25,,,,5.9,5.91,5.92
2000/07/25,6,,5.98,6.12,6.19,6.26,,,,5.91,5.93,5.97
2000/07/26,6,,5.98,6.14,6.2,6.28,,,,5.92,5.95,6.05
2000/07/27,6,,5.98,6.15,6.25,6.36,,,,5.93,5.97,6.08
2000/07/28,6,,5.99,6.17,6.3,6.39,,,,5.95,6.02,6.15
2000/07/31,6,,6.01,6.2,6.33,6.43,,,,5.94,6.04,6.15
2000/08/01,6,,6,6.21,6.34,6.47,,,,6,6.09,6.16
2000/08/02,6.25,0.25,6.25,6.31,6.44,6.56,,,,6.2,6.28,6.35
2000/08/03,6.25,,6.25,6.33,6.44,6.56,,,,6.19,6.27,6.32
2000/08/04,6.25,,6.23,6.32,6.44,6.54,,,,6.19,6.26,6.33
2000/08/07,6.25,,6.24,6.32,6.44,6.54,,,,6.17,6.26,6.33
2000/08/08,6.25,,6.24,6.32,6.42,6.5,,,,6.19,6.26,6.32
2000/08/09,6.25,,6.25,6.31,6.39,6.49,,,,6.21,6.29,6.36
2000/08/10,6.25,,6.24,6.33,6.45,6.57,,,,6.21,6.32,6.41
2000/08/11,6.25,,6.25,6.32,6.44,6.56,,,,6.21,6.33,6.41
2000/08/14,6.25,,6.25,6.33,6.49,6.63,,,,6.23,6.34,6.43
2000/08/15,6.25,,6.25,6.34,6.48,6.62,,,,6.23,6.36,6.43
2000/08/16,6.25,,6.25,6.37,6.49,6.62,,,,6.24,6.38,6.47
2000/08/17,6.25,,6.24,6.4,6.53,6.67,,,,6.27,6.42,6.52
2000/08/18,6.25,,6.24,6.4,6.54,6.66,,,,6.28,6.43,6.52
2000/08/21,6.25,,6.27,6.38,6.51,6.63,,,,6.27,6.43,6.5
2000/08/22,6.25,,6.25,6.38,6.52,6.63,,,,6.27,6.44,6.5
2000/08/23,6.25,,6.25,6.4,6.55,6.69,,,,6.27,6.43,6.51
2000/08/24,6.25,,6.23,6.4,6.53,6.67,,,,6.27,6.43,6.51
2000/08/25,6.25,,6.24,6.4,6.54,6.68,,,,6.29,6.46,6.52
2000/08/28,6.25,,6.23,6.4,6.55,6.67,,,,6.28,6.46,6.51
2000/08/29,6.25,,6.24,6.42,6.55,6.69,,,,6.28,6.46,6.53
2000/08/30,6.25,,6.25,6.43,6.57,6.72,,,,6.31,6.48,6.55
2000/08/31,6.25,,6.27,6.43,6.55,6.7,,,,6.31,6.48,6.53
2000/09/01,6.25,,6.25,6.41,6.49,6.6,,,,6.27,6.42,6.46
2000/09/04,6.25,,6.25,6.38,6.43,6.53,,,,6.26,6.36,6.38
2000/09/05,6.25,,6.24,6.39,6.47,6.56,,,,6.27,6.37,6.4
2000/09/06,6.25,,6.23,6.35,6.53,6.61,,,,6.27,6.35,6.4
2000/09/07,6.25,,6.23,6.35,6.53,6.65,,,,6.26,6.37,6.45
2000/09/08,6.25,,6.24,6.35,6.55,6.67,,,,6.28,6.39,6.45
2000/09/11,6.25,,6.24,6.33,6.55,6.64,,,,6.26,6.37,6.42
2000/09/12,6.25,,6.24,6.33,6.55,6.64,,,,6.27,6.38,6.45
2000/09/13,6.25,,6.24,6.32,6.53,6.63,,,,6.28,6.39,6.53
2000/09/14,6.25,,6.25,6.32,6.56,6.65,,,,6.27,6.39,6.52
2000/09/15,6.25,,6.23,6.31,6.56,6.65,,,,6.26,6.39,6.53
2000/09/18,6.25,,6.24,6.38,6.6,6.69,,,,6.29,6.41,6.56
2000/09/19,6.25,,6.24,6.4,6.61,6.71,,,,6.29,6.42,6.56
2000/09/20,6.25,,6.23,6.41,6.62,6.71,,,,6.3,6.42,6.57
2000/09/21,6.25,,6.23,6.45,6.63,6.73,,,,6.32,6.45,6.59
2000/09/22,6.25,,6.24,6.42,6.56,6.64,,,,6.3,6.43,6.55
2000/09/25,6.25,,6.24,6.47,6.64,6.69,,,,6.3,6.45,6.55
2000/09/26,6.25,,6.24,6.48,6.63,6.69,,,,6.32,6.43,6.54
2000/09/27,6.25,,6.23,6.51,6.66,6.7,,,,6.32,6.44,6.55
2000/09/28,6.25,,6.24,6.49,6.63,6.67,,,,6.33,6.4,6.52
2000/09/29,6.25,,6.24,6.47,6.59,6.65,,,,6.31,6.41,6.52
2000/10/02,6.25,,6.23,,,,,,,6.29,6.38,6.47
2000/10/03,6.25,,6.25,6.46,6.5,6.57,,,,6.29,6.37,6.46
2000/10/04,6.25,,6.22,6.34,6.46,6.54,,,,6.26,6.34,6.44
2000/10/05,6.25,,6.21,6.33,6.43,6.51,,,,6.26,6.34,6.42
2000/10/06,6.25,,6.23,6.33,6.43,6.51,,,,6.26,6.34,6.42
2000/10/09,6.25,,6.24,6.32,6.41,6.47,,,,6.24,6.3,6.37
2000/10/10,6.25,,6.2,6.32,6.42,6.48,,,,6.25,6.3,6.39
2000/10/11,6.25,,6.23,6.31,6.43,6.47,,,,6.24,6.28,6.35
2000/10/12,6.25,,6.22,6.3,6.43,6.48,,,,6.24,6.29,6.36
2000/10/13,6.25,,6.23,6.29,6.39,6.43,,,,6.22,6.26,6.32
2000/10/16,6.25,,6.25,6.33,6.43,6.46,,,,6.23,6.28,6.34
2000/10/17,6.25,,6.24,6.33,6.44,6.48,,,,6.23,6.28,6.33
2000/10/18,6.25,,6.22,6.33,6.41,6.46,,,,6.21,6.25,6.31
2000/10/19,6.25,,6.21,6.33,6.42,6.47,,,,6.21,6.25,6.31
2000/10/20,6.25,,6.18,6.33,6.41,6.46,,,,6.22,6.25,6.31
2000/10/23,6.25,,6.25,6.32,6.39,6.42,,,,6.19,6.17,6.27
2000/10/24,6.25,,6.24,6.32,6.38,6.41,,,,6.19,6.18,6.26
2000/10/25,6.25,,6.24,6.32,6.34,6.38,,,,6.2,6.2,6.27
2000/10/26,6.25,,6.22,6.33,6.38,6.42,,,,6.21,6.24,6.31
2000/10/27,6.25,,6.23,6.33,6.39,6.43,,,,6.21,6.22,6.3
2000/10/30,6.25,,6.24,6.34,6.4,6.47,,,,6.22,6.26,6.3
2000/10/31,6.25,,6.25,6.35,6.42,6.49,,,,6.22,6.27,6.31
2000/11/01,6.25,,6.25,6.37,6.42,6.475,,,,6.22,6.27,6.3
2000/11/02,6.25,,6.24,6.35,6.39,6.46,,,,6.22,6.26,6.3
2000/11/03,6.25,,6.21,6.37,6.41,6.47,,,,6.22,6.27,6.3
2000/11/06,6.25,,6.25,6.37,6.41,6.47,,,,6.22,6.27,6.3
2000/11/07,6.25,,6.24,6.37,6.41,6.46,,,,6.22,6.27,6.3
2000/11/08,6.25,,6.22,6.31,6.35,6.41,,,,6.21,6.23,6.26
2000/11/09,6.25,,6.22,6.31,6.34,6.395,,,,6.21,6.23,6.26
2000/11/10,6.25,,6.21,6.32,6.33,6.36,,,,6.21,6.23,6.24
2000/11/13,6.25,,6.23,6.3,6.32,6.35,,,,6.21,6.23,6.22
2000/11/14,6.25,,6.22,6.3,6.3,6.33,,,,6.2,6.22,6.21
2000/11/15,6.25,,6.22,6.3,6.31,6.33,,,,6.2,6.22,6.22
2000/11/16,6.25,,6.22,6.3,6.32,6.34,,,,6.2,6.22,6.21
2000/11/17,6.25,,6.2,6.3,6.3,6.32,,,,6.2,6.21,6.19
2000/11/20,6.25,,6.21,6.29,6.3,6.32,,,,6.2,6.21,6.19
2000/11/21,6.25,,6.21,6.29,6.3,6.32,,,,6.2,6.22,6.19
2000/11/22,6.25,,6.23,6.31,6.31,6.32,,,,6.2,6.22,6.19
2000/11/23,6.25,,6.22,6.3,6.3,6.31,,,,6.21,6.22,6.19
2000/11/24,6.25,,6.2,6.3,6.3,6.31,,,,6.2,6.21,6.19
2000/11/27,6.25,,6.21,6.3,6.31,6.31,,,,6.21,6.22,6.18
2000/11/28,6.25,,6.23,6.29,6.31,6.31,,,,6.21,6.22,6.18
2000/11/29,6.25,,6.23,6.29,6.28,6.27,,,,6.2,6.2,6.14
2000/11/30,6.25,,6.23,6.28,6.27,6.24,,,,6.19,6.19,6.12
2000/12/01,6.25,,6.22,6.26,6.24,6.19,,,,6.19,6.18,6.1
2000/12/04,6.25,,6.22,6.28,6.24,6.19,,,,6.19,6.18,6.09
2000/12/05,6.25,,6.22,6.27,6.22,6.14,,,,6.18,6.15,6.04
2000/12/06,6.25,,6.24,6.25,6.2,6.11,,,,6.15,6.11,6
2000/12/07,6.25,,6.23,6.25,6.17,6.04,,,,6.15,6.07,5.92
2000/12/08,6.25,,6.22,6.27,6.2,6.06,,,,6.15,6.08,5.93
2000/12/11,6.25,,6.22,6.28,6.22,6.1,,,,6.16,6.09,5.95
2000/12/12,6.25,,6.24,6.28,6.23,6.1,,,,6.15,6.1,5.95
2000/12/13,6.25,,6.27,6.28,6.23,6.08,,,,6.17,6.11,5.94
2000/12/14,6.25,,6.27,6.28,6.22,6.06,,,,6.16,6.09,5.92
2000/12/15,6.25,,6.25,6.28,6.23,6.05,,,,6.16,6.09,5.91
2000/12/18,6.25,,6.25,6.27,6.16,6.03,,,,6.16,6.09,5.9
2000/12/19,6.25,,6.25,6.28,6.18,6.06,,,,6.15,6.09,5.9
2000/12/20,6.25,,6.24,6.28,6.17,6.03,,,,6.14,6.07,5.89
2000/12/21,6.25,,6.22,6.27,6.16,5.98,,,,6.14,6.05,5.83
2000/12/22,6.25,,6.23,6.28,6.18,5.98,,,,6.14,6.05,5.82
2000/12/27,6.25,,6.21,6.29,6.165,5.96,,,,6.12,6.02,5.79
2000/12/28,6.25,,6.24,6.28,6.165,5.95,,,,6.11,6.03,5.81
2000/12/29,6.25,,6.21,6.26,6.13,5.93,,,,6.11,6.03,5.8
2001/01/02,6.25,,6.22,6.26,6.07,5.87,,,,6.11,5.98,5.75
2001/01/03,6.25,,6.23,6.26,6.03,5.82,,,,6.09,5.93,5.66
2001/01/04,6.25,,6.21,6.24,5.99,5.74,,,,6.08,5.88,5.59
2001/01/05,6.25,,6.23,6.23,5.89,5.64,,,,6.07,5.85,5.54
2001/01/08,6.25,,6.23,6.24,5.91,5.67,,,,6.06,5.84,5.53
2001/01/09,6.25,,6.23,6.24,5.9,5.66,,,,6.07,5.84,5.53
2001/01/10,6.25,,6.23,6.24,5.9,5.67,,,,6.07,5.84,5.59
2001/01/11,6.25,,6.23,6.235,5.93,5.69,,,,6.07,5.83,5.6
2001/01/12,6.25,,6.25,6.23,5.91,5.66,,,,6.07,5.83,5.59
2001/01/15,6.25,,6.25,6.22,5.95,5.71,,,,6.09,5.87,5.61
2001/01/16,6.25,,6.26,6.16,5.91,5.66,,,,6.08,5.86,5.61
2001/01/17,6.25,,6.24,6.18,5.94,5.72,,,,6.07,5.83,5.62
2001/01/18,6.25,,6.22,6.17,5.91,5.66,,,,6.08,5.79,5.58
2001/01/19,6.25,,6.23,6.15,5.9,5.65,,,,6.06,5.75,5.53
2001/01/22,6.25,,6.22,6.17,5.93,5.65,,,,6.05,5.77,5.54
2001/01/23,6.25,,6.23,6.17,5.94,5.66,,,,6.04,5.73,5.54
2001/01/24,6.25,,6.25,6.09,5.87,5.58,,,,6.03,5.71,5.49
2001/01/25,6.25,,6.26,6.11,5.83,5.54,,,,6.02,5.69,5.46
2001/01/29,6.25,,6.25,6.05,5.8,5.51,,,,6.02,5.68,5.42
2001/01/30,6.25,,6.25,6.05,5.81,5.53,,,,6.03,5.69,5.43
2001/01/31,6.25,,6.26,5.99,5.77,5.46,,,,6.02,5.65,5.38
2001/02/01,6.25,,6.25,5.96,5.68,5.41,,,,6.02,5.66,5.37
2001/02/02,6.25,,6.24,5.87,5.63,5.39,,,,6.01,5.62,5.36
2001/02/05,6.25,,6.22,5.84,5.63,5.41,,,,6,5.62,5.35
2001/02/06,6.25,,6.22,5.82,5.64,5.44,,,,5.99,5.61,5.36
2001/02/07,5.75,-0.5,5.74,5.75,5.63,5.44,,,,5.68,5.6,5.35
2001/02/08,5.75,,5.73,5.76,5.62,5.45,,,,5.67,5.57,5.34
2001/02/09,5.75,,5.73,5.75,5.63,5.47,,,,5.67,5.57,5.35
2001/02/12,5.75,,5.74,5.74,5.58,5.39,,,,5.65,5.52,5.29
2001/02/13,5.75,,5.75,5.76,5.6,5.41,,,,5.67,5.57,5.31
2001/02/14,5.75,,5.75,5.77,5.64,5.46,,,,5.65,5.55,5.35
2001/02/15,5.75,,5.76,5.78,5.67,5.51,,,,5.66,5.57,5.38
2001/02/16,5.75,,5.74,5.76,5.58,5.45,,,,5.66,5.55,5.36
2001/02/19,5.75,,5.73,5.76,5.56,5.38,,,,5.65,5.52,5.3
2001/02/20,5.75,,5.73,5.75,5.56,5.37,,,,5.65,5.52,5.3
2001/02/21,5.75,,5.72,5.77,5.59,5.4,,,,5.64,5.52,5.3
2001/02/22,5.75,,5.72,5.76,5.56,5.36,,,,5.64,5.51,5.29
2001/02/23,5.75,,5.73,5.76,5.56,5.37,,,,5.64,5.51,5.29
2001/02/26,5.75,,5.75,5.73,5.5,5.27,,,,5.61,5.43,5.17
2001/02/27,5.75,,5.74,5.72,5.48,5.26,,,,5.6,5.42,5.17
2001/02/28,5.75,,5.75,5.73,5.47,5.25,,,,5.6,5.41,5.16
2001/03/01,5.75,,5.74,5.73,5.44,5.23,,,,5.58,5.4,5.15
2001/03/02,5.75,,5.73,5.73,5.44,5.25,,,,5.57,5.39,5.14
2001/03/05,5.75,,5.75,5.63,5.37,5.12,,,,5.55,5.33,5.05
2001/03/06,5.75,,5.74,5.58,5.34,5.12,,,,5.55,5.32,5.06
2001/03/07,5.5,-0.25,5.5,5.52,5.26,5.04,,,,5.39,5.23,4.97
2001/03/08,5.5,,5.5,5.51,5.2,4.99,,,,5.38,5.18,4.92
2001/03/09,5.5,,5.48,5.48,5.18,4.97,,,,5.35,5.13,4.87
2001/03/12,5.5,,5.49,5.49,5.18,4.97,,,,5.34,5.14,4.88
2001/03/13,5.5,,5.51,5.47,5.11,4.89,,,,5.3,5.07,4.8
2001/03/14,5.5,,5.49,5.47,5.08,4.87,,,,5.31,5.07,4.79
2001/03/15,5.5,,5.48,5.46,5.02,4.78,,,,5.26,5.01,4.73
2001/03/16,5.5,,5.49,5.32,4.95,4.74,,,,5.25,4.98,4.69
2001/03/19,5.5,,5.49,5.34,4.94,4.74,,,,5.23,4.96,4.67
2001/03/20,5.5,,5.5,5.34,4.98,4.75,,,,5.23,4.96,4.68
2001/03/21,5.5,,5.49,5.34,4.95,4.71,,,,5.22,4.95,4.67
2001/03/22,5.5,,5.47,5.34,4.97,4.77,,,,5.25,4.97,4.7
2001/03/23,5.5,,5.5,5.35,5.04,4.83,,,,5.25,5,4.77
2001/03/26,5.5,,5.49,5.39,5.08,4.86,,,,5.25,5.01,4.79
2001/03/27,5.5,,5.5,5.36,5.07,4.85,,,,5.24,5.01,4.76
2001/03/28,5.5,,5.49,5.37,5.17,4.98,,,,5.26,5.08,4.89
2001/03/29,5.5,,5.5,5.35,5.11,4.89,,,,5.22,5.02,4.81
2001/03/30,5.5,,5.51,5.31,5.09,4.85,,,,5.18,4.98,4.78
2001/04/02,5.5,,5.49,5.22,4.99,4.75,,,,5.14,4.93,4.72
2001/04/03,5.5,,5.49,5.17,4.96,4.77,,,,5.12,4.92,4.75
2001/04/04,5,-0.5,4.98,5.03,4.86,4.68,,,,4.88,4.74,4.56
2001/04/05,5,,5.01,5.04,4.91,4.73,,,,4.9,4.81,4.63
2001/04/06,5,,5,5.04,4.93,4.77,,,,4.92,4.81,4.67
2001/04/09,5,,5,5.03,4.9,4.72,,,,4.89,4.79,4.58
2001/04/10,5,,5.01,5.06,4.92,4.76,,,,4.91,4.82,4.61
2001/04/11,5,,5,5.06,4.94,4.82,,,,4.92,4.84,4.73
2001/04/12,5,,5.01,5.06,4.95,4.83,,,,4.93,4.86,4.74
2001/04/17,5,,5.01,5.03,4.93,4.81,,,,4.93,4.85,4.75
2001/04/18,5,,5,5.05,4.92,4.84,,,,4.91,4.82,4.74
2001/04/19,5,,5.01,4.84,4.66,4.57,,,,4.85,4.61,4.55
2001/04/20,5,,4.98,4.85,4.71,4.61,,,,4.85,4.61,4.51
2001/04/23,5,,5,4.85,4.71,4.59,,,,4.83,4.6,4.5
2001/04/24,5,,5,4.87,4.73,4.6,,,,4.84,4.61,4.5
2001/04/26,5,,5,4.9,4.78,4.69,,,,4.86,4.68,4.57
2001/04/27,5,,4.98,4.9,4.77,4.67,,,,4.85,4.67,4.56
2001/04/30,5,,4.99,4.98,4.87,4.79,,,,4.88,4.75,4.65
2001/05/01,5,,5,4.95,4.83,4.76,,,,4.89,4.77,4.67
2001/05/02,5,,5,5.02,4.87,4.81,,,,4.89,4.79,4.71
2001/05/03,5,,5,5.03,4.86,4.8,,,,4.89,4.79,4.71
2001/05/04,5,,4.98,5.03,4.84,4.76,,,,4.88,4.77,4.66
2001/05/07,5,,4.98,5.02,4.81,4.7,,,,4.87,4.73,4.6
2001/05/08,5,,4.97,5.02,4.78,4.68,,,,4.86,4.7,4.6
2001/05/09,5,,4.99,5.01,4.76,4.67,,,,4.85,4.69,4.58
2001/05/10,5,,5,5.01,4.75,4.66,,,,4.85,4.69,4.58
2001/05/11,5,,4.99,5.01,4.84,4.81,,,,4.88,4.77,4.7
2001/05/14,5,,4.99,5.05,4.95,4.92,,,,4.91,4.85,4.82
2001/05/15,5,,4.98,5.04,4.93,4.92,,,,4.9,4.83,4.82
2001/05/16,5,,4.99,4.99,4.88,4.88,,,,4.88,4.79,4.77
2001/05/17,5,,4.99,5,4.89,4.88,,,,4.88,4.8,4.79
2001/05/18,5,,5,5.03,4.93,4.93,,,,4.89,4.82,4.81
2001/05/21,5,,4.99,5.05,4.98,4.99,,,,4.91,4.86,4.88
2001/05/22,5,,4.99,5.04,4.97,4.98,,,,4.91,4.86,4.84
2001/05/23,5,,4.97,5.03,4.96,4.96,,,,4.9,4.84,4.82
2001/05/24,5,,4.99,5.03,4.96,4.96,,,,4.89,4.84,4.82
2001/05/25,5,,4.98,5.03,4.95,4.94,,,,4.89,4.85,4.83
2001/05/28,5,,5,5.04,4.95,4.95,,,,4.88,4.84,4.81
2001/05/29,5,,5,5.04,4.95,4.95,,,,4.88,4.83,4.81
2001/05/30,5,,4.99,5.04,4.97,4.97,,,,4.89,4.84,4.82
2001/05/31,5,,5.01,5.05,4.96,4.94,,,,4.89,4.83,4.81
2001/06/01,5,,5.01,4.98,4.88,4.87,,,,4.88,4.82,4.8
2001/06/04,5,,5.02,4.98,4.87,4.86,,,,4.86,4.79,4.78
2001/06/05,5,,4.99,4.97,4.88,4.88,,,,4.86,4.8,4.78
2001/06/06,5,,5,5.02,4.99,5.02,,,,4.93,4.88,4.87
2001/06/07,5,,4.99,5.05,5,5.03,,,,4.93,4.88,4.88
2001/06/08,5,,4.99,5.05,5.03,5.04,,,,4.93,4.88,4.89
2001/06/12,5,,5,5.06,5.01,5.04,,,,4.92,4.88,4.89
2001/06/13,5,,5,5.06,5.01,5.04,,,,4.92,4.88,4.88
2001/06/14,5,,5,5.05,5.04,5.04,,,,4.92,4.87,4.87
2001/06/15,5,,5,5.05,5.01,5,,,,4.91,4.86,4.86
2001/06/18,5,,4.99,5.02,4.96,4.94,,,,4.89,4.83,4.82
2001/06/19,5,,4.99,5.04,4.93,4.92,,,,4.89,4.82,4.8
2001/06/20,5,,5,5.05,4.96,4.94,,,,4.9,4.82,4.8
2001/06/21,5,,4.99,5.04,4.96,4.94,,,,4.91,4.82,4.81
2001/06/22,5,,4.99,5.04,4.96,4.94,,,,4.88,4.83,4.81
2001/06/25,5,,4.99,5.04,4.94,4.88,,,,4.87,4.81,4.79
2001/06/26,5,,4.99,5.05,4.93,4.87,,,,4.87,4.8,4.79
2001/06/27,5,,5,5.05,4.95,4.92,,,,4.88,4.82,4.82
2001/06/28,5,,5,5.05,4.99,4.99,,,,4.9,4.85,4.85
2001/06/29,5,,5.01,5.06,5.02,5.035,,,,4.91,4.88,4.89
2001/07/02,5,,5.02,5.05,5.01,5.01,4.9725,4.945,4.97,4.91,4.88,4.89
2001/07/03,5,,5.03,5.06,5.03,5.08,4.98,4.985,5.025,4.92,4.91,4.94
2001/07/04,5,,5.02,5.06,5.05,5.09,4.99,4.985,5.045,4.93,4.93,4.95
2001/07/05,5,,5,5.05,5.04,5.08,4.99,4.9725,5.02,4.93,4.93,4.94
2001/07/06,5,,4.99,5.04,5.03,5.07,4.99,4.975,5.02,4.93,4.92,4.94
2001/07/09,5,,5,5.04,5.03,5.06,4.9775,4.965,5.01,4.93,4.92,4.94
2001/07/10,5,,4.99,5.05,5.04,5.08,4.9775,4.9825,5.035,4.93,4.93,4.95
2001/07/11,5,,4.99,5.05,5.03,5.05,4.975,4.965,5.005,4.93,4.92,4.93
2001/07/12,5,,5,5.05,5.04,5.07,4.975,4.98,5.04,4.94,4.94,4.95
2001/07/13,5,,5,5.05,5.06,5.09,4.975,4.97,5.02,4.94,4.94,4.95
2001/07/16,5,,5,5.05,5.06,5.06,4.97,4.975,5.02,4.94,4.94,4.95
2001/07/17,5,,4.99,5.05,5.04,5.06,4.9725,4.9675,5.01,4.94,4.94,4.94
2001/07/18,5,,4.99,5.05,5.04,5.08,4.98,4.975,5.02,4.94,4.93,4.94
2001/07/19,5,,4.98,5.03,5,5.01,4.96,4.94,4.955,4.91,4.88,4.88
2001/07/20,5,,4.99,5.04,5.01,5,4.965,4.94,4.94,4.89,4.87,4.86
2001/07/23,5,,5,5.05,5.02,5.03,4.965,4.945,4.96,4.89,4.87,4.87
2001/07/24,5,,4.99,5.05,5.02,5.03,4.9575,4.9475,4.97,4.89,4.87,4.87
2001/07/25,5,,4.98,5.05,5.06,5.09,4.985,4.99,5.045,4.9,4.89,4.91
2001/07/26,5,,4.98,5.07,5.07,5.11,4.99,4.995,5.06,4.9,4.9,4.92
2001/07/27,5,,4.98,5.06,5.06,5.11,4.985,4.99,5.045,4.89,4.89,4.91
2001/07/30,5,,5,5.06,5.06,5.11,4.985,4.99,5.04,4.89,4.89,4.9
2001/07/31,5,,4.99,5.06,5.06,5.12,4.985,4.995,5.04,4.89,4.89,4.9
2001/08/01,5,,4.98,5.06,5.04,5.07,4.985,4.985,5.01,4.89,4.89,4.92
2001/08/02,5,,4.98,5.06,5.04,5.07,4.985,4.98,5.015,4.89,4.89,4.91
2001/08/03,5,,4.99,5.06,5.04,5.07,4.975,4.98,5.0075,4.88,4.89,4.9
2001/08/06,5,,4.99,5.06,5.04,5.07,4.975,4.98,5.0075,4.88,4.89,4.9
2001/08/07,5,,4.99,5.04,5.01,5.01,4.9525,4.94,4.945,4.88,4.89,4.89
2001/08/08,5,,4.99,5.05,5.04,5.05,4.975,4.955,4.97,4.89,4.9,4.91
2001/08/09,5,,5,5.03,4.93,4.89,4.955,4.855,4.8125,4.87,4.82,4.8
2001/08/10,5,,5,5.06,4.94,4.91,4.9575,4.89,4.84,4.87,4.84,4.82
2001/08/13,5,,5,5.06,4.97,4.94,4.965,4.905,4.86,4.88,4.86,4.84
2001/08/14,5,,5,5.06,4.97,4.94,4.9625,4.915,4.88,4.88,4.87,4.86
2001/08/15,5,,4.99,5.06,5.01,4.97,4.9675,4.925,4.89,4.88,4.88,4.87
2001/08/16,5,,5,5.06,4.99,4.96,4.9675,4.93,4.905,4.87,4.88,4.89
2001/08/17,5,,5,5.05,4.97,4.94,4.97,4.92,4.8725,4.87,4.87,4.86
2001/08/20,5,,5,5.06,4.95,4.92,4.97,4.9,4.84,4.87,4.85,4.84
2001/08/21,5,,4.98,5.07,4.95,4.92,4.975,4.9225,4.86,4.87,4.85,4.84
2001/08/22,5,,4.98,5.06,4.94,4.92,4.96,4.895,4.835,4.87,4.82,4.81
2001/08/23,5,,4.98,5.06,4.94,4.92,4.965,4.905,4.85,4.88,4.83,4.83
2001/08/24,5,,4.98,5.05,4.94,4.93,4.945,4.885,4.845,4.86,4.81,4.82
2001/08/27,5,,4.98,4.95,4.86,4.81,4.87,4.81,4.745,4.78,4.73,4.71
2001/08/28,5,,4.99,4.95,4.87,4.81,4.875,4.8125,4.75,4.79,4.73,4.72
2001/08/29,5,,4.97,4.92,4.82,4.77,4.845,4.79,4.6975,4.76,4.71,4.67
2001/08/30,5,,4.99,4.91,4.81,4.75,4.8275,4.76,4.67,4.74,4.68,4.64
2001/08/31,5,,4.99,4.89,4.8,4.72,4.805,4.7425,4.66,4.74,4.68,4.63
2001/09/03,5,,4.99,4.89,4.78,4.71,4.805,4.74,4.66,4.73,4.69,4.63
2001/09/04,5,,5,4.87,4.79,4.73,4.81,4.76,4.685,4.74,4.7,4.64
2001/09/05,4.75,-0.25,4.74,4.81,4.81,4.81,4.745,4.735,4.735,4.68,4.69,4.71
2001/09/06,4.75,,4.72,4.81,4.8,4.79,4.74,4.74,4.74,4.67,4.7,4.72
2001/09/07,4.75,,4.73,4.79,4.77,4.75,4.7375,4.7125,4.695,4.64,4.67,4.67
2001/09/10,4.75,,4.73,4.79,4.69,4.65,4.7125,4.625,4.61,4.61,4.58,4.58
2001/09/11,4.75,,4.71,4.79,4.7,4.67,4.7225,4.635,4.625,4.61,4.59,4.6
2001/09/12,4.75,,4.75,4.67,4.43,4.35,4.55,4.36,4.3,4.44,4.31,4.27
2001/09/13,4.75,,4.73,4.69,4.47,4.44,4.625,4.455,4.405,4.52,4.41,4.38
2001/09/14,4.75,,4.74,4.67,4.49,4.42,4.59,4.4475,4.365,4.48,4.4,4.34
2001/09/17,4.75,,4.73,4.66,4.42,4.33,4.58,4.38,4.29,4.47,4.34,4.26
2001/09/18,4.75,,4.7,4.64,4.41,4.32,4.55,4.37,4.265,4.47,4.32,4.24
2001/09/19,4.75,,4.7,4.66,4.47,4.36,4.58,4.43,4.325,4.53,4.37,4.29
2001/09/20,4.75,,4.69,4.66,4.44,4.32,4.5425,4.38,4.275,4.51,4.34,4.27
2001/09/21,4.75,,4.69,4.64,4.45,4.33,4.535,4.385,4.295,4.52,4.35,4.28
2001/09/24,4.75,,4.7,4.65,4.47,4.36,4.5,4.3725,4.28,4.52,4.36,4.29
2001/09/25,4.75,,4.72,4.64,4.47,4.36,4.485,4.36,4.27,4.5,4.35,4.29
2001/09/26,4.75,,4.71,4.61,4.45,4.32,4.42,4.32,4.23,4.44,4.31,4.25
2001/09/27,4.75,,4.73,4.58,4.42,4.31,4.43,4.32,4.23,4.45,4.31,4.25
2001/09/28,4.75,,4.73,4.63,4.36,4.24,4.3975,4.315,4.215,4.42,4.3,4.23
2001/10/01,4.75,,4.75,,,,,,,4.42,4.3,4.23
2001/10/02,4.75,,4.74,4.42,4.3,4.2,4.37,4.2725,4.2,4.39,4.27,4.2
2001/10/03,4.5,-0.25,4.49,4.53,4.41,4.3,4.49,4.355,4.29,4.4,4.32,4.25
2001/10/04,4.5,,4.5,4.5,4.41,4.31,4.485,4.37,4.29,4.39,4.31,4.25
2001/10/05,4.5,,4.5,4.5,4.38,4.28,4.4775,4.345,4.25,4.38,4.3,4.24
2001/10/08,4.5,,4.49,4.47,4.35,4.24,4.465,4.3025,4.2,4.38,4.24,4.19
2001/10/09,4.5,,4.48,4.5,4.35,4.26,4.465,4.3025,4.2075,4.38,4.24,4.2
2001/10/10,4.5,,4.48,4.49,4.38,4.26,4.47,4.325,4.245,4.39,4.25,4.23
2001/10/11,4.5,,4.49,4.5,4.39,4.3,4.465,4.335,4.26,4.39,4.26,4.23
2001/10/12,4.5,,4.5,4.5,4.42,4.34,4.46,4.36,4.3,4.39,4.28,4.24
2001/10/15,4.5,,4.49,4.5,4.4,4.32,4.45,4.33,4.25,4.38,4.27,4.21
2001/10/16,4.5,,4.48,4.49,4.37,4.27,4.445,4.3075,4.2125,4.38,4.26,4.18
2001/10/17,4.5,,4.49,4.47,4.37,4.27,4.44,4.3075,4.22,4.38,4.26,4.18
2001/10/18,4.5,,4.49,4.47,4.35,4.27,4.4425,4.29,4.2025,4.38,4.25,4.16
2001/10/19,4.5,,4.48,4.47,4.35,4.26,4.43,4.3,4.195,4.36,4.23,4.15
2001/10/22,4.5,,4.49,4.49,4.36,4.27,4.4325,4.29,4.205,4.36,4.22,4.15
2001/10/23,4.5,,4.49,4.5,4.38,4.31,4.445,4.325,4.255,4.37,4.25,4.19
2001/10/24,4.5,,4.49,4.48,4.35,4.22,4.43,4.28,4.1725,4.35,4.2,4.11
2001/10/25,4.5,,4.48,4.47,4.32,4.19,4.41,4.235,4.11,4.33,4.16,4.07
2001/10/26,4.5,,4.47,4.47,4.32,4.19,4.405,4.23,4.11,4.33,4.16,4.07
2001/10/29,4.5,,4.46,4.46,4.31,4.17,4.385,4.225,4.1,4.33,4.16,4.07
2001/10/30,4.5,,4.48,4.45,4.28,4.14,4.3725,4.215,4.0725,4.32,4.15,4.07
2001/10/31,4.5,,4.49,4.43,4.27,4.11,4.355,4.195,4.0575,4.31,4.14,4.07
2001/11/01,4.5,,4.48,4.41,4.27,4.12,4.385,4.2225,4.1,4.33,4.16,4.1
2001/11/02,4.5,,4.47,4.43,4.26,4.14,4.38,4.22,4.09,4.33,4.17,4.11
2001/11/05,4.5,,4.49,4.42,4.2,4.09,4.3825,4.1875,4.055,4.33,4.14,4.07
2001/11/06,4.5,,4.49,4.42,4.2,4.09,4.37,4.18,4.045,4.33,4.14,4.06
2001/11/07,4.5,,4.5,4.46,4.2,4.06,4.405,4.15,3.99,4.32,4.12,4.01
2001/11/08,4.5,,4.5,4.45,4.17,4.02,4.37,4.12,3.955,4.29,4.09,3.97
2001/11/09,4.5,,4.5,4.41,4.17,4.01,4.37,4.12,3.955,4.27,4.09,3.97
2001/11/12,4.5,,4.5,4.5,4.25,4.15,4.395,4.22,4.105,4.33,4.18,4.08
2001/11/13,4.5,,4.49,4.49,4.25,4.13,4.3825,4.21,4.075,4.33,4.18,4.06
2001/11/14,4.5,,4.48,4.49,4.28,4.16,4.37,4.225,4.115,4.34,4.19,4.09
2001/11/15,4.5,,4.5,4.51,4.35,4.28,4.39,4.29,4.235,4.36,4.24,4.16
2001/11/16,4.5,,4.48,4.45,4.34,4.32,4.38,4.3125,4.31,4.37,4.24,4.21
2001/11/19,4.5,,4.49,4.45,4.32,4.3,4.375,4.285,4.275,4.35,4.23,4.18
2001/11/20,4.5,,4.5,4.44,4.3,4.27,4.365,4.2625,4.235,4.35,4.23,4.18
2001/11/21,4.5,,4.5,4.44,4.32,4.3,4.355,4.28,4.265,4.35,4.24,4.2
2001/11/22,4.5,,4.49,4.41,4.34,4.33,4.36,4.29,4.305,4.35,4.24,4.2
2001/11/23,4.5,,4.5,4.46,4.36,4.38,4.35,4.31,4.3425,4.34,4.24,4.23
2001/11/26,4.5,,4.5,4.42,4.33,4.32,4.3225,4.2675,4.2725,4.32,4.22,4.2
2001/11/27,4.5,,4.49,4.42,4.33,4.32,4.32,4.28,4.28,4.31,4.22,4.2
2001/11/28,4.5,,4.5,4.38,4.3,4.24,4.275,4.22,4.19,4.26,4.16,4.14
2001/11/29,4.5,,4.5,4.37,4.28,4.23,4.2675,4.22,4.18,4.26,4.16,4.14
2001/11/30,4.5,,4.5,4.34,4.25,4.17,4.24,4.19,4.12,4.24,4.15,4.1
2001/12/03,4.5,,4.5,4.26,4.18,4.12,4.22,4.1725,4.09,4.22,4.11,4.07
2001/12/04,4.5,,4.49,4.27,4.23,4.18,4.2225,4.19,4.15,4.22,4.13,4.11
2001/12/05,4.25,-0.25,4.25,4.29,4.25,4.2,4.24,4.205,4.165,4.24,4.15,4.13
2001/12/06,4.25,,4.24,4.29,4.26,4.25,4.235,4.22,4.2025,4.24,4.15,4.16
2001/12/07,4.25,,4.25,4.28,4.25,4.22,4.235,4.1925,4.17,4.24,4.12,4.13
2001/12/10,4.25,,4.25,4.29,4.26,4.21,4.245,4.195,4.16,4.25,4.15,4.12
2001/12/11,4.25,,4.23,4.29,4.24,4.19,4.24,4.1875,4.15,4.25,4.14,4.11
2001/12/12,4.25,,4.25,4.31,4.25,4.21,4.24,4.1925,4.165,4.25,4.15,4.13
2001/12/13,4.25,,4.25,4.31,4.24,4.16,4.235,4.175,4.115,4.24,4.13,4.1
2001/12/14,4.25,,4.24,4.31,4.23,4.16,4.24,4.18,4.14,4.24,4.14,4.11
2001/12/17,4.25,,4.26,4.31,4.23,4.17,4.24,4.195,4.16,4.24,4.15,4.12
2001/12/18,4.25,,4.24,4.32,4.25,4.2,4.245,4.19,4.17,4.24,4.15,4.13
2001/12/19,4.25,,4.23,4.32,4.23,4.18,4.245,4.175,4.15,4.23,4.14,4.11
2001/12/20,4.25,,4.25,4.32,4.25,4.21,4.24,4.1825,4.145,4.23,4.15,4.11
2001/12/21,4.25,,4.24,4.32,4.26,4.21,4.245,4.185,4.165,4.23,4.16,4.13
2001/12/24,4.25,,4.23,4.32,4.26,4.21,4.235,4.175,4.145,4.22,4.15,4.12
2001/12/27,4.25,,4.25,4.33,4.27,4.25,4.25,4.215,4.22,4.19,4.15,4.12
2001/12/28,4.25,,4.22,4.33,4.28,4.26,4.245,4.2,4.215,4.18,4.15,4.12
2001/12/31,4.25,,4.23,4.33,4.25,4.24,4.245,4.19,4.21,4.18,4.15,4.12
2002/01/02,4.25,,4.23,4.3,4.23,4.22,4.245,4.18,4.19,4.17,4.14,4.12
2002/01/03,4.25,,4.24,4.3,4.26,4.26,4.25,4.215,4.215,4.18,4.15,4.13
2002/01/04,4.25,,4.23,4.3,4.26,4.26,4.245,4.215,4.215,4.17,4.15,4.13
2002/01/07,4.25,,4.23,4.3,4.28,4.27,4.25,4.22,4.22,4.16,4.15,4.13
2002/01/08,4.25,,4.25,4.3,4.26,4.23,4.235,4.205,4.195,4.18,4.16,4.13
2002/01/09,4.25,,4.24,4.3,4.26,4.24,4.235,4.1975,4.19,4.17,4.16,4.14
2002/01/10,4.25,,4.24,4.3,4.26,4.24,4.2375,4.1975,4.1925,4.18,4.16,4.14
2002/01/11,4.25,,4.25,4.29,4.26,4.24,4.225,4.2,4.195,4.19,4.15,4.13
2002/01/14,4.25,,4.25,4.29,4.21,4.14,4.205,4.155,4.1175,4.19,4.12,4.09
2002/01/15,4.25,,4.24,4.29,4.22,4.16,4.21,4.1625,4.1275,4.19,4.12,4.09
2002/01/16,4.25,,4.24,4.27,4.21,4.17,4.205,4.1675,4.14,4.18,4.12,4.09
2002/01/17,4.25,,4.25,4.27,4.22,4.19,4.215,4.18,4.165,4.18,4.11,4.1
2002/01/18,4.25,,4.25,4.28,4.23,4.21,4.2125,4.185,4.18,4.18,4.1,4.09
2002/01/21,4.25,,4.24,4.29,4.26,4.24,4.22,4.2,4.22,4.18,4.1,4.1
2002/01/22,4.25,,4.24,4.29,4.25,4.25,4.215,4.2025,4.22,4.19,4.11,4.11
2002/01/23,4.25,,4.23,4.29,4.29,4.31,4.23,4.24,4.28,4.2,4.13,4.13
2002/01/24,4.25,,4.24,4.29,4.29,4.35,4.23,4.245,4.3025,4.21,4.14,4.14
2002/01/25,4.25,,4.24,4.29,4.29,4.36,4.23,4.2525,4.3325,4.21,4.15,4.15
2002/01/29,4.25,,4.25,4.3,4.3,4.36,4.2325,4.2525,4.32,4.21,4.15,4.16
2002/01/30,4.25,,4.24,4.3,4.29,4.35,4.235,4.25,4.305,4.21,4.14,4.2
2002/01/31,4.25,,4.25,4.3,4.3,4.39,4.26,4.265,4.355,4.21,4.15,4.23
2002/02/01,4.25,,4.24,4.3,4.31,4.4,4.25,4.275,4.36,4.21,4.15,4.24
2002/02/04,4.25,,4.23,4.3,4.3,4.39,4.24,4.2625,4.36,4.19,4.14,4.23
2002/02/05,4.25,,4.24,4.29,4.29,4.37,4.2375,4.2525,4.335,4.19,4.14,4.22
2002/02/06,4.25,,4.24,4.3,4.3,4.37,4.24,4.2525,4.325,4.19,4.17,4.22
2002/02/07,4.25,,4.24,4.29,4.29,4.35,4.24,4.2525,4.31,4.19,4.18,4.23
2002/02/08,4.25,,4.24,4.29,4.29,4.35,4.24,4.255,4.3175,4.19,4.18,4.23
2002/02/11,4.25,,4.24,4.29,4.29,4.38,4.24,4.255,4.35,4.19,4.19,4.26
2002/02/12,4.25,,4.25,4.29,4.29,4.38,4.24,4.2575,4.325,4.19,4.19,4.25
2002/02/13,4.25,,4.24,4.3,4.31,4.41,4.24,4.265,4.36,4.24,4.24,4.29
2002/02/14,4.25,,4.25,4.31,4.33,4.47,4.245,4.28,4.425,4.24,4.26,4.35
2002/02/15,4.25,,4.24,4.29,4.34,4.46,4.24,4.285,4.425,4.24,4.26,4.35
2002/02/18,4.25,,4.23,4.3,4.33,4.44,4.24,4.2725,4.405,4.23,4.24,4.31
2002/02/19,4.25,,4.25,4.3,4.33,4.47,4.2425,4.2775,4.415,4.23,4.24,4.31
2002/02/20,4.25,,4.25,4.3,4.31,4.45,4.24,4.27,4.405,4.23,4.24,4.3
2002/02/21,4.25,,4.24,4.3,4.33,4.46,4.24,4.27,4.42,4.22,4.23,4.28
2002/02/22,4.25,,4.23,4.3,4.32,4.45,4.24,4.265,4.4,4.21,4.22,4.26
2002/02/25,4.25,,4.23,4.3,4.32,4.45,4.24,4.2725,4.4,4.21,4.22,4.24
2002/02/26,4.25,,4.23,4.29,4.32,4.46,4.2425,4.2775,4.42,4.21,4.23,4.26
2002/02/27,4.25,,4.23,4.29,4.32,4.48,4.245,4.28,4.43,4.22,4.27,4.36
2002/02/28,4.25,,4.24,4.29,4.31,4.43,4.2425,4.275,4.395,4.22,4.26,4.33
2002/03/01,4.25,,4.22,4.29,4.32,4.45,4.245,4.28,4.425,4.22,4.27,4.35
2002/03/04,4.25,,4.23,4.29,4.34,4.53,4.25,4.2975,4.48,4.22,4.28,4.37
2002/03/05,4.25,,4.23,4.3,4.34,4.52,4.2525,4.29,4.47,4.22,4.27,4.36
2002/03/06,4.25,,4.23,4.29,4.33,4.47,4.245,4.2825,4.44,4.21,4.25,4.34
2002/03/07,4.25,,4.23,4.31,4.35,4.53,4.2475,4.31,4.49,4.21,4.27,4.37
2002/03/08,4.25,,4.22,4.29,4.37,4.58,4.25,4.3275,4.5425,4.21,4.29,4.41
2002/03/11,4.25,,4.23,4.31,4.38,4.57,4.25,4.325,4.535,4.21,4.29,4.4
2002/03/12,4.25,,4.24,4.3,4.37,4.58,4.26,4.3275,4.5375,4.21,4.29,4.41
2002/03/13,4.25,,4.24,4.31,4.38,4.62,4.26,4.335,4.57,4.21,4.3,4.43
2002/03/14,4.25,,4.24,4.3,4.38,4.63,4.26,4.35,4.5825,4.21,4.3,4.42
2002/03/15,4.25,,4.23,4.33,4.44,4.75,4.3,4.43,4.72,4.23,4.36,4.52
2002/03/18,4.25,,4.23,4.35,4.47,4.78,4.305,4.44,4.735,4.22,4.35,4.51
2002/03/19,4.25,,4.25,4.34,4.5,4.82,4.31,4.46,4.78,4.24,4.38,4.54
2002/03/20,4.25,,4.23,4.34,4.53,4.82,4.315,4.47,4.79,4.24,4.38,4.54
2002/03/21,4.25,,4.25,4.35,4.57,4.9,4.32,4.52,4.855,4.25,4.4,4.57
2002/03/22,4.25,,4.23,4.36,4.61,4.9,4.33,4.525,4.865,4.25,4.4,4.57
2002/03/25,4.25,,4.24,4.37,4.62,4.95,4.34,4.55,4.88,4.26,4.4,4.57
2002/03/26,4.25,,4.24,4.38,4.64,4.96,4.355,4.575,4.8925,4.26,4.42,4.59
2002/03/27,4.25,,4.24,4.39,4.63,4.95,4.345,4.565,4.88,4.26,4.48,4.72
2002/03/28,4.25,,4.24,4.4,4.63,4.95,4.37,4.59,4.895,4.26,4.48,4.72
2002/04/02,4.25,,4.25,4.47,4.66,4.98,4.42,4.6325,4.97,4.27,4.52,4.77
2002/04/03,4.25,,4.23,4.33,4.57,4.9,4.25,4.5075,4.85,4.23,4.47,4.75
2002/04/04,4.25,,4.24,4.31,4.54,4.85,4.25,4.475,4.8,4.23,4.45,4.71
2002/04/05,4.25,,4.24,4.32,4.49,4.79,4.25,4.4525,4.76,4.22,4.47,4.73
2002/04/08,4.25,,4.24,4.32,4.5,4.81,4.25,4.445,4.74,4.22,4.47,4.72
2002/04/09,4.25,,4.24,4.32,4.52,4.85,4.2525,4.4675,4.785,4.22,4.48,4.77
2002/04/10,4.25,,4.24,4.32,4.5,4.79,4.27,4.445,4.74,4.22,4.46,4.75
2002/04/11,4.25,,4.24,4.33,4.55,4.87,4.28,4.495,4.825,4.23,4.49,4.81
2002/04/12,4.25,,4.25,4.34,4.56,4.87,4.305,4.525,4.84,4.23,4.49,4.78
2002/04/15,4.25,,4.25,4.34,4.59,4.88,4.3075,4.525,4.83,4.23,4.49,4.77
2002/04/16,4.25,,4.25,4.4,4.59,4.88,4.315,4.52,4.825,4.23,4.49,4.77
2002/04/17,4.25,,4.24,4.41,4.63,4.92,4.3225,4.5325,4.845,4.24,4.49,4.75
2002/04/18,4.25,,4.25,4.41,4.6,4.87,4.315,4.51,4.8025,4.24,4.47,4.73
2002/04/19,4.25,,4.24,4.41,4.63,4.89,4.335,4.54,4.83,4.24,4.48,4.73
2002/04/22,4.25,,4.24,4.43,4.64,4.92,4.35,4.5525,4.84,4.24,4.48,4.74
2002/04/23,4.25,,4.24,4.43,4.64,4.91,4.345,4.545,4.825,4.24,4.5,4.74
2002/04/24,4.25,,4.25,4.44,4.67,4.93,4.365,4.58,4.865,4.25,4.53,4.78
2002/04/26,4.25,,4.24,4.43,4.63,4.87,4.365,4.5475,4.8,4.25,4.52,4.77
2002/04/29,4.25,,4.25,4.43,4.62,4.84,4.3775,4.535,4.745,4.25,4.5,4.73
2002/04/30,4.25,,4.23,4.43,4.63,4.85,4.38,4.54,4.765,4.25,4.52,4.75
2002/05/01,4.25,,4.25,4.47,4.64,4.83,4.38,4.5475,4.76,,,
2002/05/02,4.25,,4.25,4.47,4.65,4.85,4.3925,4.5625,4.77,,,
2002/05/03,4.25,,4.25,4.48,4.67,4.89,4.4375,4.595,4.8,,,
2002/05/06,4.25,,4.24,4.51,4.71,4.92,4.465,4.63,4.8325,,,
2002/05/07,4.25,,4.25,4.51,4.7,4.9,4.4615,4.6175,4.805,,,
2002/05/08,4.5,0.25,4.5,4.55,4.77,5,4.52,4.6825,4.9125,,,
2002/05/09,4.5,,4.5,4.54,4.78,5.05,4.525,4.72,4.98,,,
2002/05/10,4.5,,4.5,4.54,4.78,5.05,4.535,4.72,4.985,,,
2002/05/13,4.5,,4.49,4.59,4.79,5.06,4.545,4.71,4.97,,,
2002/05/14,4.5,,4.5,4.57,4.81,5.09,4.565,4.74,5.005,,,
2002/05/15,4.5,,4.51,4.59,4.84,5.14,4.58,4.7725,5.055,,,
2002/05/16,4.5,,4.49,4.67,4.85,5.17,4.58,4.7975,5.065,,,
2002/05/17,4.5,,4.5,4.67,4.85,5.15,4.605,4.7975,5.0825,,,
2002/05/20,4.5,,4.49,4.71,4.9,5.21,4.61,4.8225,5.13,,,
2002/05/21,4.5,,4.5,4.72,4.91,5.2,4.625,4.8225,5.105,,,
2002/05/22,4.5,,4.5,4.72,4.9,5.19,4.62,4.82,5.0925,,,
2002/05/23,4.5,,4.5,4.71,4.9,5.18,4.625,4.82,5.085,,,
2002/05/24,4.5,,4.49,4.72,4.92,5.2,4.655,4.84,5.125,,,
2002/05/27,4.5,,4.48,4.73,4.94,5.24,4.67,4.865,5.165,,,
2002/05/28,4.5,,4.49,4.73,4.98,5.27,4.6775,4.885,5.185,,,
2002/05/29,4.5,,4.49,4.73,4.96,5.23,4.675,4.87,5.16,,,
2002/05/30,4.5,,4.49,4.73,4.98,5.23,4.6825,4.875,5.165,,,
2002/05/31,4.5,,4.5,4.77,4.99,5.33,4.74,4.97,5.275,,,
2002/06/03,4.5,,4.5,4.86,5.12,5.44,4.79,5.005,5.36,,,
2002/06/04,4.5,,4.5,4.83,5.08,5.42,4.7975,5,5.335,,,
2002/06/05,4.75,0.25,4.74,4.81,5.07,5.4,4.785,4.9725,5.3,,,
2002/06/06,4.75,,4.75,4.83,5.06,5.36,4.7775,4.965,5.275,,,
2002/06/07,4.75,,4.74,4.82,5.04,5.33,4.79,4.955,5.245,,,
2002/06/11,4.75,,4.75,4.83,5.02,5.29,4.81,4.9625,5.235,,,
2002/06/12,4.75,,4.75,4.84,5.025,5.29,4.805,4.96,5.205,,,
2002/06/13,4.75,,4.75,4.84,5.06,5.29,4.8125,4.9725,5.22,,,
2002/06/14,4.75,,4.74,4.83,5.05,5.23,4.81,4.96,5.17,,,
2002/06/17,4.75,,4.75,4.87,5.06,5.2,4.81,4.955,5.13,,,
2002/06/18,4.75,,4.75,4.87,5.07,5.24,4.82,4.965,5.145,,,
2002/06/19,4.75,,4.75,4.87,5.05,5.18,4.82,4.9575,5.125,,,
2002/06/20,4.75,,4.75,4.89,5.07,5.2,4.8375,4.96,5.1375,,,
2002/06/21,4.75,,4.75,4.91,5.09,5.23,4.85,4.98,5.165,,,
2002/06/24,4.75,,4.75,4.93,5.13,5.25,4.875,5.0075,5.1925,,,
2002/06/25,4.75,,4.75,4.95,5.14,5.24,4.8625,5.0075,5.1775,,,
2002/06/26,4.75,,4.75,4.92,5.04,5.13,4.8225,4.9125,5.055,,,
2002/06/27,4.75,,4.75,4.96,5.1,5.21,4.87,4.9825,5.125,,,
2002/06/28,4.75,,4.75,4.96,5.11,5.25,4.89,5,5.14,,,
2002/07/01,4.75,,4.75,4.98,5.13,5.25,4.88,4.995,5.1475,,,
2002/07/02,4.75,,4.75,4.96,5.1,5.22,4.86,4.97,5.115,,,
2002/07/03,4.75,,4.75,4.83,5.02,5.11,4.755,4.9,5.045,,,
2002/07/04,4.75,,4.75,4.84,5.03,5.14,4.76,4.9225,5.0625,,,
2002/07/05,4.75,,4.75,4.86,5.05,5.16,4.76,4.9375,5.085,,,
2002/07/08,4.75,,4.75,4.85,5.06,5.2,4.7675,4.93,5.1025,,,
2002/07/09,4.75,,4.75,4.85,5.06,5.19,4.7775,4.9175,5.09,,,
2002/07/10,4.75,,4.75,4.85,5.02,5.13,4.78,4.8875,5.03,,,
2002/07/11,4.75,,4.75,4.83,4.97,5.06,4.765,4.8375,4.955,,,
2002/07/12,4.75,,4.75,4.85,4.98,5.07,4.775,4.8475,4.965,,,
2002/07/15,4.75,,4.75,4.83,4.93,5.01,4.7775,4.83,4.91,,,
2002/07/16,4.75,,4.75,4.85,4.96,5.02,4.79,4.845,4.945,,,
2002/07/17,4.75,,4.75,4.87,4.98,5.06,4.79,4.855,4.9575,,,
2002/07/18,4.75,,4.75,4.87,4.98,5.06,4.79,4.855,4.96,,,
2002/07/19,4.75,,4.74,4.87,4.95,5.02,4.795,4.8475,4.94,,,
2002/07/22,4.75,,4.75,4.87,4.93,4.98,4.78,4.83,4.895,,,
2002/07/23,4.75,,4.74,4.87,4.95,5.01,4.785,4.85,4.925,,,
2002/07/24,4.75,,4.75,4.85,4.86,4.9,4.765,4.79,4.8425,,,
2002/07/25,4.75,,4.75,4.85,4.9,4.96,4.775,4.8125,4.86,,,
2002/07/26,4.75,,4.75,4.85,4.85,4.91,4.7675,4.7825,4.825,,,
2002/07/29,4.75,,4.74,4.85,4.88,4.93,4.7675,4.795,4.835,,,
2002/07/30,4.75,,4.75,4.88,4.92,4.97,4.78,4.815,4.885,,,
2002/07/31,4.75,,4.75,4.89,4.94,5,4.79,4.8425,4.905,,,
2002/08/01,4.75,,4.74,4.9,4.93,4.99,4.785,4.8275,4.89,,,
2002/08/02,4.75,,4.74,4.88,4.91,4.93,4.77,4.8075,4.84,,,
2002/08/05,4.75,,4.75,,,,,,,,,
2002/08/06,4.75,,4.75,4.86,4.86,4.87,4.76,4.775,4.78,,,
2002/08/07,4.75,,4.75,4.86,4.88,4.91,4.765,4.7975,4.8175,,,
2002/08/08,4.75,,4.75,4.85,4.87,4.86,4.765,4.78,4.785,,,
2002/08/09,4.75,,4.74,4.87,4.91,4.93,4.77,4.815,4.84,,,
2002/08/12,4.75,,4.75,4.87,4.93,4.95,4.785,4.83,4.8625,,,
2002/08/13,4.75,,4.74,4.86,4.93,4.96,4.7825,4.8325,4.865,,,
2002/08/14,4.75,,4.75,4.85,4.93,4.93,4.7625,4.805,4.835,,,
2002/08/15,4.75,,4.75,4.86,4.94,4.98,4.7725,4.825,4.885,,,
2002/08/16,4.75,,4.75,4.9,4.95,4.99,4.79,4.845,4.9,,,
2002/08/19,4.75,,4.75,4.9,4.98,5.01,4.8,4.865,4.92,,,
2002/08/20,4.75,,4.75,4.9,4.99,5.04,4.8,4.87,4.915,,,
2002/08/21,4.75,,4.75,4.89,4.98,5.01,4.795,4.86,4.91,,,
2002/08/22,4.75,,4.75,4.9,5,5.06,4.7975,4.88,4.945,,,
2002/08/23,4.75,,4.75,4.93,5.01,5.06,4.815,4.8975,4.96,,,
2002/08/26,4.75,,4.75,4.93,5.01,5.06,4.82,4.9025,4.965,,,
2002/08/27,4.75,,4.75,4.93,5.02,5.06,4.81,4.89,4.95,,,
2002/08/28,4.75,,4.75,4.93,5.06,5.13,4.8325,4.9375,5.025,,,
2002/08/29,4.75,,4.75,4.93,5.04,5.09,4.8225,4.9175,4.98,,,
2002/08/30,4.75,,4.75,4.9,4.99,5.04,4.81,4.885,4.935,,,
2002/09/02,4.75,,4.75,4.9,4.97,4.99,4.8,4.8475,4.9,,,
2002/09/03,4.75,,4.75,4.83,4.89,4.91,4.7775,4.8,4.82,,,
2002/09/04,4.75,,4.75,4.83,4.87,4.87,4.765,4.7825,4.7925,,,
2002/09/05,4.75,,4.75,4.84,4.89,4.89,4.77,4.7975,4.805,,,
2002/09/06,4.75,,4.75,4.84,4.87,4.87,4.7675,4.775,4.77,,,
2002/09/09,4.75,,4.75,4.85,4.89,4.91,4.7675,4.7925,4.81,,,
2002/09/10,4.75,,4.74,4.86,4.91,4.94,4.77,4.7975,4.835,,,
2002/09/11,4.75,,4.75,4.85,4.92,4.96,4.78,4.8225,4.865,,,
2002/09/12,4.75,,4.75,4.89,4.99,5.07,4.795,4.865,4.975,,,
2002/09/13,4.75,,4.75,4.85,4.97,5.02,4.785,4.845,4.915,,,
2002/09/16,4.75,,4.75,4.86,4.96,5,4.785,4.8275,4.89,,,
2002/09/17,4.75,,4.75,4.89,5.01,5.08,4.7975,4.8675,4.955,,,
2002/09/18,4.75,,4.75,4.87,4.95,4.99,4.79,4.8275,4.88,,,
2002/09/19,4.75,,4.75,4.89,4.95,4.99,4.7825,4.815,4.86,,,
2002/09/20,4.75,,4.74,4.88,4.93,4.94,4.785,4.8,4.835,,,
2002/09/23,4.75,,4.74,4.88,4.91,4.9,4.7775,4.785,4.805,,,
2002/09/24,4.75,,4.74,4.91,4.91,4.93,4.775,4.7875,4.805,,,
2002/09/25,4.75,,4.75,4.92,4.91,4.91,4.77,4.7825,4.8025,,,
2002/09/26,4.75,,4.75,4.91,4.93,4.93,4.7725,4.795,4.825,,,
2002/09/27,4.75,,4.75,4.89,4.91,4.92,4.775,4.7875,4.815,,,
2002/09/30,4.75,,4.75,4.88,4.87,4.87,4.77,4.7675,4.78,,,
2002/10/01,4.75,,4.76,4.87,4.9,4.9,4.7725,4.77,4.765,,,
2002/10/02,4.75,,4.76,4.87,4.92,4.93,4.76,4.79,4.825,,,
2002/10/03,4.75,,4.75,4.87,4.89,4.88,4.765,4.7775,4.7875,,,
2002/10/04,4.75,,4.75,4.87,4.89,4.88,4.765,4.7775,4.795,,,
2002/10/07,4.75,,4.74,4.87,4.89,4.88,4.765,4.7775,4.795,,,
2002/10/08,4.75,,4.75,4.87,4.88,4.89,4.77,4.79,4.805,,,
2002/10/09,4.75,,4.75,4.87,4.9,4.9,4.7625,4.795,4.835,,,
2002/10/10,4.75,,4.75,4.87,4.9,4.9,4.76,4.7825,4.7975,,,
2002/10/11,4.75,,4.74,4.87,4.89,4.89,4.765,4.7875,4.8,,,
2002/10/14,4.75,,4.75,4.87,4.89,4.9,4.7675,4.7825,4.805,,,
2002/10/15,4.75,,4.75,4.87,4.91,4.93,4.7675,4.79,4.82,,,
2002/10/16,4.75,,4.75,4.88,4.93,4.99,4.78,4.83,4.8825,,,
2002/10/17,4.75,,4.75,4.88,4.94,5,4.7775,4.825,4.9,,,
2002/10/18,4.75,,4.74,4.87,4.93,4.98,4.78,4.82,4.88,,,
2002/10/21,4.75,,4.74,4.87,4.91,4.95,4.78,4.8075,4.865,,,
2002/10/22,4.75,,4.75,4.89,4.93,5,4.7875,4.825,4.9,,,
2002/10/23,4.75,,4.75,4.88,4.94,4.99,4.7775,4.81,4.89,,,
2002/10/24,4.75,,4.75,4.88,4.92,4.97,4.775,4.805,4.865,,,
2002/10/25,4.75,,4.75,4.87,4.91,4.94,4.775,4.8,4.845,,,
2002/10/28,4.75,,4.75,4.87,4.87,4.88,4.765,4.775,4.78,,,
2002/10/29,4.75,,4.75,4.87,4.87,4.87,4.765,4.77,4.78,,,
2002/10/30,4.75,,4.75,4.86,4.8633,4.85,4.7625,4.755,4.7575,,,
2002/10/31,4.75,,4.75,4.86,4.86,4.85,4.76,4.75,4.75,,,
2002/11/01,4.75,,4.75,4.86,4.85,4.83,4.7575,4.75,4.735,,,
2002/11/04,4.75,,4.75,4.87,4.85,4.83,4.7575,4.75,4.75,,,
2002/11/05,4.75,,4.75,4.87,4.85,4.84,4.76,4.75,4.75,,,
2002/11/06,4.75,,4.75,4.88,4.86,4.84,4.76,4.7575,4.7575,,,
2002/11/07,4.75,,4.75,4.87,4.85,4.83,4.7575,4.745,4.745,,,
2002/11/08,4.75,,4.74,4.86,4.835,4.81,4.7475,4.74,4.725,,,
2002/11/11,4.75,,4.74,4.85,4.81,4.76,4.7425,4.7125,4.67,,,
2002/11/12,4.75,,4.74,4.85,4.81,4.75,4.74,4.7125,4.665,,,
2002/11/13,4.75,,4.75,4.85,4.81,4.74,4.7325,4.7125,4.66,,,
2002/11/14,4.75,,4.75,4.85,4.82,4.76,4.7425,4.73,4.675,,,
2002/11/15,4.75,,4.75,4.85,4.83,4.81,4.74,4.7425,4.725,,,
2002/11/18,4.75,,4.75,4.85,4.82,4.8,4.74,4.735,4.7,,,
2002/11/19,4.75,,4.75,4.84,4.82,4.79,4.7375,4.7375,4.7,,,
2002/11/20,4.75,,4.75,4.85,4.82,4.78,4.74,4.74,4.695,,,
2002/11/21,4.75,,4.75,4.86,4.84,4.82,4.7475,4.7475,4.735,,,
2002/11/22,4.75,,4.75,4.85,4.84,4.83,4.7475,4.7525,4.745,,,
2002/11/25,4.75,,4.75,4.86,4.86,4.85,4.75,4.76,4.76,,,
2002/11/26,4.75,,4.75,4.84,4.84,4.84,4.745,4.7425,4.745,,,
2002/11/27,4.75,,4.75,4.84,4.83,4.81,4.7425,4.74,4.715,,,
2002/11/28,4.75,,4.75,4.85,4.85,4.84,4.75,4.7475,4.75,,,
2002/11/29,4.75,,4.75,4.84,4.85,4.84,4.7425,4.74,4.735,,,
2002/12/02,4.75,,4.75,4.86,4.85,4.84,4.7475,4.75,4.7525,,,
2002/12/03,4.75,,4.75,4.85,4.84,4.84,4.74,4.7425,4.745,,,
2002/12/04,4.75,,4.75,4.85,4.84,4.81,4.7525,4.7425,4.7275,,,
2002/12/05,4.75,,4.75,4.85,4.84,4.81,4.7525,4.74,4.705,,,
2002/12/06,4.75,,4.75,4.85,4.84,4.78,4.75,4.74,4.69,,,
2002/12/09,4.75,,4.75,4.85,4.83,4.78,4.745,4.7325,4.68,,,
2002/12/10,4.75,,4.75,4.85,4.83,4.78,4.745,4.74,4.6875,,,
2002/12/11,4.75,,4.75,4.85,4.83,4.79,4.745,4.74,4.705,,,
2002/12/12,4.75,,4.75,4.86,4.85,4.79,4.745,4.7425,4.7025,,,
2002/12/13,4.75,,4.75,4.85,4.83,4.81,4.745,4.745,4.705,,,
2002/12/16,4.75,,4.75,4.86,4.84,4.8,4.75,4.7425,4.725,,,
2002/12/17,4.75,,4.75,4.85,4.84,4.81,4.765,4.75,4.72,,,
2002/12/18,4.75,,4.75,4.86,4.83,4.77,4.75,4.7275,4.685,,,
2002/12/19,4.75,,4.75,4.85,4.82,4.755,4.75,4.695,4.625,,,
2002/12/20,4.75,,4.75,4.85,4.81,4.73,4.745,4.695,4.625,,,
2002/12/23,4.75,,4.75,4.86,4.82,4.73,4.75,4.6925,4.6375,,,
2002/12/24,4.75,,4.75,4.85,4.82,4.73,4.7525,4.6975,4.65,,,
2002/12/27,4.75,,4.75,4.85,4.82,4.69,4.75,4.685,4.6,,,
2002/12/30,4.75,,4.75,4.84,4.8,4.68,4.755,4.67,4.57,,,
2002/12/31,4.75,,4.75,4.84,4.79,4.7,4.755,4.6875,4.615,,,
2003/01/02,4.75,,4.75,4.83,4.79,4.71,4.75,4.705,4.635,,,
2003/01/03,4.75,,4.75,4.84,4.82,4.79,4.7525,4.73,4.725,,,
2003/01/06,4.75,,4.75,4.85,4.83,4.82,4.75,4.735,4.7325,,,
2003/01/07,4.75,,4.75,4.84,4.82,4.81,4.7525,4.73,4.7075,,,
2003/01/08,4.75,,4.74,4.83,4.81,4.78,4.75,4.72,4.685,,,
2003/01/09,4.75,,4.75,4.82,4.82,4.81,4.75,4.725,4.7075,,,
2003/01/10,4.75,,4.75,4.82,4.82,4.82,4.75,4.74,4.725,,,
2003/01/13,4.75,,4.74,4.81,4.82,4.81,4.75,4.73,4.7325,,,
2003/01/14,4.75,,4.75,4.81,4.82,4.81,4.75,4.7275,4.7225,,,
2003/01/15,4.75,,4.75,4.81,4.82,4.77,4.7475,4.71,4.68,,,
2003/01/16,4.75,,4.75,4.8,4.81,4.81,4.749,4.725,4.72,,,
2003/01/17,4.75,,4.75,4.79,4.8,4.78,4.745,4.715,4.6925,,,
2003/01/20,4.75,,4.75,4.79,4.78,4.73,4.735,4.685,4.625,,,
2003/01/21,4.75,,4.75,4.79,4.78,4.73,4.74,4.685,4.6425,,,
2003/01/22,4.75,,4.75,4.79,4.78,4.72,4.73,4.68,4.63,,,
2003/01/23,4.75,,4.75,4.79,4.79,4.75,4.74,4.705,4.66,,,
2003/01/24,4.75,,4.75,4.79,4.78,4.72,4.73,4.685,4.62,,,
2003/01/28,4.75,,4.75,4.8,4.8,4.75,4.735,4.705,4.655,,,
2003/01/29,4.75,,4.75,4.8,4.8,4.74,4.73,4.695,4.63,,,
2003/01/30,4.75,,4.75,4.8,4.81,4.75,4.74,4.715,4.675,,,
2003/01/31,4.75,,4.75,4.81,4.8,4.75,4.735,4.71,4.64,,,
2003/02/03,4.75,,4.75,4.81,4.79,4.75,4.735,4.71,4.67,,,
2003/02/04,4.75,,4.75,4.8,4.77,4.72,4.73,4.69,4.63,,,
2003/02/05,4.75,,4.75,4.8,4.78,4.71,4.7425,4.6875,4.615,,,
2003/02/06,4.75,,4.75,4.79,4.76,4.69,4.745,4.6775,4.595,,,
2003/02/07,4.75,,4.74,4.78,4.73,4.66,4.74,4.665,4.57,,,
2003/02/10,4.75,,4.75,4.79,4.74,4.69,4.745,4.6925,4.615,,,
2003/02/11,4.75,,4.75,4.79,4.73,4.69,4.7425,4.6875,4.605,,,
2003/02/12,4.75,,4.75,4.78,4.72,4.63,4.735,4.6725,4.575,,,
2003/02/13,4.75,,4.75,4.795,4.74,4.66,4.7375,4.6725,4.5725,,,
2003/02/14,4.75,,4.75,4.79,4.74,4.65,4.73,4.665,4.565,,,
2003/02/17,4.75,,4.75,4.78,4.74,4.69,4.7325,4.6925,4.615,,,
2003/02/18,4.75,,4.74,4.79,4.74,4.68,4.73,4.68,4.6,,,
2003/02/19,4.75,,4.75,4.77,4.75,4.69,4.735,4.6875,4.6125,,,
2003/02/20,4.75,,4.75,4.79,4.74,4.68,4.735,4.6825,4.605,,,
2003/02/21,4.75,,4.74,4.79,4.74,4.68,4.73,4.68,4.6025,,,
2003/02/24,4.75,,4.75,4.8,4.76,4.7,4.7325,4.7,4.6265,,,
2003/02/25,4.75,,4.75,4.79,4.75,4.69,4.7325,4.7,4.605,,,
2003/02/26,4.75,,4.75,4.79,4.76,4.69,4.73,4.7,4.62,,,
2003/02/27,4.75,,4.75,4.79,4.74,4.67,4.7225,4.6825,4.59,,,
2003/02/28,4.75,,4.74,4.79,4.74,4.68,4.7275,4.685,4.605,,,
2003/03/03,4.75,,4.75,4.79,4.73,4.66,4.725,4.675,4.595,,,
2003/03/04,4.75,,4.75,4.79,4.73,4.65,4.72,4.67,4.585,,,
2003/03/05,4.75,,4.75,4.79,4.75,4.66,4.7375,4.6775,4.58,,,
2003/03/06,4.75,,4.75,4.79,4.75,4.68,4.74,4.685,4.595,,,
2003/03/07,4.75,,4.75,4.8,4.76,4.69,4.74,4.6925,4.615,,,
2003/03/10,4.75,,4.75,4.79,4.75,4.63,4.7325,4.6725,4.545,,,
2003/03/11,4.75,,4.75,4.79,4.75,4.61,4.725,4.6675,4.535,,,
2003/03/12,4.75,,4.75,4.8,4.76,4.64,4.7275,4.66,4.5625,,,
2003/03/13,4.75,,4.75,4.79,4.765,4.72,4.73,4.69,4.64,,,
2003/03/14,4.75,,4.75,4.8,4.77,4.72,4.73,4.6875,4.6475,,,
2003/03/17,4.75,,4.75,4.78,4.73,4.68,4.725,4.6725,4.6025,,,
2003/03/18,4.75,,4.75,4.79,4.75,4.71,4.73,4.6825,4.6475,,,
2003/03/19,4.75,,4.75,4.79,4.75,4.73,4.73,4.6925,4.66,,,
2003/03/20,4.75,,4.75,4.79,4.77,4.73,4.735,4.7025,4.66,,,
2003/03/21,4.75,,4.75,4.79,4.77,4.73,4.735,4.7,4.665,,,
2003/03/24,4.75,,4.75,4.8,4.77,4.73,4.73,4.69,4.64,,,
2003/03/25,4.75,,4.75,4.81,4.78,4.72,4.7225,4.6825,4.64,,,
2003/03/26,4.75,,4.75,4.8,4.78,4.72,4.73,4.69,4.64,,,
2003/03/27,4.75,,4.75,4.8,4.78,4.72,4.725,4.6875,4.64,,,
2003/03/28,4.75,,4.75,4.8,4.79,4.72,4.7325,4.6925,4.64,,,
2003/03/31,4.75,,4.75,4.8,4.78,4.71,4.73,4.6825,4.62,,,
2003/04/01,4.75,,4.75,4.8,4.77,4.72,4.73,4.6875,4.63,,,
2003/04/02,4.75,,4.75,4.8,4.78,4.73,4.7525,4.7075,4.65,,,
2003/04/03,4.75,,4.75,4.8,4.78,4.73,4.7525,4.705,4.64,,,
2003/04/04,4.75,,4.75,4.8,4.77,4.71,4.75,4.7,4.635,,,
2003/04/07,4.75,,4.75,4.8,4.8,4.76,4.75,4.705,4.67,,,
2003/04/08,4.75,,4.75,4.81,4.8,4.74,4.745,4.7075,4.6525,,,
2003/04/09,4.75,,4.75,4.81,4.79,4.74,4.74,4.7025,4.645,,,
2003/04/10,4.75,,4.75,4.81,4.78,4.7,4.7425,4.695,4.615,,,
2003/04/11,4.75,,4.75,4.81,4.79,4.72,4.7375,4.7,4.6325,,,
2003/04/14,4.75,,4.75,4.81,4.8,4.74,4.7425,4.705,4.6525,,,
2003/04/15,4.75,,4.75,4.82,4.81,4.76,4.7425,4.71,4.6725,,,
2003/04/16,4.75,,4.74,4.82,4.8,4.76,4.745,4.715,4.665,,,
2003/04/17,4.75,,4.75,4.82,4.79,4.73,4.74,4.705,4.64,,,
2003/04/22,4.75,,4.75,4.82,4.8,4.76,4.74,4.71,4.675,,,
2003/04/23,4.75,,4.75,4.83,4.81,4.78,4.7425,4.7225,4.6775,,,
2003/04/24,4.75,,4.75,4.82,4.81,4.76,4.74,4.71,4.66,,,
2003/04/28,4.75,,4.75,4.82,4.8,4.71,4.7325,4.69,4.6125,,,
2003/04/29,4.75,,4.75,4.82,4.8,4.73,4.735,4.7,4.64,,,
2003/04/30,4.75,,4.75,4.82,4.8,4.74,4.7375,4.7,4.6475,,,
2003/05/01,4.75,,4.75,4.82,4.81,4.74,4.7275,4.695,4.6275,,,
2003/05/02,4.75,,4.75,4.81,4.8,4.72,4.7325,4.69,4.625,,,
2003/05/05,4.75,,4.74,4.81,4.78,4.73,4.735,4.7025,4.6525,,,
2003/05/06,4.75,,4.75,4.8,4.77,4.72,4.72,4.6915,4.6325,,,
2003/05/07,4.75,,4.75,4.8,4.77,4.71,4.74,4.685,4.62,,,
2003/05/08,4.75,,4.75,4.8,4.75,4.69,4.7375,4.68,4.605,,,
2003/05/09,4.75,,4.75,4.81,4.77,4.73,4.7425,4.7125,4.66,,,
2003/05/12,4.75,,4.74,4.81,4.77,4.73,4.74,4.7075,4.65,,,
2003/05/13,4.75,,4.75,4.81,4.77,4.73,4.74,4.7075,4.6525,,,
2003/05/14,4.75,,4.75,4.81,4.78,4.75,4.7425,4.7125,4.68,,,
2003/05/15,4.75,,4.75,4.81,4.78,4.75,4.74,4.71,4.6725,,,
2003/05/16,4.75,,4.75,4.81,4.78,4.75,4.7425,4.7175,4.6875,,,
2003/05/19,4.75,,4.75,4.8,4.77,4.73,4.7425,4.705,4.655,,,
2003/05/20,4.75,,4.75,4.81,4.77,4.74,4.7425,4.7125,4.675,,,
2003/05/21,4.75,,4.75,4.81,4.77,4.72,4.74,4.7075,4.6525,,,
2003/05/22,4.75,,4.75,4.81,4.77,4.73,4.74,4.7075,4.66,,,
2003/05/23,4.75,,4.75,4.81,4.77,4.73,4.7375,4.71,4.6625,,,
2003/05/26,4.75,,4.75,4.81,4.78,4.72,4.735,4.7025,4.645,,,
2003/05/27,4.75,,4.75,4.81,4.77,4.7,4.7325,4.7,4.63,,,
2003/05/28,4.75,,4.75,4.81,4.78,4.72,4.735,4.7025,4.6375,,,
2003/05/29,4.75,,4.75,4.81,4.78,4.72,4.7375,4.705,4.64,,,
2003/05/30,4.75,,4.75,4.81,4.78,4.72,4.7375,4.7075,4.65,,,
2003/06/02,4.75,,4.75,4.81,4.78,4.75,4.74,4.715,4.6725,,,
2003/06/03,4.75,,4.75,4.82,4.78,4.75,4.74,4.7125,4.67,,,
2003/06/04,4.75,,4.75,4.82,4.78,4.74,4.745,4.7065,4.655,,,
2003/06/05,4.75,,4.75,4.82,4.78,4.74,4.745,4.71,4.665,,,
2003/06/06,4.75,,4.75,4.79,4.72,4.58,4.725,4.6375,4.495,,,
2003/06/10,4.75,,4.75,4.8,4.68,4.52,4.695,4.5725,4.425,,,
2003/06/11,4.75,,4.75,4.79,4.65,4.48,4.6875,4.54,4.375,,,
2003/06/12,4.75,,4.75,4.79,4.66,4.49,4.6875,4.5325,4.395,,,
2003/06/13,4.75,,4.75,4.77,4.63,4.45,4.67,4.5175,4.37,,,
2003/06/16,4.75,,4.75,4.73,4.59,4.41,4.6575,4.5125,4.3475,,,
2003/06/17,4.75,,4.75,4.74,4.61,4.47,4.6575,4.52,4.38,,,
2003/06/18,4.75,,4.76,4.73,4.63,4.49,4.6625,4.5375,4.41,,,
2003/06/19,4.75,,4.75,4.71,4.63,4.44,4.6325,4.5,4.365,,,
2003/06/20,4.75,,4.75,4.71,4.63,4.46,4.595,4.49,4.37,,,
2003/06/23,4.75,,4.75,4.7,4.61,4.47,4.605,4.51,4.38,,,
2003/06/24,4.75,,4.75,4.71,4.61,4.45,4.59,4.4825,4.36,,,
2003/06/25,4.75,,4.75,4.73,4.61,4.45,4.5825,4.48,4.36,,,
2003/06/26,4.75,,4.75,4.76,4.68,4.59,4.65,4.5475,4.4825,,,
2003/06/27,4.75,,4.75,4.79,4.68,4.59,4.6,4.52,4.455,,,
2003/06/30,4.75,,4.75,4.79,4.67,4.56,4.6025,4.5175,4.44,,,
2003/07/01,4.75,,4.75,4.71,4.65,4.56,4.64,4.5375,4.4725,,,
2003/07/02,4.75,,4.75,4.8,4.72,4.64,4.7535,4.6425,4.5725,,,
2003/07/03,4.75,,4.75,4.8,4.71,4.63,4.7565,4.6475,4.56,,,
2003/07/04,4.75,,4.75,4.81,4.7,4.62,4.75,4.6375,4.5475,,,
2003/07/07,4.75,,4.75,4.81,4.71,4.62,4.75,4.615,4.5075,,,
2003/07/08,4.75,,4.75,4.8,4.72,4.63,4.7425,4.635,4.5475,,,
2003/07/09,4.75,,4.75,4.8,4.73,4.65,4.735,4.6425,4.5575,,,
2003/07/10,4.75,,4.75,4.8,4.71,4.61,4.7325,4.6,4.53,,,
2003/07/11,4.75,,4.75,4.79,4.705,4.61,4.7225,4.6,4.52,,,
2003/07/14,4.75,,4.75,4.8,4.7,4.61,4.715,4.5975,4.5175,,,
2003/07/15,4.75,,4.75,4.8,4.72,4.63,4.715,4.6225,4.55,,,
2003/07/16,4.75,,4.75,4.8,4.73,4.69,4.7175,4.6575,4.6025,,,
2003/07/17,4.75,,4.75,4.79,4.72,4.68,4.7175,4.646,4.6,,,
2003/07/18,4.75,,4.75,4.79,4.72,4.68,4.7125,4.645,4.59,,,
2003/07/21,4.75,,4.75,4.79,4.72,4.67,4.7075,4.6375,4.585,,,
2003/07/22,4.75,,4.75,4.79,4.72,4.69,4.7,4.64,4.6,,,
2003/07/23,4.75,,4.75,4.79,4.72,4.67,4.6925,4.63,4.585,,,
2003/07/24,4.75,,4.75,4.79,4.72,4.67,4.6925,4.63,4.575,,,
2003/07/25,4.75,,4.75,4.79,4.72,4.67,4.69,4.635,4.6,,,
2003/07/28,4.75,,4.75,4.81,4.73,4.69,4.69,4.6525,4.63,,,
2003/07/29,4.75,,4.75,4.8,4.74,4.71,4.71,4.6625,4.635,,,
2003/07/30,4.75,,4.75,4.8,4.76,4.73,4.7175,4.68,4.665,,,
2003/07/31,4.75,,4.75,4.8,4.76,4.74,4.715,4.6775,4.665,,,
2003/08/01,4.75,,4.75,4.79,4.77,4.76,4.7225,4.69,4.6975,,,
2003/08/04,4.75,,4.75,4.79,4.77,4.76,4.7225,4.69,4.6975,,,
2003/08/05,4.75,,4.75,4.8,4.78,4.77,4.72,4.7,4.695,,,
2003/08/06,4.75,,4.75,4.81,4.79,4.8,4.7475,4.72,4.73,,,
2003/08/07,4.75,,4.75,4.8,4.79,4.79,4.745,4.72,4.7125,,,
2003/08/08,4.75,,4.75,4.8,4.79,4.79,4.735,4.72,4.72,,,
2003/08/11,4.75,,4.75,4.82,4.82,4.85,4.7475,4.7575,4.785,,,
2003/08/12,4.75,,4.75,4.82,4.83,4.85,4.7475,4.7625,4.785,,,
2003/08/13,4.75,,4.75,4.82,4.83,4.87,4.7475,4.7625,4.7875,,,
2003/08/14,4.75,,4.75,4.82,4.84,4.88,4.75,4.7725,4.8,,,
2003/08/15,4.75,,4.75,4.82,4.84,4.88,4.75,4.7675,4.8,,,
2003/08/18,4.75,,4.75,4.83,4.84,4.88,4.75,4.77,4.805,,,
2003/08/19,4.75,,4.75,4.82,4.84,4.88,4.75,4.7675,4.8075,,,
2003/08/20,4.75,,4.75,4.82,4.83,4.87,4.75,4.77,4.8075,,,
2003/08/21,4.75,,4.75,4.82,4.84,4.89,4.75,4.77,4.815,,,
2003/08/22,4.75,,4.75,4.82,4.84,4.89,4.75,4.7725,4.82,,,
2003/08/25,4.75,,4.75,4.83,4.84,4.89,4.75,4.77,4.825,,,
2003/08/26,4.75,,4.75,4.83,4.84,4.9,4.755,4.7725,4.8325,,,
2003/08/27,4.75,,4.75,4.83,4.84,4.9,4.75,4.7725,4.8225,,,
2003/08/28,4.75,,4.75,4.83,4.86,4.92,4.75,4.775,4.835,,,
2003/08/29,4.75,,4.75,4.83,4.85,4.9,4.75,4.77,4.825,,,
2003/09/01,4.75,,4.75,4.84,4.87,4.92,4.75,4.7725,4.8425,,,
2003/09/02,4.75,,4.75,4.84,4.88,4.94,4.75,4.78,4.865,,,
2003/09/03,4.75,,4.75,4.84,4.87,4.95,4.755,4.7825,4.87,,,
2003/09/04,4.75,,4.75,4.84,4.88,4.97,4.755,4.785,4.885,,,
2003/09/05,4.75,,4.75,4.85,4.88,4.98,4.755,4.7925,4.8825,,,
2003/09/08,4.75,,4.75,4.85,4.88,4.95,4.7525,4.79,4.87,,,
2003/09/09,4.75,,4.75,4.84,4.88,4.98,4.755,4.805,4.915,,,
2003/09/10,4.75,,4.75,4.84,4.88,4.97,4.7575,4.8,4.8925,,,
2003/09/11,4.75,,4.75,4.86,4.93,5.02,4.7675,4.835,4.94,,,
2003/09/12,4.75,,4.75,4.85,4.96,5.04,4.7625,4.8375,4.9425,,,
2003/09/15,4.75,,4.75,4.87,4.95,5.02,4.76,4.825,4.915,,,
2003/09/16,4.75,,4.75,4.87,4.94,5,4.76,4.82,4.905,,,
2003/09/17,4.75,,4.75,4.87,4.94,5.01,4.76,4.8175,4.9025,,,
2003/09/18,4.75,,4.75,4.85,4.93,4.99,4.7575,4.8075,4.89,,,
2003/09/19,4.75,,4.75,4.86,4.93,4.99,4.7575,4.815,4.9,,,
2003/09/22,4.75,,4.75,4.86,4.92,4.96,4.76,4.8,4.8675,,,
2003/09/23,4.75,,4.75,4.86,4.91,4.96,4.7625,4.795,4.86,,,
2003/09/24,4.75,,4.75,4.87,4.92,4.97,4.76,4.7975,4.865,,,
2003/09/25,4.75,,4.75,4.85,4.91,4.94,4.7575,4.7925,4.85,,,
2003/09/26,4.75,,4.75,4.87,4.91,4.96,4.7575,4.795,4.855,,,
2003/09/29,4.75,,4.75,4.86,4.89,4.95,4.7625,4.795,4.8425,,,
2003/09/30,4.75,,4.75,4.86,4.91,4.97,4.765,4.815,4.895,,,
2003/10/01,4.75,,4.75,4.86,4.9,4.94,4.76,4.7925,4.8475,,,
2003/10/02,4.75,,4.75,4.86,4.9,4.95,4.765,4.8,4.85,,,
2003/10/03,4.75,,4.75,4.86,4.9,4.95,4.7675,4.805,4.87,,,
2003/10/06,4.75,,4.75,,,,4.7675,4.805,4.87,,,
2003/10/07,4.75,,4.75,4.87,4.95,5.05,4.7775,4.835,4.955,,,
2003/10/08,4.75,,4.75,4.87,4.95,5.06,4.7625,4.8325,4.9575,,,
2003/10/09,4.75,,4.75,4.87,4.96,5.08,4.7675,4.85,4.975,,,
2003/10/10,4.75,,4.75,4.87,4.95,5.08,4.7725,4.8525,4.975,,,
2003/10/13,4.75,,4.75,4.86,4.95,5.08,4.7725,4.8575,4.99,,,
2003/10/14,4.75,,4.75,4.87,4.97,5.1,4.7775,4.87,5.005,,,
2003/10/15,4.75,,4.75,4.88,4.97,5.13,4.7825,4.87,5.005,,,
2003/10/16,4.75,,4.75,4.88,4.98,5.13,4.7875,4.875,5.015,,,
2003/10/17,4.75,,4.75,4.88,4.98,5.13,4.7975,4.885,5.035,,,
2003/10/20,4.75,,4.75,4.89,4.99,5.13,4.7975,4.885,5.05,,,
2003/10/21,4.75,,4.75,4.89,4.99,5.13,4.805,4.885,5.045,,,
2003/10/22,4.75,,4.75,4.89,4.99,5.12,4.795,4.87,5.0175,,,
2003/10/23,4.75,,4.75,4.88,4.97,5.09,4.7875,4.86,4.995,,,
2003/10/24,4.75,,4.75,4.89,4.98,5.13,4.7965,4.8775,5.03,,,
2003/10/27,4.75,,4.75,4.9,4.99,5.14,4.8025,4.8825,5.04,,,
2003/10/28,4.75,,4.75,4.91,5,5.16,4.805,4.8925,5.065,,,
2003/10/29,4.75,,4.75,4.9,4.99,5.12,4.795,4.8725,5.01,,,
2003/10/30,4.75,,4.75,4.91,5.01,5.16,4.805,4.885,5.06,,,
2003/10/31,4.75,,4.75,4.94,5.05,5.25,4.81,4.9,5.1,,,
2003/11/03,4.75,,4.75,4.94,5.05,5.25,4.83,4.94,5.145,,,
2003/11/04,4.75,,4.75,4.94,5.06,5.27,4.835,4.945,5.135,,,
2003/11/05,5,0.25,5,5.1,5.2,5.41,5.03,5.13,5.315,,,
2003/11/06,5,,5,5.11,5.26,5.45,5.0375,5.1675,5.315,,,
2003/11/07,5,,5,5.12,5.26,5.47,5.0525,5.1725,5.3575,,,
2003/11/10,5,,5,5.13,5.29,5.51,5.06,5.184,5.3725,,,
2003/11/11,5,,5,5.15,5.31,5.52,5.065,5.195,5.39,,,
2003/11/12,5,,5,5.19,5.33,5.52,5.085,5.2075,5.395,,,
2003/11/13,5,,5,5.2,5.35,5.54,5.0925,5.2225,5.4225,,,
2003/11/14,5,,5,5.24,5.37,5.57,5.1075,5.24,5.4325,,,
2003/11/17,5,,5,5.25,5.38,5.56,5.115,5.235,5.4225,,,
2003/11/18,5,,5,5.27,5.37,5.54,5.1225,5.2375,5.425,,,
2003/11/19,5,,5,5.26,5.37,5.53,5.1225,5.2175,5.3925,,,
2003/11/20,5,,5,5.27,5.37,5.55,5.1275,5.225,5.415,,,
2003/11/21,5,,5,5.26,5.35,5.52,5.13,5.2125,5.395,,,
2003/11/24,5,,5,5.28,5.34,5.53,5.1475,5.225,5.415,,,
2003/11/25,5,,5,5.27,5.36,5.56,5.16,5.245,5.445,,,
2003/11/26,5,,5,5.28,5.36,5.55,5.1625,5.24,5.435,,,
2003/11/27,5,,5,5.3,5.4,5.59,5.1775,5.27,5.47,,,
2003/11/28,5,,5,5.32,5.41,5.61,5.19,5.26,5.4675,,,
2003/12/01,5,,5,5.35,5.43,5.63,5.205,5.2775,5.49,,,
2003/12/02,5,,5,5.36,5.42,5.62,5.2075,5.2775,5.475,,,
2003/12/03,5.25,0.25,5.25,5.35,5.44,5.63,5.2575,5.326,5.51,,,
2003/12/04,5.25,,5.25,5.35,5.44,5.62,5.2625,5.3275,5.51,,,
2003/12/05,5.25,,5.25,5.35,5.43,5.61,5.26,5.319,5.48,,,
2003/12/08,5.25,,5.25,5.37,5.44,5.58,5.2625,5.32,5.45,,,
2003/12/09,5.25,,5.25,5.36,5.44,5.58,5.2625,5.325,5.45,,,
2003/12/10,5.25,,5.25,5.37,5.46,5.6,5.26,5.335,5.47,,,
2003/12/11,5.25,,5.25,5.37,5.48,5.63,5.26,5.335,5.4725,,,
2003/12/12,5.25,,5.25,5.37,5.47,5.59,5.26,5.33,5.44,,,
2003/12/15,5.25,,5.25,5.41,5.51,5.61,5.26,5.335,5.44,,,
2003/12/16,5.25,,5.25,5.41,5.5,5.59,5.26,5.325,5.43,,,
2003/12/17,5.25,,5.25,5.41,5.48,5.56,5.26,5.3225,5.405,,,
2003/12/18,5.25,,5.25,5.41,5.48,5.56,5.26,5.3225,5.4175,,,
2003/12/19,5.25,,5.25,5.41,5.48,5.56,5.26,5.325,5.41,,,
2003/12/22,5.25,,5.25,5.44,5.48,5.59,5.26,5.325,5.41,,,
2003/12/23,5.25,,5.25,5.45,5.5,5.59,5.26,5.3275,5.42,,,
2003/12/24,5.25,,5.25,5.45,5.51,5.57,5.26,5.3375,5.43,,,
2003/12/29,5.25,,5.25,5.44,5.51,5.58,5.26,5.3325,5.415,,,
2003/12/30,5.25,,5.25,5.46,5.52,5.58,5.26,5.34,5.435,,,
2003/12/31,5.25,,5.25,5.46,5.52,5.58,5.26,5.345,5.435,,,
2004/01/02,5.25,,5.25,5.44,5.52,5.6,5.2625,5.38,5.5,,,
2004/01/05,5.25,,5.25,5.44,5.53,5.66,5.264,5.3925,5.5275,,,
2004/01/06,5.25,,5.25,5.43,5.56,5.69,5.28,5.4,5.55,,,
2004/01/07,5.25,,5.25,5.43,5.57,5.69,5.28,5.4025,5.55,,,
2004/01/08,5.25,,5.25,5.43,5.59,5.69,5.28,5.415,5.555,,,
2004/01/09,5.25,,5.25,5.4,5.57,5.69,5.2925,5.4225,5.56,,,
2004/01/12,5.25,,5.25,5.4,5.49,5.57,5.2825,5.3525,5.45,,,
2004/01/13,5.25,,5.25,5.41,5.5,5.57,5.285,5.3525,5.45,,,
2004/01/14,5.25,,5.25,5.41,5.49,5.56,5.284,5.3475,5.43,,,
2004/01/15,5.25,,5.25,5.42,5.53,5.59,5.29,5.3675,5.455,,,
2004/01/16,5.25,,5.25,5.44,5.52,5.6,5.295,5.37,5.45,,,
2004/01/19,5.25,,5.26,5.44,5.54,5.61,5.3,5.38,5.475,,,
2004/01/20,5.25,,5.25,5.45,5.57,5.63,5.31,5.385,5.48,,,
2004/01/21,5.25,,5.26,5.45,5.56,5.61,5.31,5.3775,5.46,,,
2004/01/22,5.25,,5.26,5.45,5.56,5.62,5.305,5.375,5.455,,,
2004/01/23,5.25,,5.25,5.45,5.54,5.58,5.3075,5.365,5.425,,,
2004/01/27,5.25,,5.25,5.48,5.58,5.66,5.32,5.4025,5.495,,,
2004/01/28,5.25,,5.25,5.49,5.57,5.63,5.3175,5.3925,5.47,,,
2004/01/29,5.25,,5.25,5.51,5.61,5.69,5.3375,5.431,5.5175,,,
2004/01/30,5.25,,5.25,5.53,5.63,5.73,5.35,5.45,5.5375,,,
2004/02/02,5.25,,5.25,5.53,5.63,5.73,5.325,5.41,5.495,,,
2004/02/03,5.25,,5.25,5.52,5.6,5.66,5.3325,5.4175,5.49,,,
2004/02/04,5.25,,5.25,5.43,5.56,5.6,5.2675,5.355,5.44,,,
2004/02/05,5.25,,5.25,5.43,5.57,5.6,5.275,5.3575,5.4325,,,
2004/02/06,5.25,,5.25,5.43,5.58,5.61,5.28,5.37,5.455,,,
2004/02/09,5.25,,5.25,5.43,5.54,5.59,5.28,5.3575,5.4425,,,
2004/02/10,5.25,,5.25,5.45,5.55,5.59,5.2875,5.36,5.44,,,
2004/02/11,5.25,,5.25,5.44,5.55,5.6,5.29,5.37,5.46,,,
2004/02/12,5.25,,5.25,5.44,5.53,5.58,5.29,5.35,5.43,,,
2004/02/13,5.25,,5.25,5.45,5.54,5.62,5.295,5.37,5.4525,,,
2004/02/16,5.25,,5.25,5.47,5.53,5.6,5.2975,5.37,5.4525,,,
2004/02/17,5.25,,5.25,5.49,5.56,5.65,5.3175,5.3975,5.5,,,
2004/02/18,5.25,,5.25,5.47,5.55,5.62,5.3225,5.39,5.485,,,
2004/02/19,5.25,,5.25,5.47,5.57,5.63,5.3225,5.4,5.5,,,
2004/02/20,5.25,,5.25,5.47,5.56,5.65,5.32,5.4,5.5,,,
2004/02/23,5.25,,5.25,5.5,5.61,5.71,5.35,5.4375,5.56,,,
2004/02/24,5.25,,5.25,5.53,5.61,5.71,5.345,5.4275,5.5525,,,
2004/02/25,5.25,,5.25,5.53,5.61,5.71,5.355,5.425,5.54,,,
2004/02/26,5.25,,5.25,5.53,5.6,5.68,5.3375,5.4075,5.51,,,
2004/02/27,5.25,,5.25,5.53,5.61,5.68,5.3425,5.42,5.51,,,
2004/03/01,5.25,,5.25,5.53,5.55,5.62,5.32,5.3775,5.46,,,
2004/03/02,5.25,,5.25,5.5,5.54,5.61,5.32,5.3775,5.45,,,
2004/03/03,5.25,,5.25,5.45,5.57,5.65,5.2625,5.38,5.4775,,,
2004/03/04,5.25,,5.25,5.43,5.55,5.62,5.26,5.375,5.47,,,
2004/03/05,5.25,,5.25,5.44,5.54,5.61,5.264,5.375,5.47,,,
2004/03/08,5.25,,5.25,5.43,5.51,5.54,5.265,5.3375,5.3875,,,
2004/03/09,5.25,,5.25,5.44,5.53,5.56,5.27,5.34,5.3925,,,
2004/03/10,5.25,,5.25,5.43,5.55,5.57,5.27,5.35,5.3925,,,
2004/03/11,5.25,,5.25,5.43,5.53,5.54,5.27,5.315,5.36,,,
2004/03/12,5.25,,5.25,5.43,5.49,5.49,5.27,5.2975,5.3225,,,
2004/03/15,5.25,,5.25,5.43,5.49,5.49,5.2675,5.305,5.3325,,,
2004/03/16,5.25,,5.25,5.44,5.49,5.5,5.2725,5.3025,5.325,,,
2004/03/17,5.25,,5.25,5.43,5.49,5.48,5.27,5.3,5.32,,,
2004/03/18,5.25,,5.25,5.43,5.49,5.49,5.27,5.3025,5.3275,,,
2004/03/19,5.25,,5.25,5.43,5.49,5.5,5.27,5.3075,5.3375,,,
2004/03/22,5.25,,5.25,5.44,5.485,5.47,5.27,5.305,5.3225,,,
2004/03/23,5.25,,5.25,5.44,5.48,5.47,5.27,5.29,5.315,,,
2004/03/24,5.25,,5.25,5.43,5.48,5.47,5.2675,5.285,5.31,,,
2004/03/25,5.25,,5.25,5.43,5.49,5.47,5.27,5.2975,5.3275,,,
2004/03/26,5.25,,5.25,5.44,5.49,5.49,5.2725,5.3,5.34,,,
2004/03/29,5.25,,5.25,5.49,5.51,5.52,5.2775,5.315,5.36,,,
2004/03/30,5.25,,5.25,5.47,5.53,5.53,5.275,5.32,5.365,,,
2004/03/31,5.25,,5.25,5.46,5.52,5.53,5.28,5.325,5.36,,,
2004/04/01,5.25,,5.25,5.45,5.51,5.51,5.275,5.31,5.345,,,
2004/04/02,5.25,,5.25,5.45,5.52,5.52,5.2725,5.31,5.355,,,
2004/04/05,5.25,,5.25,5.48,5.55,5.59,5.285,5.3475,5.415,,,
2004/04/06,5.25,,5.25,5.47,5.54,5.58,5.28,5.335,5.395,,,
2004/04/07,5.25,,5.25,5.44,5.52,5.55,5.265,5.3,5.36,,,
2004/04/08,5.25,,5.25,5.44,5.54,5.57,5.2675,5.3225,5.39,,,
2004/04/13,5.25,,5.25,5.46,5.54,5.58,5.2775,5.3325,5.395,,,
2004/04/14,5.25,,5.25,5.45,5.55,5.59,5.2825,5.3325,5.4125,,,
2004/04/15,5.25,,5.25,5.44,5.53,5.59,5.2775,5.33,5.405,,,
2004/04/16,5.25,,5.25,5.47,5.54,5.6,5.275,5.325,5.395,,,
2004/04/19,5.25,,5.25,5.43,5.51,5.55,5.2725,5.315,5.38,,,
2004/04/20,5.25,,5.25,5.44,5.52,5.57,5.275,5.32,5.385,,,
2004/04/21,5.25,,5.25,5.46,5.54,5.59,5.2825,5.335,5.4125,,,
2004/04/22,5.25,,5.25,5.45,5.53,5.57,5.275,5.325,5.4,,,
2004/04/23,5.25,,5.25,5.44,5.51,5.57,5.275,5.315,5.3925,,,
2004/04/26,5.25,,5.26,5.44,5.51,5.57,5.275,5.315,5.3925,,,
2004/04/27,5.25,,5.25,5.45,5.54,5.61,5.285,5.34,5.4325,,,
2004/04/28,5.25,,5.26,5.45,5.56,5.63,5.285,5.3575,5.455,,,
2004/04/29,5.25,,5.25,5.45,5.57,5.65,5.3025,5.37,5.4825,,,
2004/04/30,5.25,,5.25,5.46,5.57,5.67,5.3075,5.3925,5.5075,,,
2004/05/03,5.25,,5.25,5.47,5.59,5.67,5.31,5.395,5.51,,,
2004/05/04,5.25,,5.25,5.48,5.59,5.68,5.315,5.395,5.51,,,
2004/05/05,5.25,,5.25,5.44,5.56,5.65,5.2725,5.3575,5.47,,,
2004/05/06,5.25,,5.25,5.44,5.57,5.67,5.2775,5.3675,5.485,,,
2004/05/07,5.25,,5.25,5.43,5.53,5.59,5.2725,5.3225,5.4125,,,
2004/05/10,5.25,,5.25,5.44,5.49,5.59,5.27,5.3175,5.41,,,
2004/05/11,5.25,,5.25,5.43,5.5,5.57,5.27,5.31,5.39,,,
2004/05/12,5.25,,5.25,5.43,5.49,5.55,5.2725,5.305,5.3825,,,
2004/05/13,5.25,,5.25,5.45,5.51,5.57,5.2725,5.3225,5.4075,,,
2004/05/14,5.25,,5.25,5.47,5.53,5.59,5.2775,5.3225,5.425,,,
2004/05/17,5.25,,5.25,5.44,5.5,5.57,5.2725,5.3075,5.3825,,,
2004/05/18,5.25,,5.25,5.44,5.49,5.565,5.27,5.3135,5.39,,,
2004/05/19,5.25,,5.25,5.44,5.5,5.57,5.275,5.3225,5.405,,,
2004/05/20,5.25,,5.25,5.43,5.49,5.56,5.275,5.32,5.405,,,
2004/05/21,5.25,,5.25,5.43,5.48,5.56,5.2725,5.3125,5.395,,,
2004/05/24,5.25,,5.25,5.44,5.49,5.58,5.2725,5.32,5.415,,,
2004/05/25,5.25,,5.25,5.43,5.48,5.58,5.2725,5.3125,5.4025,,,
2004/05/26,5.25,,5.25,5.43,5.48,5.58,5.27,5.31,5.3925,,,
2004/05/27,5.25,,5.25,5.43,5.48,5.58,5.2675,5.3075,5.375,,,
2004/05/28,5.25,,5.25,5.43,5.48,5.56,5.2675,5.3075,5.375,,,
2004/05/31,5.25,,5.25,5.44,5.49,5.57,5.275,5.3175,5.385,,,
2004/06/01,5.25,,5.25,5.44,5.49,5.57,5.275,5.325,5.3925,,,
2004/06/02,5.25,,5.25,5.44,5.49,5.56,5.2615,5.3025,5.3625,,,
2004/06/03,5.25,,5.25,5.43,5.47,5.5,5.265,5.295,5.3275,,,
2004/06/04,5.25,,5.25,5.44,5.48,5.52,5.26,5.2925,5.3425,,,
2004/06/07,5.25,,5.25,5.44,5.49,5.55,5.2625,5.2965,5.3615,,,
2004/06/08,5.25,,5.25,5.44,5.49,5.54,5.2625,5.2975,5.3525,,,
2004/06/09,5.25,,5.25,5.44,5.49,5.54,5.265,5.299,5.3625,,,
2004/06/10,5.25,,5.25,5.45,5.51,5.56,5.265,5.305,5.37,,,
2004/06/11,5.25,,5.25,5.46,5.51,5.59,5.2665,5.3155,5.3885,,,
2004/06/15,5.25,,5.25,5.44,5.51,5.58,5.2675,5.3175,5.395,,,
2004/06/16,5.25,,5.25,5.44,5.5,5.55,5.2675,5.3025,5.36,,,
2004/06/17,5.25,,5.25,5.44,5.49,5.54,5.2675,5.3025,5.36,,,
2004/06/18,5.25,,5.25,5.43,5.48,5.53,5.265,5.2975,5.35,,,
2004/06/21,5.25,,5.25,5.43,5.48,5.54,5.265,5.3025,5.3685,,,
2004/06/22,5.25,,5.25,5.43,5.48,5.54,5.265,5.301,5.3625,,,
2004/06/23,5.25,,5.25,5.43,5.48,5.54,5.2675,5.3025,5.3725,,,
2004/06/24,5.25,,5.25,5.43,5.48,5.54,5.265,5.2975,5.3625,,,
2004/06/25,5.25,,5.25,5.42,5.47,5.53,5.265,5.295,5.3565,,,
2004/06/28,5.25,,5.25,5.43,5.48,5.53,5.2675,5.2985,5.3575,,,
2004/06/29,5.25,,5.25,5.44,5.48,5.54,5.2675,5.305,5.3725,,,
2004/06/30,5.25,,5.25,5.44,5.5,5.57,5.27,5.32,5.3975,,,
2004/07/01,5.25,,5.25,5.45,5.49,5.58,5.2675,5.3225,5.415,,,
2004/07/02,5.25,,5.25,5.44,5.49,5.59,5.2675,5.325,5.4275,,,
2004/07/05,5.25,,5.25,5.44,5.48,5.57,5.2675,5.3125,5.406,,,
2004/07/06,5.25,,5.25,5.44,5.48,5.57,5.276,5.3225,5.4065,,,
2004/07/07,5.25,,5.25,5.43,5.47,5.56,5.2675,5.315,5.4025,,,
2004/07/08,5.25,,5.25,5.42,5.46,5.53,5.265,5.3035,5.365,,,
2004/07/09,5.25,,5.25,5.4,5.45,5.51,5.265,5.3025,5.365,,,
2004/07/12,5.25,,5.25,5.41,5.45,5.51,5.2675,5.2975,5.359,,,
2004/07/13,5.25,,5.25,5.41,5.46,5.53,5.27,5.305,5.3675,,,
2004/07/14,5.25,,5.25,5.4,5.44,5.52,5.2675,5.3,5.3675,,,
2004/07/15,5.25,,5.25,5.4,5.46,5.53,5.27,5.3065,5.3775,,,
2004/07/16,5.25,,5.25,5.41,5.46,5.56,5.2725,5.315,5.4025,,,
2004/07/19,5.25,,5.25,5.4,5.44,5.51,5.265,5.2975,5.3735,,,
2004/07/20,5.25,,5.25,5.4,5.45,5.52,5.27,5.3025,5.3675,,,
2004/07/21,5.25,,5.25,5.41,5.45,5.54,5.27,5.31,5.391,,,
2004/07/22,5.25,,5.25,5.4,5.45,5.52,5.269,5.309,5.385,,,
2004/07/23,5.25,,5.25,5.4,5.45,5.52,5.27,5.3075,5.385,,,
2004/07/26,5.25,,5.25,5.4,5.46,5.53,5.275,5.315,5.3975,,,
2004/07/27,5.25,,5.25,5.4,5.46,5.54,5.2725,5.315,5.395,,,
2004/07/28,5.25,,5.25,5.41,5.47,5.56,5.2735,5.3175,5.4075,,,
2004/07/29,5.25,,5.25,5.41,5.47,5.56,5.275,5.3225,5.41,,,
2004/07/30,5.25,,5.25,5.41,5.48,5.58,5.2825,5.335,5.43,,,
2004/08/02,5.25,,5.25,5.39,5.46,5.56,5.27,5.305,5.395,,,
2004/08/03,5.25,,5.25,5.41,5.46,5.56,5.285,5.3325,5.419,,,
2004/08/04,5.25,,5.25,5.4,5.45,5.54,5.264,5.306,5.3875,,,
2004/08/05,5.25,,5.25,5.4,5.45,5.54,5.2625,5.3075,5.3865,,,
2004/08/06,5.25,,5.25,5.38,5.45,5.53,5.263,5.3025,5.3775,,,
2004/08/09,5.25,,5.25,5.39,5.45,5.5,5.2675,5.305,5.375,,,
2004/08/10,5.25,,5.25,5.39,5.44,5.5,5.2715,5.305,5.3825,,,
2004/08/11,5.25,,5.25,5.39,5.45,5.52,5.2665,5.3075,5.386,,,
2004/08/12,5.25,,5.25,5.39,5.44,5.51,5.265,5.306,5.38,,,
2004/08/13,5.25,,5.25,5.38,5.44,5.5,5.2675,5.304,5.37,,,
2004/08/16,5.25,,5.25,5.39,5.43,5.51,5.2665,5.3065,5.37,,,
2004/08/17,5.25,,5.25,5.39,5.43,5.51,5.266,5.3075,5.379,,,
2004/08/18,5.25,,5.25,5.38,5.43,5.5,5.27,5.3025,5.3675,,,
2004/08/19,5.25,,5.25,5.38,5.43,5.51,5.266,5.3035,5.3725,,,
2004/08/20,5.25,,5.25,5.38,5.42,5.5,5.2675,5.301,5.36,,,
2004/08/23,5.25,,5.25,5.39,5.43,5.51,5.269,5.305,5.3725,,,
2004/08/24,5.25,,5.25,5.39,5.43,5.51,5.27,5.31,5.3835,,,
2004/08/25,5.25,,5.25,5.39,5.43,5.51,5.271,5.31,5.38,,,
2004/08/26,5.25,,5.25,5.39,5.44,5.51,5.2725,5.314,5.3815,,,
2004/08/27,5.25,,5.25,5.39,5.44,5.5,5.2725,5.31,5.37,,,
2004/08/30,5.25,,5.25,5.4,5.44,5.52,5.264,5.305,5.371,,,
2004/08/31,5.25,,5.25,5.4,5.45,5.52,5.2625,5.306,5.3725,,,
2004/09/01,5.25,,5.25,5.39,5.43,5.48,5.2625,5.2975,5.36,,,
2004/09/02,5.25,,5.25,5.39,5.43,5.48,5.2625,5.3,5.35,,,
2004/09/03,5.25,,5.25,5.39,5.44,5.51,5.2625,5.3,5.3575,,,
2004/09/06,5.25,,5.25,5.4,5.45,5.54,5.2625,5.314,5.4,,,
2004/09/07,5.25,,5.25,5.4,5.46,5.55,5.2625,5.315,5.4025,,,
2004/09/08,5.25,,5.25,5.4,5.45,5.54,5.2625,5.3125,5.3925,,,
2004/09/09,5.25,,5.25,5.38,5.4,5.45,5.2575,5.2885,5.3375,,,
2004/09/10,5.25,,5.25,5.38,5.42,5.45,5.26,5.286,5.3325,,,
2004/09/13,5.25,,5.25,5.4,5.41,5.45,5.26,5.29,5.3285,,,
2004/09/14,5.25,,5.25,5.39,5.41,5.45,5.26,5.2875,5.3275,,,
2004/09/15,5.25,,5.25,5.39,5.41,5.45,5.2615,5.2825,5.3225,,,
2004/09/16,5.25,,5.25,5.39,5.41,5.46,5.265,5.29,5.34,,,
2004/09/17,5.25,,5.25,5.38,5.39,5.45,5.26,5.2865,5.3275,,,
2004/09/20,5.25,,5.25,5.38,5.4,5.45,5.261,5.2915,5.3375,,,
2004/09/21,5.25,,5.25,5.38,5.4,5.44,5.26,5.2875,5.329,,,
2004/09/22,5.25,,5.25,5.38,5.4,5.45,5.2615,5.29,5.335,,,
2004/09/23,5.25,,5.25,5.37,5.4,5.45,5.26,5.29,5.335,,,
2004/09/24,5.25,,5.25,5.37,5.41,5.47,5.26,5.294,5.345,,,
2004/09/27,5.25,,5.25,5.37,5.41,5.47,5.261,5.2975,5.35,,,
2004/09/28,5.25,,5.25,5.37,5.41,5.47,5.261,5.2965,5.3425,,,
2004/09/29,5.25,,5.25,5.38,5.42,5.47,5.26,5.296,5.344,,,
2004/09/30,5.25,,5.25,5.38,5.42,5.47,5.26,5.295,5.3465,,,
2004/10/01,5.25,,5.25,5.38,5.42,5.46,5.2625,5.295,5.34,,,
2004/10/04,5.25,,5.25,5.38,5.42,5.46,5.2625,5.295,5.34,,,
2004/10/05,5.25,,5.25,5.38,5.41,5.46,5.264,5.2875,5.3335,,,
2004/10/06,5.25,,5.25,5.38,5.41,5.46,5.2615,5.29,5.3325,,,
2004/10/07,5.25,,5.25,5.39,5.42,5.47,5.265,5.3,5.35,,,
2004/10/08,5.25,,5.25,5.39,5.42,5.47,5.265,5.3,5.351,,,
2004/10/11,5.25,,5.25,5.38,5.41,5.45,5.264,5.29,5.335,,,
2004/10/12,5.25,,5.25,5.38,5.41,5.45,5.264,5.29,5.335,,,
2004/10/13,5.25,,5.25,5.38,5.41,5.46,5.2665,5.2935,5.3375,,,
2004/10/14,5.25,,5.25,5.37,5.4,5.45,5.264,5.2875,5.3275,,,
2004/10/15,5.25,,5.25,5.37,5.4,5.45,5.264,5.286,5.32,,,
2004/10/18,5.25,,5.25,5.36,5.4,5.44,5.265,5.2875,5.3225,,,
2004/10/19,5.25,,5.25,5.36,5.4,5.44,5.2675,5.2915,5.3275,,,
2004/10/20,5.25,,5.25,5.36,5.4,5.44,5.263,5.2885,5.325,,,
2004/10/21,5.25,,5.25,5.36,5.4,5.44,5.264,5.29,5.324,,,
2004/10/22,5.25,,5.25,5.36,5.41,5.45,5.265,5.2925,5.3335,,,
2004/10/25,5.25,,5.25,5.38,5.41,5.45,5.265,5.294,5.3275,,,
2004/10/26,5.25,,5.25,5.38,5.42,5.45,5.269,5.3,5.345,,,
2004/10/27,5.25,,5.25,5.38,5.41,5.44,5.265,5.2875,5.325,,,
2004/10/28,5.25,,5.25,5.38,5.43,5.47,5.269,5.3,5.345,,,
2004/10/29,5.25,,5.25,5.38,5.43,5.47,5.269,5.3075,5.3625,,,
2004/11/01,5.25,,5.25,5.38,5.43,5.47,5.27,5.305,5.36,,,
2004/11/02,5.25,,5.25,5.38,5.43,5.47,5.2725,5.305,5.365,,,
2004/11/03,5.25,,5.25,5.39,5.43,5.48,5.2625,5.2975,5.3575,,,
2004/11/04,5.25,,5.25,5.39,5.43,5.48,5.2625,5.2985,5.3525,,,
2004/11/05,5.25,,5.25,5.39,5.43,5.48,5.2625,5.3,5.36,,,
2004/11/08,5.25,,5.25,5.4,5.44,5.51,5.2625,5.299,5.3585,,,
2004/11/09,5.25,,5.25,5.4,5.44,5.5,5.265,5.299,5.3575,,,
2004/11/10,5.25,,5.25,5.4,5.44,5.51,5.264,5.3,5.365,,,
2004/11/11,5.25,,5.25,5.41,5.45,5.52,5.27,5.3035,5.3775,,,
2004/11/12,5.25,,5.25,5.4,5.44,5.53,5.2675,5.3125,5.3975,,,
2004/11/15,5.25,,5.25,5.4,5.44,5.53,5.27,5.315,5.3985,,,
2004/11/16,5.25,,5.25,5.41,5.44,5.54,5.274,5.31,5.3975,,,
2004/11/17,5.25,,5.25,5.4,5.43,5.51,5.27,5.3055,5.3865,,,
2004/11/18,5.25,,5.25,5.38,5.41,5.48,5.266,5.3,5.36,,,
2004/11/19,5.25,,5.25,5.39,5.42,5.48,5.265,5.295,5.345,,,
2004/11/22,5.25,,5.25,5.39,5.41,5.49,5.2675,5.295,5.3475,,,
2004/11/23,5.25,,5.25,5.39,5.42,5.49,5.265,5.295,5.3485,,,
2004/11/24,5.25,,5.25,5.39,5.41,5.47,5.266,5.29,5.3325,,,
2004/11/25,5.25,,5.25,5.39,5.4,5.44,5.265,5.29,5.324,,,
2004/11/26,5.25,,5.25,5.39,5.41,5.45,5.2675,5.285,5.32,,,
2004/11/29,5.25,,5.25,5.39,5.41,5.43,5.265,5.2825,5.2875,,,
2004/11/30,5.25,,5.25,5.39,5.4,5.4,5.26,5.27,5.2675,,,
2004/12/01,5.25,,5.25,5.39,5.39,5.38,5.26,5.271,5.255,,,
2004/12/02,5.25,,5.25,5.39,5.39,5.38,5.265,5.28,5.2725,,,
2004/12/03,5.25,,5.25,5.39,5.4,5.4,5.2625,5.28,5.27,,,
2004/12/06,5.25,,5.25,5.39,5.4,5.38,5.26,5.27,5.264,,,
2004/12/07,5.25,,5.25,5.39,5.4,5.38,5.2575,5.2735,5.259,,,
2004/12/08,5.25,,5.25,5.39,5.39,5.39,5.261,5.2715,5.26,,,
2004/12/09,5.25,,5.25,5.39,5.42,5.43,5.26,5.284,5.294,,,
2004/12/10,5.25,,5.25,5.39,5.42,5.43,5.26,5.2825,5.3,,,
2004/12/13,5.25,,5.25,5.39,5.42,5.45,5.26,5.2825,5.3125,,,
2004/12/14,5.25,,5.25,5.39,5.42,5.44,5.265,5.285,5.3075,,,
2004/12/15,5.25,,5.25,5.39,5.41,5.42,5.2565,5.28,5.294,,,
2004/12/16,5.25,,5.25,5.39,5.41,5.4,5.2565,5.275,5.275,,,
2004/12/17,5.25,,5.25,5.39,5.41,5.42,5.255,5.2775,5.28,,,
2004/12/20,5.25,,5.25,5.39,5.41,5.42,5.2565,5.2775,5.2925,,,
2004/12/21,5.25,,5.25,5.4,5.41,5.42,5.26,5.28,5.3,,,
2004/12/22,5.25,,5.25,5.4,5.41,5.42,5.26,5.285,5.315,,,
2004/12/23,5.25,,5.25,5.4,5.42,5.44,5.26,5.285,5.3075,,,
2004/12/24,5.25,,5.25,5.4,5.42,5.44,5.26,5.285,5.3,,,
2004/12/29,5.25,,5.25,5.41,5.43,5.46,5.265,5.2875,5.325,,,
2004/12/30,5.25,,5.25,5.41,5.43,5.47,5.261,5.2875,5.3225,,,
2004/12/31,5.25,,5.25,5.41,5.43,5.47,5.26,5.28,5.315,,,
2005/01/04,5.25,,5.25,5.4,5.43,5.47,5.264,5.2825,5.329,,,
2005/01/05,5.25,,5.25,5.4,5.43,5.47,5.265,5.285,5.33,,,
2005/01/06,5.25,,5.25,5.39,5.42,5.46,5.2625,5.28,5.32,,,
2005/01/07,5.25,,5.25,5.39,5.42,5.46,5.2625,5.279,5.3175,,,
2005/01/10,5.25,,5.25,5.39,5.42,5.45,5.264,5.281,5.315,,,
2005/01/11,5.25,,5.25,5.39,5.41,5.44,5.264,5.281,5.31,,,
2005/01/12,5.25,,5.25,5.39,5.41,5.44,5.2625,5.28,5.3025,,,
2005/01/13,5.25,,5.25,5.39,5.42,5.44,5.261,5.28,5.3125,,,
2005/01/14,5.25,,5.25,5.38,5.4,5.42,5.26,5.2775,5.3,,,
2005/01/17,5.25,,5.25,5.38,5.41,5.43,5.26,5.28,5.3,,,
2005/01/18,5.25,,5.25,5.39,5.42,5.45,5.26,5.28,5.309,,,
2005/01/19,5.25,,5.25,5.38,5.41,5.44,5.261,5.2845,5.321,,,
2005/01/20,5.25,,5.25,5.38,5.41,5.43,5.2625,5.285,5.315,,,
2005/01/21,5.25,,5.25,5.38,5.41,5.44,5.2625,5.284,5.32,,,
2005/01/24,5.25,,5.25,5.39,5.41,5.44,5.265,5.289,5.3275,,,
2005/01/25,5.25,,5.25,5.39,5.43,5.48,5.275,5.31,5.3715,,,
2005/01/27,5.25,,5.25,5.4,5.45,5.51,5.275,5.3215,5.4,,,
2005/01/28,5.25,,5.25,5.4,5.45,5.53,5.285,5.334,5.415,,,
2005/01/31,5.25,,5.25,5.41,5.48,5.58,5.29,5.3565,5.45,,,
2005/02/01,5.25,,5.25,5.41,5.48,5.57,5.286,5.3565,5.4375,,,
2005/02/02,5.25,,5.25,5.4,5.47,5.55,5.265,5.3375,5.425,,,
2005/02/03,5.25,,5.25,5.4,5.48,5.58,5.265,5.345,5.4385,,,
2005/02/04,5.25,,5.25,5.4,5.48,5.58,5.27,5.34,5.425,,,
2005/02/07,5.25,,5.25,5.43,5.51,5.65,5.2815,5.385,5.5225,,,
2005/02/08,5.25,,5.25,5.42,5.54,5.68,5.295,5.406,5.54,,,
2005/02/09,5.25,,5.25,5.43,5.56,5.68,5.3025,5.4175,5.5425,,,
2005/02/10,5.25,,5.25,5.45,5.62,5.75,5.32,5.49,5.625,,,
2005/02/11,5.25,,5.25,5.45,5.63,5.77,5.3475,5.5215,5.64,,,
2005/02/14,5.25,,5.25,5.46,5.66,5.82,5.355,5.53,5.645,,,
2005/02/15,5.25,,5.25,5.46,5.66,5.82,5.365,5.54,5.6675,,,
2005/02/16,5.25,,5.25,5.51,5.68,5.82,5.37,5.535,5.645,,,
2005/02/17,5.25,,5.25,5.51,5.68,5.82,5.3775,5.54,5.6575,,,
2005/02/18,5.25,,5.25,5.49,5.67,5.8,5.38,5.52,5.6375,,,
2005/02/21,5.25,,5.25,5.52,5.71,5.84,5.4225,5.565,5.6775,,,
2005/02/22,5.25,,5.25,5.54,5.73,5.84,5.4275,5.57,5.6875,,,
2005/02/23,5.25,,5.25,5.54,5.73,5.84,5.431,5.5775,5.6825,,,
2005/02/24,5.25,,5.25,5.54,5.72,5.83,5.44,5.574,5.68,,,
2005/02/25,5.25,,5.25,5.55,5.76,5.85,5.46,5.6,5.7025,,,
2005/02/28,5.25,,5.25,5.59,5.77,5.88,5.4735,5.61,5.711,,,
2005/03/01,5.25,,5.25,5.62,5.76,5.87,5.485,5.6125,5.71,,,
2005/03/02,5.5,0.25,5.5,5.61,5.75,5.84,5.5125,5.62,5.7125,,,
2005/03/03,5.5,,5.5,5.62,5.75,5.87,5.511,5.614,5.71,,,
2005/03/04,5.5,,5.5,5.62,5.73,5.84,5.515,5.6165,5.7125,,,
2005/03/07,5.5,,5.5,5.62,5.74,5.84,5.52,5.616,5.71,,,
2005/03/08,5.5,,5.5,5.63,5.75,5.86,5.525,5.6285,5.72,,,
2005/03/09,5.5,,5.5,5.63,5.75,5.85,5.53,5.6275,5.7285,,,
2005/03/10,5.5,,5.5,5.66,5.8,5.9,5.535,5.665,5.765,,,
2005/03/11,5.5,,5.5,5.66,5.81,5.91,5.547,5.674,5.77,,,
2005/03/14,5.5,,5.5,5.65,5.82,5.91,5.555,5.68,5.775,,,
2005/03/15,5.5,,5.5,5.64,5.82,5.92,5.565,5.6775,5.775,,,
2005/03/16,5.5,,5.5,5.68,5.83,5.93,5.5675,5.68,5.7775,,,
2005/03/17,5.5,,5.5,5.67,5.83,5.92,5.57,5.686,5.775,,,
2005/03/18,5.5,,5.5,5.67,5.81,5.92,5.586,5.695,5.7925,,,
2005/03/21,5.5,,5.5,5.69,5.83,5.93,5.6,5.71,5.8025,,,
2005/03/22,5.5,,5.5,5.71,5.85,5.96,5.615,5.7175,5.8225,,,
2005/03/23,5.5,,5.5,5.74,5.86,5.97,5.625,5.73,5.8375,,,
2005/03/24,5.5,,5.5,5.76,5.85,5.97,5.6425,5.735,5.8375,,,
2005/03/29,5.5,,5.5,5.77,5.89,5.99,5.6525,5.7525,5.85,,,
2005/03/30,5.5,,5.5,5.8,5.92,5.99,5.66,5.7525,5.8525,,,
2005/03/31,5.5,,5.5,5.82,5.92,5.99,5.6625,5.749,5.8425,,,
2005/04/01,5.5,,5.5,5.75,5.84,5.94,5.6235,5.7025,5.7875,,,
2005/04/04,5.5,,5.5,5.78,5.87,5.95,5.6235,5.704,5.79,,,
2005/04/05,5.5,,5.5,5.77,5.85,5.91,5.63,5.701,5.78,,,
2005/04/06,5.5,,5.5,5.63,5.75,5.82,5.5225,5.5925,5.6625,,,
2005/04/07,5.5,,5.5,5.65,5.78,5.86,5.53,5.6225,5.7125,,,
2005/04/08,5.5,,5.5,5.65,5.77,5.85,5.535,5.6325,5.7125,,,
2005/04/11,5.5,,5.5,5.68,5.77,5.85,5.54,5.631,5.714,,,
2005/04/12,5.5,,5.5,5.67,5.77,5.85,5.54,5.625,5.7025,,,
2005/04/13,5.5,,5.5,5.66,5.75,5.84,5.5425,5.611,5.685,,,
2005/04/14,5.5,,5.5,5.65,5.73,5.79,5.545,5.6,5.66,,,
2005/04/15,5.5,,5.5,5.64,5.73,5.78,5.5425,5.59,5.64,,,
2005/04/18,5.5,,5.5,5.66,5.73,5.76,5.54,5.5875,5.635,,,
2005/04/19,5.5,,5.5,5.66,5.72,5.76,5.545,5.5925,5.6475,,,
2005/04/20,5.5,,5.5,5.65,5.72,5.76,5.54,5.5825,5.63,,,
2005/04/21,5.5,,5.5,5.66,5.71,5.77,5.54,5.58,5.63,,,
2005/04/22,5.5,,5.5,5.66,5.73,5.78,5.55,5.5975,5.646,,,
2005/04/26,5.5,,5.5,5.66,5.73,5.75,5.54,5.58,5.625,,,
2005/04/27,5.5,,5.5,5.65,5.71,5.74,5.529,5.5615,5.604,,,
2005/04/28,5.5,,5.5,5.66,5.71,5.74,5.5275,5.5575,5.6,,,
2005/04/29,5.5,,5.5,5.65,5.7,5.74,5.524,5.5575,5.5985,,,
2005/05/02,5.5,,5.5,5.66,5.71,5.75,5.52,5.5525,5.6,,,
2005/05/03,5.5,,5.5,5.66,5.7,5.73,5.526,5.555,5.595,,,
2005/05/04,5.5,,5.5,5.64,5.69,5.72,5.5125,5.545,5.5825,,,
2005/05/05,5.5,,5.5,5.64,5.68,5.72,5.5125,5.5465,5.5885,,,
2005/05/06,5.5,,5.5,5.63,5.67,5.71,5.5125,5.5425,5.5765,,,
2005/05/09,5.5,,5.5,5.64,5.68,5.72,5.514,5.55,5.5925,,,
2005/05/10,5.5,,5.5,5.64,5.69,5.72,5.514,5.546,5.59,,,
2005/05/11,5.5,,5.5,5.64,5.69,5.72,5.515,5.5475,5.585,,,
2005/05/12,5.5,,5.5,5.64,5.68,5.72,5.515,5.5475,5.589,,,
2005/05/13,5.5,,5.5,5.63,5.68,5.72,5.516,5.5425,5.585,,,
2005/05/16,5.5,,5.5,5.63,5.67,5.71,5.515,5.544,5.58,,,
2005/05/17,5.5,,5.5,5.63,5.67,5.71,5.514,5.5465,5.579,,,
2005/05/18,5.5,,5.5,5.62,5.66,5.71,5.516,5.545,5.59,,,
2005/05/19,5.5,,5.5,5.62,5.67,5.72,5.515,5.5485,5.595,,,
2005/05/20,5.5,,5.5,5.63,5.68,5.74,5.5175,5.5565,5.6165,,,
2005/05/23,5.5,,5.5,5.63,5.68,5.74,5.5185,5.56,5.6275,,,
2005/05/24,5.5,,5.5,5.63,5.68,5.74,5.5175,5.559,5.6125,,,
2005/05/25,5.5,,5.5,5.63,5.67,5.74,5.515,5.555,5.6,,,
2005/05/26,5.5,,5.5,5.63,5.68,5.73,5.515,5.556,5.6025,,,
2005/05/27,5.5,,5.5,5.63,5.68,5.73,5.515,5.555,5.6,,,
2005/05/30,5.5,,5.5,5.63,5.67,5.72,5.516,5.5475,5.58,,,
2005/05/31,5.5,,5.5,5.62,5.67,5.7,5.5125,5.5435,5.57,,,
2005/06/01,5.5,,5.5,5.63,5.67,5.69,5.5125,5.5435,5.57,,,
2005/06/02,5.5,,5.5,5.63,5.67,5.68,5.5125,5.5375,5.555,,,
2005/06/03,5.5,,5.5,5.57,5.64,5.68,5.515,5.534,5.5475,,,
2005/06/06,5.5,,5.5,5.63,5.66,5.68,5.5125,5.536,5.554,,,
2005/06/07,5.5,,5.5,5.62,5.67,5.68,5.5125,5.535,5.549,,,
2005/06/08,5.5,,5.5,5.61,5.66,5.68,5.5125,5.535,5.545,,,
2005/06/09,5.5,,5.5,5.62,5.67,5.69,5.5125,5.535,5.56,,,
2005/06/10,5.5,,5.5,5.63,5.66,5.69,5.5125,5.5375,5.5625,,,
2005/06/14,5.5,,5.5,5.63,5.67,5.7,5.514,5.5385,5.5725,,,
2005/06/15,5.5,,5.5,5.63,5.68,5.72,5.514,5.5415,5.5825,,,
2005/06/16,5.5,,5.5,5.63,5.67,5.72,5.514,5.541,5.585,,,
2005/06/17,5.5,,5.5,5.62,5.66,5.7,5.5125,5.5425,5.58,,,
2005/06/20,5.5,,5.5,5.62,5.66,5.7,5.515,5.54,5.5825,,,
2005/06/21,5.5,,5.5,5.62,5.66,5.71,5.515,5.5425,5.584,,,
2005/06/22,5.5,,5.5,5.62,5.66,5.71,5.515,5.5385,5.58,,,
2005/06/23,5.5,,5.5,5.62,5.65,5.69,5.5125,5.535,5.56,,,
2005/06/24,5.5,,5.5,5.62,5.65,5.69,5.51,5.5325,5.5535,,,
2005/06/27,5.5,,5.5,5.62,5.65,5.68,5.509,5.53,5.545,,,
2005/06/28,5.5,,5.5,5.62,5.65,5.68,5.5115,5.5275,5.549,,,
2005/06/29,5.5,,5.5,5.62,5.65,5.68,5.511,5.5335,5.55,,,
2005/06/30,5.5,,5.5,5.62,5.66,5.69,5.5075,5.53,5.5475,,,
2005/07/01,5.5,,5.5,5.62,5.65,5.68,5.5135,5.53,5.55,,,
2005/07/04,5.5,,5.5,5.61,5.65,5.68,5.511,5.535,5.565,,,
2005/07/05,5.5,,5.5,5.61,5.65,5.68,5.51,5.535,5.56,,,
2005/07/06,5.5,,5.5,5.62,5.65,5.68,5.511,5.5335,5.56,,,
2005/07/07,5.5,,5.5,5.63,5.66,5.7,5.511,5.5415,5.5825,,,
2005/07/08,5.5,,5.5,5.63,5.65,5.69,5.5135,5.5335,5.561,,,
2005/07/11,5.5,,5.5,5.62,5.65,5.69,5.5135,5.5325,5.57,,,
2005/07/12,5.5,,5.5,5.62,5.65,5.69,5.51,5.5375,5.5775,,,
2005/07/13,5.5,,5.5,5.62,5.66,5.71,5.5125,5.5425,5.5885,,,
2005/07/14,5.5,,5.5,5.62,5.65,5.7,5.511,5.54,5.5865,,,
2005/07/15,5.5,,5.5,5.62,5.64,5.69,5.5135,5.5375,5.5735,,,
2005/07/18,5.5,,5.5,5.61,5.65,5.69,5.5125,5.536,5.579,,,
2005/07/19,5.5,,5.5,5.61,5.65,5.7,5.514,5.536,5.58,,,
2005/07/20,5.5,,5.5,5.6,5.64,5.69,5.514,5.535,5.5675,,,
2005/07/21,5.5,,5.5,5.6,5.64,5.69,5.514,5.535,5.5725,,,
2005/07/22,5.5,,5.5,5.61,5.65,5.7,5.514,5.54,5.5825,,,
2005/07/25,5.5,,5.5,5.61,5.65,5.69,5.514,5.536,5.574,,,
2005/07/26,5.5,,5.5,5.61,5.65,5.68,5.5135,5.534,5.5665,,,
2005/07/27,5.5,,5.5,5.6,5.64,5.67,5.5115,5.531,5.555,,,
2005/07/28,5.5,,5.5,5.6,5.64,5.67,5.5115,5.5335,5.5575,,,
2005/07/29,5.5,,5.5,5.6,5.64,5.67,5.51,5.53,5.55,,,
2005/08/01,5.5,,5.5,5.62,5.65,5.69,5.51,5.53,5.55,,,
2005/08/02,5.5,,5.5,5.61,5.65,5.69,5.51,5.54,5.58,,,
2005/08/03,5.5,,5.5,5.61,5.65,5.71,5.51,5.54,5.58,,,
2005/08/04,5.5,,5.5,5.6,5.64,5.69,5.51,5.54,5.58,,,
2005/08/05,5.5,,5.5,5.6,5.64,5.7,5.51,5.54,5.59,,,
2005/08/08,5.5,,5.5,5.6,5.64,5.68,5.51,5.54,5.57,,,
2005/08/09,5.5,,5.5,5.59,5.63,5.66,5.51,5.53,5.56,,,
2005/08/10,5.5,,5.5,5.59,5.63,5.66,5.51,5.53,5.55,,,
2005/08/11,5.5,,5.5,5.59,5.63,5.66,5.51,5.54,5.57,,,
2005/08/12,5.5,,5.5,5.58,5.61,5.64,5.51,5.53,5.56,,,
2005/08/15,5.5,,5.5,5.57,5.62,5.65,5.51,5.53,5.55,,,
2005/08/16,5.5,,5.5,5.58,5.62,5.65,5.51,5.53,5.55,,,
2005/08/17,5.5,,5.5,5.57,5.61,5.64,5.51,5.53,5.54,,,
2005/08/18,5.5,,5.5,5.58,5.62,5.65,5.51,5.53,5.55,,,
2005/08/19,5.5,,5.5,5.58,5.62,5.65,5.51,5.53,5.55,,,
2005/08/22,5.5,,5.5,5.57,5.61,5.64,5.51,5.53,5.55,,,
2005/08/23,5.5,,5.5,5.57,5.61,5.64,5.51,5.53,5.55,,,
2005/08/24,5.5,,5.5,5.57,5.61,5.64,5.51,5.53,5.55,,,
2005/08/25,5.5,,5.5,5.57,5.61,5.64,5.51,5.53,5.55,,,
2005/08/26,5.5,,5.5,5.57,5.6,5.63,5.51,5.53,5.54,,,
2005/08/29,5.5,,5.5,5.58,5.6,5.63,5.51,5.52,5.53,,,
2005/08/30,5.5,,5.5,5.58,5.61,5.63,5.51,5.53,5.54,,,
2005/08/31,5.5,,5.5,5.59,5.61,5.61,5.51,5.52,5.52,,,
2005/09/01,5.5,,5.5,5.57,5.6,5.61,5.5065,5.51,5.5125,,,
2005/09/02,5.5,,5.5,5.58,5.58,5.57,5.5075,5.5025,5.475,,,
2005/09/05,5.5,,5.5,5.58,5.58,5.58,5.505,5.5025,5.49,,,
2005/09/06,5.5,,5.5,5.58,5.58,5.58,5.505,5.509,5.496,,,
2005/09/07,5.5,,5.5,5.6,5.62,5.62,5.5075,5.5225,5.53,,,
2005/09/08,5.5,,5.5,5.61,5.62,5.62,5.51,5.5265,5.5415,,,
2005/09/09,5.5,,5.5,5.61,5.62,5.63,5.5075,5.5285,5.5475,,,
2005/09/12,5.5,,5.5,5.61,5.61,5.63,5.51,5.529,5.5575,,,
2005/09/13,5.5,,5.5,5.61,5.63,5.64,5.5075,5.5275,5.556,,,
2005/09/14,5.5,,5.5,5.61,5.63,5.64,5.5075,5.525,5.551,,,
2005/09/15,5.5,,5.5,5.61,5.63,5.64,5.51,5.526,5.5525,,,
2005/09/16,5.5,,5.5,5.61,5.62,5.64,5.5075,5.5275,5.559,,,
2005/09/19,5.5,,5.5,5.59,5.62,5.67,5.51,5.531,5.57,,,
2005/09/20,5.5,,5.5,5.59,5.63,5.66,5.5105,5.526,5.5635,,,
2005/09/21,5.5,,5.5,5.58,5.62,5.65,5.51,5.5275,5.5625,,,
2005/09/22,5.5,,5.5,5.57,5.61,5.65,5.51,5.5265,5.549,,,
2005/09/23,5.5,,5.5,5.57,5.61,5.65,5.51,5.5285,5.556,,,
2005/09/26,5.5,,5.5,5.59,5.62,5.66,5.5125,5.534,5.5725,,,
2005/09/27,5.5,,5.5,5.61,5.64,5.69,5.511,5.535,5.5825,,,
2005/09/28,5.5,,5.5,5.6,5.64,5.67,5.5125,5.5375,5.5875,,,
2005/09/29,5.5,,5.5,5.62,5.64,5.68,5.511,5.5365,5.58,,,
2005/09/30,5.5,,5.5,5.62,5.64,5.68,5.515,5.54,5.586,,,
2005/10/03,5.5,,5.5,5.61,5.63,5.67,5.51,5.5385,5.5835,,,
2005/10/04,5.5,,5.5,5.61,5.63,5.67,5.51,5.5395,5.597,,,
2005/10/05,5.5,,5.5,5.61,5.63,5.67,5.5095,5.5375,5.59,,,
2005/10/06,5.5,,5.5,5.595,5.625,5.68,5.5095,5.5335,5.582,,,
2005/10/07,5.5,,5.5,5.59,5.62,5.68,5.51,5.535,5.592,,,
2005/10/10,5.5,,5.5,5.57,5.62,5.69,5.51,5.535,5.595,,,
2005/10/11,5.5,,5.5,5.57,5.625,5.69,5.51,5.535,5.5925,,,
2005/10/12,5.5,,5.5,5.58,5.63,5.71,5.511,5.5435,5.616,,,
2005/10/13,5.5,,5.5,5.59,5.63,5.705,5.5125,5.54,5.605,,,
2005/10/14,5.5,,5.5,5.59,5.63,5.71,5.51,5.547,5.612,,,
2005/10/17,5.5,,5.5,5.59,5.635,5.71,5.5125,5.5445,5.6075,,,
2005/10/18,5.5,,5.5,5.59,5.63,5.71,5.5125,5.545,5.607,,,
2005/10/19,5.5,,5.5,5.59,5.625,5.7,5.512,5.5395,5.596,,,
2005/10/20,5.5,,5.5,5.59,5.625,5.7,5.511,5.542,5.595,,,
2005/10/21,5.5,,5.5,5.59,5.635,5.7,5.5125,5.5395,5.591,,,
2005/10/24,5.5,,5.5,5.59,5.64,5.71,5.51,5.545,5.595,,,
2005/10/25,5.5,,5.5,5.6,5.65,5.72,5.51,5.5485,5.621,,,
2005/10/26,5.5,,5.5,5.61,5.64,5.71,5.5125,5.5435,5.605,,,
2005/10/27,5.5,,5.5,5.61,5.64,5.71,5.5125,5.542,5.595,,,
2005/10/28,5.5,,5.5,5.6,5.645,5.68,5.5125,5.5385,5.58,,,
2005/10/31,5.5,,5.5,5.61,5.65,5.7,5.51,5.5385,5.58,,,
2005/11/01,5.5,,5.5,5.605,5.64,5.69,5.51,5.537,5.585,,,
2005/11/02,5.5,,5.5,5.6,5.64,5.69,5.511,5.5385,5.58,,,
2005/11/03,5.5,,5.5,5.59,5.635,5.69,5.51,5.54,5.585,,,
2005/11/04,5.5,,5.5,5.595,5.635,5.7,5.51,5.54,5.58,,,
2005/11/07,5.5,,5.5,5.605,5.64,5.7,5.511,5.5385,5.591,,,
2005/11/08,5.5,,5.5,5.595,5.635,5.695,5.5085,5.537,5.592,,,
2005/11/09,5.5,,5.5,5.605,5.635,5.69,5.51,5.5375,5.592,,,
2005/11/10,5.5,,5.5,5.595,5.63,5.7,5.5095,5.5375,5.5795,,,
2005/11/11,5.5,,5.5,5.6,5.625,5.67,5.51,5.537,5.576,,,
2005/11/14,5.5,,5.5,5.6,5.625,5.68,5.511,5.5375,5.572,,,
2005/11/15,5.5,,5.5,5.6,5.63,5.68,5.512,5.5375,5.577,,,
2005/11/16,5.5,,5.5,5.59,5.625,5.66,5.511,5.536,5.57,,,
2005/11/17,5.5,,5.5,5.59,5.625,5.66,5.511,5.535,5.565,,,
2005/11/18,5.5,,5.5,5.59,5.625,5.66,5.5095,5.5345,5.565,,,
2005/11/21,5.5,,5.5,5.58,5.62,5.66,5.5095,5.5345,5.5685,,,
2005/11/22,5.5,,5.5,5.58,5.62,5.66,5.511,5.5335,5.5695,,,
2005/11/23,5.5,,5.5,5.58,5.615,5.655,5.511,5.5335,5.5575,,,
2005/11/24,5.5,,5.5,5.58,5.62,5.65,5.511,5.5345,5.56,,,
2005/11/25,5.5,,5.5,5.58,5.62,5.65,5.51,5.5335,5.5575,,,
2005/11/28,5.5,,5.5,5.59,5.625,5.65,5.511,5.5335,5.5575,,,
2005/11/29,5.5,,5.5,5.6,5.625,5.65,5.512,5.5325,5.555,,,
2005/11/30,5.5,,5.5,5.59,5.62,5.66,5.51,5.5285,5.557,,,
2005/12/01,5.5,,5.5,5.585,5.615,5.65,5.51,5.5325,5.5545,,,
2005/12/02,5.5,,5.5,5.59,5.62,5.65,5.51,5.5295,5.5505,,,
2005/12/05,5.5,,5.5,5.6,5.62,5.66,5.51,5.5285,5.555,,,
2005/12/06,5.5,,5.5,5.605,5.63,5.68,5.5095,5.5345,5.5775,,,
2005/12/07,5.5,,5.5,5.615,5.625,5.67,5.5095,5.535,5.577,,,
2005/12/08,5.5,,5.5,5.61,5.635,5.7,5.511,5.545,5.6125,,,
2005/12/09,5.5,,5.5,5.61,5.635,5.7,5.511,5.541,5.6,,,
2005/12/12,5.5,,5.5,5.62,5.635,5.71,5.5125,5.5435,5.6085,,,
2005/12/13,5.5,,5.5,5.615,5.635,5.71,5.513,5.5435,5.612,,,
2005/12/14,5.5,,5.5,5.62,5.645,5.71,5.5125,5.542,5.61,,,
2005/12/15,5.5,,5.5,5.62,5.645,5.7,5.5125,5.541,5.5875,,,
2005/12/16,5.5,,5.5,5.61,5.635,5.69,5.511,5.5395,5.585,,,
2005/12/19,5.5,,5.5,5.61,5.635,5.69,5.511,5.5395,5.5785,,,
2005/12/20,5.5,,5.5,5.6,5.63,5.69,5.51,5.54,5.5825,,,
2005/12/21,5.5,,5.5,5.6,5.635,5.69,5.5085,5.54,5.582,,,
2005/12/22,5.5,,5.5,5.61,5.64,5.69,5.51,5.54,5.58,,,
2005/12/23,5.5,,5.5,5.62,5.64,5.68,5.51,5.54,5.572,,,
2005/12/28,5.5,,5.5,5.62,5.645,5.685,5.51,5.535,5.572,,,
2005/12/29,5.5,,5.5,5.63,5.645,5.69,5.51,5.535,5.575,,,
2005/12/30,5.5,,5.5,5.62,5.64,5.68,5.51,5.536,5.5685,,,
2006/01/03,5.5,,5.5,5.61,5.64,5.69,5.511,5.5385,5.58,,,
2006/01/04,5.5,,5.5,5.61,5.64,5.68,5.511,5.5375,5.57,,,
2006/01/05,5.5,,5.5,5.61,5.635,5.68,5.5125,5.536,5.5675,,,
2006/01/06,5.5,,5.5,5.61,5.63,5.68,5.511,5.536,5.57,,,
2006/01/09,5.5,,5.5,5.6,5.635,5.67,5.515,5.5375,5.5695,,,
2006/01/10,5.5,,5.5,5.59,5.64,5.67,5.515,5.5375,5.5725,,,
2006/01/11,5.5,,5.5,5.59,5.64,5.69,5.515,5.5395,5.582,,,
2006/01/12,5.5,,5.5,5.58,5.64,5.68,5.515,5.5375,5.571,,,
2006/01/13,5.5,,5.5,5.58,5.63,5.67,5.5125,5.5345,5.556,,,
2006/01/16,5.5,,5.5,5.58,5.625,5.66,5.5135,5.5335,5.556,,,
2006/01/17,5.5,,5.5,5.58,5.625,5.66,5.511,5.536,5.56,,,
2006/01/18,5.5,,5.5,5.58,5.625,5.65,5.512,5.5335,5.5485,,,
2006/01/19,5.5,,5.5,5.59,5.625,5.66,5.5125,5.533,5.552,,,
2006/01/20,5.5,,5.5,5.59,5.635,5.66,5.51,5.5335,5.556,,,
2006/01/23,5.5,,5.5,5.58,5.625,5.65,5.511,5.5315,5.542,,,
2006/01/24,5.5,,5.5,5.59,5.62,5.65,5.5125,5.5325,5.546,,,
2006/01/25,5.5,,5.5,5.59,5.63,5.66,5.511,5.5345,5.562,,,
2006/01/27,5.5,,5.5,5.59,5.63,5.67,5.511,5.533,5.562,,,
2006/01/30,5.5,,5.5,5.59,5.63,5.67,5.5095,5.534,5.56,,,
2006/01/31,5.5,,5.5,5.6,5.625,5.66,5.5095,5.535,5.555,,,
2006/02/01,5.5,,5.5,5.585,5.625,5.65,5.5095,5.5335,5.5485,,,
2006/02/02,5.5,,5.5,5.585,5.625,5.66,5.5095,5.5335,5.56,,,
2006/02/03,5.5,,5.5,5.58,5.625,5.655,5.5095,5.5315,5.561,,,
2006/02/06,5.5,,5.5,5.59,5.62,5.65,5.511,5.531,5.552,,,
2006/02/07,5.5,,5.5,5.59,5.625,5.66,5.509,5.5335,5.5645,,,
2006/02/08,5.5,,5.5,5.585,5.615,5.65,5.5095,5.5315,5.5585,,,
2006/02/09,5.5,,5.5,5.585,5.61,5.645,5.511,5.53,5.5425,,,
2006/02/10,5.5,,5.5,5.585,5.615,5.64,5.51,5.527,5.54,,,
2006/02/13,5.5,,5.5,5.585,5.615,5.635,5.51,5.531,5.55,,,
2006/02/14,5.5,,5.5,5.585,5.615,5.64,5.51,5.53,5.5445,,,
2006/02/15,5.5,,5.5,5.59,5.615,5.64,5.508,5.53,5.546,,,
2006/02/16,5.5,,5.5,5.59,5.615,5.64,5.51,5.53,5.5485,,,
2006/02/17,5.5,,5.5,5.58,5.615,5.64,5.51,5.5305,5.55,,,
2006/02/20,5.5,,5.5,5.58,5.605,5.63,5.5085,5.5275,5.5425,,,
2006/02/21,5.5,,5.5,5.58,5.605,5.63,5.508,5.5275,5.546,,,
2006/02/22,5.5,,5.5,5.59,5.605,5.64,5.5075,5.5285,5.547,,,
2006/02/23,5.5,,5.5,5.58,5.6,5.63,5.5085,5.5255,5.55,,,
2006/02/24,5.5,,5.5,5.58,5.605,5.63,5.507,5.526,5.55,,,
2006/02/27,5.5,,5.5,5.59,5.61,5.635,5.507,5.5275,5.556,,,
2006/02/28,5.5,,5.5,5.59,5.605,5.645,5.5095,5.5285,5.556,,,
2006/03/01,5.5,,5.5,5.585,5.605,5.63,5.507,5.526,5.5495,,,
2006/03/02,5.5,,5.5,5.585,5.615,5.635,5.5095,5.5275,5.5535,,,
2006/03/03,5.5,,5.5,5.575,5.61,5.64,5.507,5.5275,5.557,,,
2006/03/06,5.5,,5.5,5.585,5.61,5.65,5.5085,5.5275,5.5645,,,
2006/03/07,5.5,,5.5,5.585,5.61,5.65,5.507,5.5285,5.565,,,
2006/03/08,5.5,,5.5,5.58,5.605,5.645,5.508,5.5275,5.561,,,
2006/03/09,5.5,,5.5,5.58,5.615,5.65,5.508,5.532,5.57,,,
2006/03/10,5.5,,5.5,5.57,5.615,5.65,5.5085,5.532,5.57,,,
2006/03/13,5.5,,5.5,5.57,5.615,5.655,5.511,5.531,5.585,,,
2006/03/14,5.5,,5.5,5.56,5.615,5.65,5.5085,5.53,5.575,,,
2006/03/15,5.5,,5.5,5.565,5.61,5.64,5.5095,5.5295,5.57,,,
2006/03/16,5.5,,5.5,5.57,5.605,5.64,5.507,5.53,5.566,,,
2006/03/17,5.5,,5.5,5.57,5.6,5.64,5.5075,5.53,5.5575,,,
2006/03/20,5.5,,5.5,5.58,5.595,5.64,5.5095,5.5295,5.557,,,
2006/03/21,5.5,,5.5,5.57,5.595,5.635,5.507,5.53,5.558,,,
2006/03/22,5.5,,5.5,5.57,5.595,5.64,5.507,5.53,5.56,,,
2006/03/23,5.5,,5.5,5.57,5.595,5.64,5.5095,5.5295,5.56,,,
2006/03/24,5.5,,5.5,5.57,5.595,5.64,5.5095,5.531,5.557,,,
2006/03/27,5.5,,5.5,5.58,5.595,5.64,5.5085,5.5285,5.5535,,,
2006/03/28,5.5,,5.5,5.59,5.605,5.645,5.506,5.5285,5.556,,,
2006/03/29,5.5,,5.5,5.59,5.605,5.65,5.5085,5.532,5.5635,,,
2006/03/30,5.5,,5.5,5.59,5.61,5.65,5.507,5.53,5.562,,,
2006/03/31,5.5,,5.5,5.58,5.6,5.66,5.51,5.535,5.577,,,
2006/04/03,5.5,,5.5,5.58,5.6,5.655,5.51,5.5335,5.577,,,
2006/04/04,5.5,,5.5,5.575,5.605,5.66,5.51,5.538,5.5885,,,
2006/04/05,5.5,,5.5,5.585,5.62,5.68,5.5175,5.5535,5.611,,,
2006/04/06,5.5,,5.5,5.6,5.67,5.76,5.525,5.5985,5.69,,,
2006/04/07,5.5,,5.5,5.595,5.66,5.77,5.526,5.601,5.6875,,,
2006/04/10,5.5,,5.5,5.6,5.685,5.78,5.5295,5.6145,5.7045,,,
2006/04/11,5.5,,5.5,5.61,5.69,5.795,5.5385,5.626,5.725,,,
2006/04/12,5.5,,5.5,5.6,5.675,5.79,5.5375,5.6075,5.7035,,,
2006/04/13,5.5,,5.5,5.6,5.67,5.8,5.546,5.627,5.726,,,
2006/04/18,5.5,,5.5,5.605,5.685,5.805,5.545,5.6245,5.722,,,
2006/04/19,5.5,,5.5,5.605,5.68,5.785,5.546,5.6115,5.71,,,
2006/04/20,5.5,,5.5,5.605,5.7,5.805,5.5535,5.6235,5.73,,,
2006/04/21,5.5,,5.5,5.615,5.705,5.82,5.5675,5.636,5.7375,,,
2006/04/24,5.5,,5.5,5.63,5.715,5.815,5.5625,5.6285,5.721,,,
2006/04/26,5.5,,5.5,5.66,5.74,5.85,5.58,5.6615,5.767,,,
2006/04/27,5.5,,5.5,5.71,5.79,5.89,5.636,5.72,5.814,,,
2006/04/28,5.5,,5.5,5.715,5.805,5.89,5.645,5.725,5.814,,,
2006/05/01,5.5,,5.5,5.72,5.8,5.91,5.635,5.7025,5.797,,,
2006/05/02,5.5,,5.5,5.71,5.8,5.9,5.643,5.7135,5.806,,,
2006/05/03,5.75,0.25,5.75,5.815,5.88,5.975,5.7635,5.81,5.8925,,,
2006/05/04,5.75,,5.75,5.82,5.88,5.985,5.7625,5.815,5.9025,,,
2006/05/05,5.75,,5.75,5.82,5.875,5.97,5.7625,5.805,5.881,,,
2006/05/08,5.75,,5.75,5.83,5.87,5.955,5.7625,5.801,5.877,,,
2006/05/09,5.75,,5.75,5.82,5.87,5.965,5.7635,5.806,5.887,,,
2006/05/10,5.75,,5.75,5.825,5.88,5.99,5.7645,5.816,5.915,,,
2006/05/11,5.75,,5.75,5.825,5.875,5.985,5.765,5.811,5.907,,,
2006/05/12,5.75,,5.75,5.825,5.875,5.98,5.765,5.81,5.905,,,
2006/05/15,5.75,,5.75,5.83,5.89,5.985,5.766,5.8125,5.906,,,
2006/05/16,5.75,,5.75,5.835,5.89,5.985,5.765,5.8085,5.8985,,,
2006/05/17,5.75,,5.75,5.83,5.885,5.985,5.765,5.81,5.907,,,
2006/05/18,5.75,,5.75,5.83,5.89,5.995,5.7635,5.8135,5.9195,,,
2006/05/19,5.75,,5.75,5.83,5.885,5.99,5.765,5.815,5.91,,,
2006/05/22,5.75,,5.75,5.83,5.88,5.99,5.765,5.811,5.8985,,,
2006/05/23,5.75,,5.75,5.82,5.88,5.98,5.764,5.805,5.891,,,
2006/05/24,5.75,,5.75,5.82,5.875,5.975,5.7625,5.8075,5.8975,,,
2006/05/25,5.75,,5.75,5.82,5.88,5.995,5.7625,5.8145,5.907,,,
2006/05/26,5.75,,5.75,5.83,5.88,5.99,5.765,5.812,5.91,,,
2006/05/29,5.75,,5.75,5.83,5.88,5.99,5.765,5.816,5.9125,,,
2006/05/30,5.75,,5.75,5.84,5.895,6.01,5.7635,5.823,5.925,,,
2006/05/31,5.75,,5.75,5.84,5.89,5.995,5.766,5.8225,5.9175,,,
2006/06/01,5.75,,5.75,5.84,5.9,6.01,5.765,5.8245,5.926,,,
2006/06/02,5.75,,5.75,5.84,5.895,6.01,5.766,5.821,5.9235,,,
2006/06/05,5.75,,5.75,5.84,5.89,5.99,5.7625,5.802,5.881,,,
2006/06/06,5.75,,5.75,5.84,5.9,5.99,5.7625,5.8135,5.8925,,,
2006/06/07,5.75,,5.75,5.835,5.9,5.995,5.7645,5.8145,5.8985,,,
2006/06/08,5.75,,5.75,5.84,5.925,6.05,5.766,5.85,5.951,,,
2006/06/09,5.75,,5.75,5.83,5.93,6.06,5.77,5.8685,5.98,,,
2006/06/13,5.75,,5.75,5.84,5.94,6.065,5.77,5.872,5.977,,,
2006/06/14,5.75,,5.75,5.84,5.945,6.065,5.7695,5.8645,5.9685,,,
2006/06/15,5.75,,5.75,5.85,5.965,6.08,5.771,5.8725,5.977,,,
2006/06/16,5.75,,5.75,5.86,5.98,6.09,5.7685,5.88,5.9895,,,
2006/06/19,5.75,,5.75,5.85,5.98,6.085,5.7685,5.88,5.9925,,,
2006/06/20,5.75,,5.75,5.86,5.98,6.09,5.7725,5.8825,5.991,,,
2006/06/21,5.75,,5.75,5.88,5.985,6.09,5.7745,5.886,5.995,,,
2006/06/22,5.75,,5.75,5.9,6.01,6.12,5.776,5.891,6.002,,,
2006/06/23,5.75,,5.75,5.915,6.03,6.13,5.7775,5.906,6.02,,,
2006/06/26,5.75,,5.75,5.93,6.04,6.125,5.7785,5.9025,6.015,,,
2006/06/27,5.75,,5.75,5.92,6.03,6.125,5.78,5.9025,6.0125,,,
2006/06/28,5.75,,5.75,5.92,6.03,6.125,5.7795,5.9025,6.006,,,
2006/06/29,5.75,,5.75,5.92,6.025,6.125,5.781,5.906,6.0225,,,
2006/06/30,5.75,,5.75,5.87,5.97,6.09,5.7725,5.886,5.99,,,
2006/07/03,5.75,,5.75,5.88,5.97,6.065,5.7735,5.88,5.98,,,
2006/07/04,5.75,,5.75,5.88,5.97,6.07,5.7885,5.8875,5.991,,,
2006/07/05,5.75,,5.75,5.86,5.96,6.07,5.786,5.8875,6,,,
2006/07/06,5.75,,5.75,5.875,5.98,6.1,5.7885,5.9045,6.0195,,,
2006/07/07,5.75,,5.75,5.87,5.96,6.095,5.7935,5.9035,6.025,,,
2006/07/10,5.75,,5.75,5.88,5.96,6.08,5.7945,5.8935,5.997,,,
2006/07/11,5.75,,5.75,5.89,5.98,6.11,5.8135,5.9175,6.031,,,
2006/07/12,5.75,,5.75,5.89,6.01,6.14,5.8245,5.941,6.056,,,
2006/07/13,5.75,,5.75,5.91,6.04,6.185,5.8395,5.9775,6.102,,,
2006/07/14,5.75,,5.75,5.91,6.05,6.185,5.8575,5.98,6.106,,,
2006/07/17,5.75,,5.75,5.965,6.06,6.185,5.864,5.9795,6.11,,,
2006/07/18,5.75,,5.75,5.97,6.075,6.21,5.8785,5.9845,6.1175,,,
2006/07/19,5.75,,5.75,5.98,6.07,6.195,5.8745,5.9775,6.106,,,
2006/07/20,5.75,,5.75,5.975,6.07,6.195,5.8735,5.9775,6.097,,,
2006/07/21,5.75,,5.75,5.98,6.07,6.18,5.8945,5.9825,6.1,,,
2006/07/24,5.75,,5.75,6,6.1,6.23,5.9175,6.01,6.136,,,
2006/07/25,5.75,,5.75,6.02,6.12,6.235,5.93,6.015,6.14,,,
2006/07/26,5.75,,5.75,6.06,6.15,6.29,5.96,6.06,6.19,,,
2006/07/27,5.75,,5.75,6.06,6.16,6.29,5.9685,6.0735,6.2,,,
2006/07/28,5.75,,5.75,6.07,6.17,6.31,5.99,6.0885,6.215,,,
2006/07/31,5.75,,5.75,6.09,6.195,6.31,5.995,6.0885,6.21,,,
2006/08/01,5.75,,5.75,6.095,6.185,6.3,5.9985,6.0835,6.2,,,
2006/08/02,6,0.25,6,6.09,6.19,6.29,6.0135,6.086,6.2085,,,
2006/08/03,6,,6,6.09,6.185,6.3,6.0125,6.082,6.1935,,,
2006/08/04,6,,6,6.095,6.2,6.31,6.0125,6.0795,6.2125,,,
2006/08/07,6,,6,6.11,6.19,6.29,6.02,6.07,6.18,,,
2006/08/08,6,,6,6.105,6.185,6.29,6.0165,6.0695,6.18,,,
2006/08/09,6,,6,6.115,6.18,6.27,6.0145,6.0685,6.1785,,,
2006/08/10,6,,6,6.13,6.225,6.32,6.02,6.1045,6.225,,,
2006/08/11,6,,6,6.12,6.21,6.315,6.022,6.1,6.225,,,
2006/08/14,6,,6,6.135,6.215,6.35,6.025,6.105,6.2425,,,
2006/08/15,6,,6,6.145,6.225,6.355,6.031,6.107,6.25,,,
2006/08/16,6,,6,6.13,6.21,6.33,6.0245,6.09,6.2245,,,
2006/08/17,6,,6,6.12,6.19,6.3,6.021,6.086,6.1985,,,
2006/08/18,6,,6,6.105,6.19,6.3,6.0185,6.0785,6.19,,,
2006/08/21,6,,6,6.11,6.175,6.28,6.0185,6.0775,6.1835,,,
2006/08/22,6,,6,6.12,6.19,6.28,6.0175,6.0775,6.1835,,,
2006/08/23,6,,6,6.12,6.195,6.29,6.0175,6.0795,6.1935,,,
2006/08/24,6,,6,6.12,6.195,6.29,6.0185,6.0835,6.1925,,,
2006/08/25,6,,6,6.11,6.185,6.28,6.016,6.0795,6.1835,,,
2006/08/28,6,,6,6.11,6.19,6.29,6.016,6.08,6.1895,,,
2006/08/29,6,,6,6.11,6.18,6.29,6.015,6.082,6.1935,,,
2006/08/30,6,,6,6.12,6.185,6.29,6.0135,6.0785,6.1785,,,
2006/08/31,6,,6,6.12,6.19,6.285,6.015,6.0795,6.1745,,,
2006/09/01,6,,6,6.115,6.19,6.285,6.015,6.08,6.1735,,,
2006/09/04,6,,6,6.12,6.2,6.305,6.02,6.0995,6.2045,,,
2006/09/05,6,,6,6.12,6.22,6.32,6.025,6.1095,6.216,,,
2006/09/06,6,,6,6.13,6.21,6.305,6.017,6.0975,6.2,,,
2006/09/07,6,,6,6.13,6.22,6.305,6.0185,6.0995,6.196,,,
2006/09/08,6,,6,6.12,6.21,6.305,6.017,6.097,6.196,,,
2006/09/11,6,,6,6.125,6.22,6.31,6.0185,6.101,6.2075,,,
2006/09/12,6,,6,6.12,6.21,6.305,6.02,6.101,6.2075,,,
2006/09/13,6,,6,6.12,6.205,6.3,6.022,6.102,6.206,,,
2006/09/14,6,,6,6.12,6.21,6.32,6.0225,6.111,6.2185,,,
2006/09/15,6,,6,6.12,6.215,6.34,6.026,6.125,6.2335,,,
2006/09/18,6,,6,6.125,6.22,6.33,6.027,6.127,6.2385,,,
2006/09/19,6,,6,6.13,6.22,6.34,6.027,6.132,6.2395,,,
2006/09/20,6,,6,6.12,6.22,6.32,6.025,6.1185,6.216,,,
2006/09/21,6,,6,6.12,6.225,6.315,6.0235,6.115,6.215,,,
2006/09/22,6,,6,6.105,6.195,6.26,6.016,6.0875,6.155,,,
2006/09/25,6,,6,6.105,6.19,6.25,6.015,6.0835,6.151,,,
2006/09/26,6,,6,6.11,6.19,6.25,6.015,6.0875,6.1585,,,
2006/09/27,6,,6,6.11,6.195,6.265,6.015,6.0945,6.1645,,,
2006/09/28,6,,6,6.105,6.2,6.275,6.015,6.1,6.1725,,,
2006/09/29,6,,6,6.105,6.195,6.265,6.015,6.0975,6.17,,,
2006/10/02,6,,6,,,,,,,,,
2006/10/03,6,,6,6.105,6.185,6.25,6.015,6.0945,6.1625,,,
2006/10/04,6,,6,6.1,6.185,6.255,6.0145,6.0935,6.1585,,,
2006/10/05,6,,6,6.1,6.175,6.245,6.0145,6.091,6.1535,,,
2006/10/06,6,,6,6.105,6.18,6.255,6.016,6.096,6.161,,,
2006/10/09,6,,6,6.12,6.205,6.285,6.021,6.1225,6.196,,,
2006/10/10,6,,6,6.135,6.23,6.305,6.032,6.1385,6.217,,,
2006/10/11,6,,6,6.125,6.22,6.325,6.035,6.135,6.216,,,
2006/10/12,6,,6,6.14,6.28,6.39,6.047,6.189,6.2985,,,
2006/10/13,6,,6,6.14,6.28,6.39,6.065,6.2025,6.305,,,
2006/10/16,6,,6,6.18,6.29,6.41,6.076,6.2125,6.315,,,
2006/10/17,6,,6,6.18,6.285,6.415,6.085,6.207,6.309,,,
2006/10/18,6,,6,6.17,6.29,6.415,6.084,6.207,6.309,,,
2006/10/19,6,,6,6.17,6.29,6.415,6.0905,6.215,6.3165,,,
2006/10/20,6,,6,6.18,6.31,6.42,6.109,6.2195,6.3275,,,
2006/10/23,6,,6,6.195,6.32,6.435,6.118,6.225,6.339,,,
2006/10/24,6,,6,6.22,6.33,6.44,6.134,6.2265,6.354,,,
2006/10/25,6,,6,6.23,6.355,6.455,6.1505,6.2515,6.369,,,
2006/10/26,6,,6,6.225,6.35,6.45,6.1525,6.2515,6.364,,,
2006/10/27,6,,6,6.25,6.35,6.46,6.178,6.253,6.369,,,
2006/10/30,6,,6,6.27,6.36,6.47,6.18,6.26,6.38,,,
2006/10/31,6,,6,6.285,6.38,6.485,6.1905,6.265,6.3815,,,
2006/11/01,6,,6,6.29,6.38,6.485,6.203,6.2715,6.3865,,,
2006/11/02,6,,6,6.3,6.38,6.465,6.2065,6.2675,6.379,,,
2006/11/03,6,,6,6.305,6.38,6.465,6.2275,6.279,6.38,,,
2006/11/06,6,,6,6.305,6.39,6.5,6.2465,6.2915,6.4,,,
2006/11/07,6,,6,6.34,6.385,6.495,6.256,6.296,6.4015,,,
2006/11/08,6.25,0.25,6.25,6.33,6.38,6.475,6.2675,6.305,6.39,,,
2006/11/09,6.25,,6.25,6.315,6.375,6.47,6.267,6.3025,6.375,,,
2006/11/10,6.25,,6.25,6.325,6.375,6.46,6.2665,6.3025,6.375,,,
2006/11/13,6.25,,6.25,6.32,6.365,6.455,6.2675,6.3015,6.368,,,
2006/11/14,6.25,,6.25,6.325,6.375,6.465,6.267,6.3065,6.3775,,,
2006/11/15,6.25,,6.25,6.32,6.37,6.46,6.266,6.301,6.3715,,,
2006/11/16,6.25,,6.25,6.33,6.38,6.47,6.266,6.305,6.3815,,,
2006/11/17,6.25,,6.25,6.315,6.37,6.46,6.266,6.306,6.38,,,
2006/11/20,6.25,,6.25,6.31,6.37,6.46,6.2645,6.304,6.373,,,
2006/11/21,6.25,,6.25,6.31,6.36,6.46,6.2645,6.304,6.3725,,,
2006/11/22,6.25,,6.25,6.31,6.36,6.46,6.2665,6.303,6.369,,,
2006/11/23,6.25,,6.25,6.305,6.36,6.45,6.267,6.306,6.3665,,,
2006/11/24,6.25,,6.25,6.315,6.375,6.46,6.267,6.3055,6.3675,,,
2006/11/27,6.25,,6.25,6.32,6.37,6.45,6.2645,6.308,6.373,,,
2006/11/28,6.25,,6.25,6.325,6.38,6.46,6.266,6.308,6.3715,,,
2006/11/29,6.25,,6.25,6.34,6.375,6.46,6.2645,6.306,6.3685,,,
2006/11/30,6.25,,6.25,6.335,6.385,6.47,6.2665,6.314,6.3915,,,
2006/12/01,6.25,,6.25,6.335,6.38,6.46,6.2655,6.312,6.38,,,
2006/12/04,6.25,,6.25,6.335,6.375,6.435,6.2655,6.304,6.3575,,,
2006/12/05,6.25,,6.25,6.34,6.38,6.44,6.2675,6.3015,6.3525,,,
2006/12/06,6.25,,6.25,6.335,6.375,6.43,6.2655,6.3035,6.3555,,,
2006/12/07,6.25,,6.25,6.345,6.39,6.465,6.2655,6.3125,6.376,,,
2006/12/08,6.25,,6.25,6.34,6.385,6.475,6.2655,6.3115,6.38,,,
2006/12/11,6.25,,6.25,6.34,6.39,6.485,6.2665,6.318,6.392,,,
2006/12/12,6.25,,6.25,6.34,6.385,6.48,6.2665,6.3175,6.3925,,,
2006/12/13,6.25,,6.25,6.35,6.39,6.48,6.2665,6.3175,6.397,,,
2006/12/14,6.25,,6.25,6.35,6.39,6.495,6.2655,6.3215,6.4075,,,
2006/12/15,6.25,,6.25,6.35,6.39,6.505,6.2665,6.329,6.419,,,
2006/12/18,6.25,,6.25,6.34,6.395,6.51,6.2665,6.3305,6.429,,,
2006/12/19,6.25,,6.25,6.345,6.385,6.49,6.2665,6.329,6.409,,,
2006/12/20,6.25,,6.25,6.34,6.395,6.51,6.2665,6.3275,6.4125,,,
2006/12/21,6.25,,6.25,6.345,6.4,6.515,6.267,6.331,6.4235,,,
2006/12/22,6.25,,6.25,6.345,6.4,6.51,6.2675,6.334,6.42,,,
2006/12/27,6.25,,6.25,6.36,6.4,6.52,6.2675,6.3375,6.4265,,,
2006/12/28,6.25,,6.25,6.37,6.44,6.525,6.2665,6.3445,6.4465,,,
2006/12/29,6.25,,6.25,6.37,6.435,6.53,6.2665,6.3465,6.4425,,,
2007/01/02,6.25,,6.25,6.355,6.415,6.52,6.272,6.342,6.4545,,,
2007/01/03,6.25,,6.25,6.355,6.42,6.53,6.2675,6.354,6.4455,,,
2007/01/04,6.25,,6.25,6.36,6.415,6.515,6.2675,6.345,6.435,,,
2007/01/05,6.25,,6.25,6.355,6.415,6.52,6.268,6.345,6.428,,,
2007/01/08,6.25,,6.25,6.35,6.42,6.535,6.27,6.3575,6.445,,,
2007/01/09,6.25,,6.25,6.36,6.42,6.535,6.275,6.358,6.45,,,
2007/01/10,6.25,,6.25,6.355,6.42,6.54,6.275,6.3605,6.4565,,,
2007/01/11,6.25,,6.25,6.36,6.445,6.57,6.283,6.378,6.478,,,
2007/01/12,6.25,,6.25,6.36,6.455,6.58,6.298,6.398,6.495,,,
2007/01/15,6.25,,6.25,6.365,6.46,6.59,6.305,6.403,6.505,,,
2007/01/16,6.25,,6.25,6.375,6.465,6.575,6.304,6.389,6.4915,,,
2007/01/17,6.25,,6.25,6.365,6.465,6.58,6.3075,6.3965,6.503,,,
2007/01/18,6.25,,6.25,6.355,6.46,6.58,6.309,6.3965,6.505,,,
2007/01/19,6.25,,6.25,6.36,6.455,6.58,6.324,6.404,6.5165,,,
2007/01/22,6.25,,6.28,6.37,6.47,6.59,6.32,6.395,6.505,,,
2007/01/23,6.25,,6.25,6.365,6.475,6.58,6.324,6.3875,6.485,,,
2007/01/24,6.25,,6.25,6.325,6.385,6.45,6.273,6.31,6.362,,,
2007/01/25,6.25,,6.25,6.33,6.385,6.45,6.268,6.308,6.378,,,
2007/01/29,6.25,,6.25,6.35,6.39,6.47,6.269,6.31,6.39,,,
2007/01/30,6.25,,6.25,6.35,6.4,6.48,6.268,6.309,6.3905,,,
2007/01/31,6.25,,6.25,6.355,6.395,6.485,6.27,6.3105,6.394,,,
2007/02/01,6.25,,6.25,6.35,6.39,6.475,6.268,6.31,6.385,,,
2007/02/02,6.25,,6.25,6.35,6.385,6.47,6.268,6.315,6.4,,,
2007/02/05,6.25,,6.25,6.36,6.395,6.475,6.265,6.3075,6.3905,,,
2007/02/06,6.25,,6.25,6.35,6.39,6.46,6.2675,6.3065,6.3865,,,
2007/02/07,6.25,,6.25,6.35,6.385,6.465,6.2665,6.304,6.3865,,,
2007/02/08,6.25,,6.25,6.35,6.385,6.47,6.265,6.3095,6.3965,,,
2007/02/09,6.25,,6.25,6.35,6.39,6.46,6.2665,6.3075,6.3875,,,
2007/02/12,6.25,,6.25,6.35,6.385,6.46,6.264,6.3055,6.3815,,,
2007/02/13,6.25,,6.25,6.345,6.38,6.46,6.2665,6.3065,6.385,,,
2007/02/14,6.25,,6.25,6.335,6.37,6.465,6.2665,6.307,6.3865,,,
2007/02/15,6.25,,6.25,6.335,6.375,6.465,6.2665,6.3075,6.384,,,
2007/02/16,6.25,,6.25,6.33,6.37,6.46,6.265,6.306,6.3805,,,
2007/02/19,6.25,,6.25,6.32,6.365,6.46,6.265,6.306,6.3815,,,
2007/02/20,6.25,,6.25,6.315,6.365,6.45,6.2665,6.3075,6.382,,,
2007/02/21,6.25,,6.25,6.315,6.365,6.46,6.2665,6.307,6.389,,,
2007/02/22,6.25,,6.25,6.315,6.36,6.46,6.266,6.3065,6.3865,,,
2007/02/23,6.25,,6.25,6.31,6.355,6.45,6.2655,6.3065,6.389,,,
2007/02/26,6.25,,6.25,6.31,6.35,6.45,6.266,6.3055,6.3775,,,
2007/02/27,6.25,,6.25,6.315,6.35,6.44,6.2655,6.3055,6.379,,,
2007/02/28,6.25,,6.25,6.32,6.34,6.43,6.2665,6.305,6.368,,,
2007/03/01,6.25,,6.25,6.325,6.35,6.43,6.265,6.305,6.365,,,
2007/03/02,6.25,,6.25,6.32,6.35,6.425,6.265,6.3065,6.365,,,
2007/03/05,6.25,,6.25,6.32,6.355,6.41,6.267,6.3015,6.35,,,
2007/03/06,6.25,,6.25,6.32,6.35,6.42,6.2675,6.3015,6.357,,,
2007/03/07,6.25,,6.25,6.32,6.35,6.42,6.2645,6.3055,6.3615,,,
2007/03/08,6.25,,6.25,6.32,6.355,6.41,6.2675,6.3055,6.3575,,,
2007/03/09,6.25,,6.25,6.32,6.355,6.415,6.266,6.3055,6.365,,,
2007/03/12,6.25,,6.25,6.32,6.37,6.445,6.264,6.31,6.376,,,
2007/03/13,6.25,,6.25,6.32,6.375,6.44,6.2665,6.3115,6.3805,,,
2007/03/14,6.25,,6.25,6.32,6.36,6.435,6.2665,6.31,6.3745,,,
2007/03/15,6.25,,6.25,6.32,6.365,6.455,6.2655,6.316,6.384,,,
2007/03/16,6.25,,6.25,6.33,6.4,6.51,6.274,6.355,6.444,,,
2007/03/19,6.25,,6.24,6.37,6.45,6.575,6.295,6.3975,6.473,,,
2007/03/20,6.25,,6.24,6.39,6.475,6.6,6.325,6.4345,6.528,,,
2007/03/21,6.25,,6.25,6.415,6.495,6.61,6.3415,6.4465,6.544,,,
2007/03/22,6.25,,6.25,6.42,6.505,6.63,6.344,6.454,6.545,,,
2007/03/23,6.25,,6.25,6.445,6.53,6.63,6.3655,6.464,6.555,,,
2007/03/26,6.25,,6.25,6.445,6.53,6.63,6.37,6.469,6.56,,,
2007/03/27,6.25,,6.25,6.45,6.525,6.64,6.3815,6.473,6.565,,,
2007/03/28,6.25,,6.25,6.44,6.505,6.62,6.364,6.455,6.54,,,
2007/03/29,6.25,,6.25,6.46,6.525,6.62,6.3725,6.4625,6.554,,,
2007/03/30,6.25,,6.25,6.46,6.515,6.62,6.3645,6.4565,6.544,,,
2007/04/02,6.25,,6.25,6.49,6.55,6.655,6.415,6.504,6.59,,,
2007/04/03,6.25,,6.25,6.49,6.56,6.665,6.419,6.4995,6.597,,,
2007/04/04,6.25,,6.25,6.36,6.465,6.585,6.2855,6.404,6.504,,,
2007/04/05,6.25,,6.25,6.365,6.465,6.57,6.294,6.4,6.5,,,
2007/04/10,6.25,,6.25,6.4,6.485,6.61,6.3075,6.4175,6.5225,,,
2007/04/11,6.25,,6.25,6.4,6.49,6.61,6.322,6.424,6.5315,,,
2007/04/12,6.25,,6.25,6.41,6.52,6.625,6.3275,6.4375,6.55,,,
2007/04/13,6.25,,6.25,6.41,6.515,6.63,6.3415,6.4525,6.5625,,,
2007/04/16,6.25,,6.25,6.425,6.53,6.65,6.35,6.457,6.5705,,,
2007/04/17,6.25,,6.25,6.42,6.52,6.64,6.3525,6.458,6.571,,,
2007/04/18,6.25,,6.25,6.42,6.52,6.63,6.36,6.452,6.562,,,
2007/04/19,6.25,,6.25,6.415,6.515,6.62,6.3525,6.4365,6.538,,,
2007/04/20,6.25,,6.25,6.415,6.52,6.63,6.363,6.445,6.5485,,,
2007/04/23,6.25,,6.25,6.41,6.5,6.61,6.3475,6.427,6.525,,,
2007/04/24,6.25,,6.25,6.34,6.39,6.465,6.2725,6.317,6.3975,,,
2007/04/26,6.25,,6.25,6.32,6.385,6.465,6.275,6.3175,6.4025,,,
2007/04/27,6.25,,6.25,6.33,6.385,6.47,6.275,6.3175,6.4025,,,
2007/04/30,6.25,,6.25,6.34,6.39,6.475,6.273,6.313,6.3955,,,
2007/05/01,6.25,,6.25,6.335,6.375,6.46,6.2715,6.3095,6.39,,,
2007/05/02,6.25,,6.25,6.335,6.375,6.46,6.2665,6.3075,6.3955,,,
2007/05/03,6.25,,6.25,6.34,6.38,6.46,6.2675,6.3115,6.3965,,,
2007/05/04,6.25,,6.25,6.33,6.37,6.445,6.2675,6.3055,6.3755,,,
2007/05/07,6.25,,6.25,6.33,6.37,6.45,6.2675,6.3075,6.3805,,,
2007/05/08,6.25,,6.25,6.34,6.38,6.465,6.2705,6.3125,6.395,,,
2007/05/09,6.25,,6.25,6.335,6.38,6.455,6.2705,6.309,6.395,,,
2007/05/10,6.25,,6.25,6.35,6.39,6.48,6.269,6.324,6.4175,,,
2007/05/11,6.25,,6.25,6.36,6.4,6.49,6.2715,6.324,6.4215,,,
2007/05/14,6.25,,6.25,6.35,6.39,6.49,6.27,6.3175,6.418,,,
2007/05/15,6.25,,6.25,6.35,6.385,6.48,6.2715,6.3205,6.425,,,
2007/05/16,6.25,,6.25,6.35,6.38,6.47,6.265,6.313,6.4,,,
2007/05/17,6.25,,6.25,6.34,6.365,6.465,6.2665,6.314,6.394,,,
2007/05/18,6.25,,6.25,6.335,6.365,6.46,6.265,6.315,6.403,,,
2007/05/21,6.25,,6.25,6.33,6.355,6.455,6.2675,6.3135,6.399,,,
2007/05/22,6.25,,6.25,6.33,6.35,6.45,6.2705,6.3115,6.388,,,
2007/05/23,6.25,,6.25,6.33,6.355,6.455,6.2705,6.316,6.403,,,
2007/05/24,6.25,,6.25,6.325,6.35,6.45,6.27,6.315,6.393,,,
2007/05/25,6.25,,6.25,6.33,6.355,6.455,6.27,6.315,6.395,,,
2007/05/28,6.25,,6.25,6.33,6.35,6.455,6.267,6.3165,6.397,,,
2007/05/29,6.25,,6.25,6.33,6.36,6.455,6.269,6.319,6.405,,,
2007/05/30,6.25,,6.25,6.33,6.35,6.46,6.2675,6.319,6.39,,,
2007/05/31,6.25,,6.25,6.33,6.35,6.455,6.27,6.32,6.4,,,
2007/06/01,6.25,,6.25,6.33,6.36,6.46,6.269,6.3205,6.405,,,
2007/06/04,6.25,,6.25,6.33,6.355,6.47,6.27,6.3265,6.4165,,,
2007/06/05,6.25,,6.25,6.33,6.36,6.47,6.2695,6.3305,6.424,,,
2007/06/06,6.25,,6.25,6.335,6.4,6.53,6.2715,6.374,6.465,,,
2007/06/07,6.25,,6.25,6.355,6.465,6.605,6.2825,6.4065,6.5275,,,
2007/06/08,6.25,,6.25,6.36,6.47,6.62,6.285,6.405,6.5475,,,
2007/06/12,6.25,,6.25,6.35,6.47,6.605,6.285,6.3915,6.5265,,,
2007/06/13,6.25,,6.25,6.36,6.475,6.62,6.289,6.395,6.5315,,,
2007/06/14,6.25,,6.25,6.32,6.42,6.54,6.2715,6.3565,6.4715,,,
2007/06/15,6.25,,6.25,6.33,6.415,6.55,6.2715,6.36,6.4825,,,
2007/06/18,6.25,,6.25,6.325,6.42,6.56,6.2745,6.3635,6.488,,,
2007/06/19,6.25,,6.25,6.33,6.42,6.56,6.27,6.363,6.4915,,,
2007/06/20,6.25,,6.25,6.33,6.42,6.555,6.274,6.3615,6.4865,,,
2007/06/21,6.25,,6.25,6.33,6.425,6.56,6.2755,6.37,6.495,,,
2007/06/22,6.25,,6.25,6.325,6.42,6.555,6.2775,6.369,6.489,,,
2007/06/25,6.25,,6.25,6.34,6.42,6.56,6.2775,6.3705,6.4875,,,
2007/06/26,6.25,,6.25,6.335,6.42,6.56,6.2775,6.369,6.49,,,
2007/06/27,6.25,,6.25,6.33,6.42,6.555,6.2765,6.3695,6.483,,,
2007/06/28,6.25,,6.25,6.335,6.43,6.58,6.2775,6.374,6.4975,,,
2007/06/29,6.25,,6.25,6.335,6.43,6.575,6.2765,6.3855,6.5075,,,
2007/07/02,6.25,,6.25,6.34,6.425,6.57,6.278,6.38,6.515,,,
2007/07/03,6.25,,6.25,6.335,6.425,6.56,6.2745,6.368,6.4805,,,
2007/07/04,6.25,,6.25,6.34,6.435,6.57,6.269,6.373,6.483,,,
2007/07/05,6.25,,6.25,6.34,6.44,6.57,6.269,6.375,6.4905,,,
2007/07/06,6.25,,6.25,6.345,6.45,6.58,6.27,6.38,6.5015,,,
2007/07/09,6.25,,6.25,6.35,6.445,6.585,6.273,6.384,6.5065,,,
2007/07/10,6.25,,6.25,6.345,6.45,6.58,6.2845,6.38,6.5025,,,
2007/07/11,6.25,,6.25,6.34,6.445,6.565,6.28,6.3715,6.488,,,
2007/07/12,6.25,,6.25,6.34,6.44,6.565,6.28,6.365,6.4705,,,
2007/07/13,6.25,,6.25,6.335,6.445,6.56,6.2905,6.369,6.474,,,
2007/07/16,6.25,,6.25,6.345,6.44,6.555,6.29,6.3675,6.47,,,
2007/07/17,6.25,,6.25,6.35,6.45,6.56,6.298,6.368,6.47,,,
2007/07/18,6.25,,6.25,6.35,6.435,6.55,6.3,6.3675,6.4625,,,
2007/07/19,6.25,,6.25,6.35,6.44,6.55,6.303,6.369,6.4715,,,
2007/07/20,6.25,,6.25,6.35,6.445,6.555,6.308,6.37,6.4665,,,
2007/07/23,6.25,,6.25,6.35,6.44,6.55,6.315,6.375,6.474,,,
2007/07/24,6.25,,6.25,6.365,6.455,6.565,6.323,6.388,6.4825,,,
2007/07/25,6.25,,6.25,6.455,6.55,6.67,6.3865,6.484,6.5925,,,
2007/07/26,6.25,,6.25,6.47,6.585,6.7,6.395,6.4915,6.6105,,,
2007/07/27,6.25,,6.25,6.485,6.585,6.66,6.405,6.4775,6.5825,,,
2007/07/30,6.25,,6.25,6.505,6.605,6.7,6.419,6.4905,6.6015,,,
2007/07/31,6.25,,6.25,6.52,6.615,6.72,6.439,6.5125,6.6225,,,
2007/08/01,6.25,,6.25,6.48,6.58,6.665,6.405,6.468,6.56,,,
2007/08/02,6.25,,6.25,6.51,6.59,6.68,6.42,6.484,6.5825,,,
2007/08/03,6.25,,6.25,6.525,6.6,6.7,6.4475,6.4975,6.6005,,,
2007/08/06,6.25,,6.25,,,,,,,,,
2007/08/07,6.25,,6.25,6.54,6.61,6.7,6.469,6.5125,6.6075,,,
2007/08/08,6.5,0.25,6.5,6.58,6.645,6.74,6.5205,6.56,6.6505,,,
2007/08/09,6.5,,6.5,6.61,6.67,6.76,6.5215,6.565,6.6555,,,
2007/08/10,6.5,,6.5,6.675,6.7,6.765,6.519,6.5515,6.625,,,
2007/08/13,6.5,,6.5,6.695,6.715,6.795,6.52,6.559,6.6525,,,
2007/08/14,6.5,,6.5,6.72,6.765,6.835,6.5175,6.5675,6.6705,,,
2007/08/15,6.5,,6.5,6.79,6.86,6.88,6.52,6.5575,6.655,,,
2007/08/16,6.5,,6.5,6.76,6.8,6.83,6.5165,6.5525,6.6305,,,
2007/08/17,6.5,,6.5,6.76,6.785,6.82,6.514,6.55,6.6175,,,
2007/08/20,6.5,,6.5,6.77,6.8,6.825,6.519,6.555,6.6175,,,
2007/08/21,6.5,,6.5,6.83,6.83,6.845,6.519,6.5525,6.62,,,
2007/08/22,6.5,,6.5,6.85,6.85,6.85,6.52,6.5555,6.624,,,
2007/08/23,6.5,,6.5,6.805,6.83,6.855,6.515,6.56,6.6415,,,
2007/08/24,6.5,,6.5,6.74,6.785,6.835,6.515,6.5575,6.63,,,
2007/08/27,6.5,,6.5,6.76,6.8,6.86,6.515,6.56,6.6455,,,
2007/08/28,6.5,,6.5,6.77,6.8,6.85,6.514,6.56,6.6405,,,
2007/08/29,6.5,,6.48,6.82,6.84,6.86,6.5175,6.5555,6.635,,,
2007/08/30,6.5,,6.49,6.855,6.865,6.89,6.505,6.555,6.635,,,
2007/08/31,6.5,,6.5,6.85,6.87,6.9,6.5125,6.5575,6.65,,,
2007/09/03,6.5,,6.5,6.9,6.9,6.905,6.5075,6.5575,6.6375,,,
2007/09/04,6.5,,6.5,6.93,6.95,6.985,6.5125,6.565,6.675,,,
2007/09/05,6.5,,6.5,7,7.005,7.055,6.508,6.565,6.67,,,
2007/09/06,6.5,,6.5,6.91,6.945,7.005,6.5075,6.5625,6.665,,,
2007/09/10,6.5,,6.49,7.01,7.035,7.075,6.5075,6.55,6.64,,,
2007/09/11,6.5,,6.5,7.04,7.07,7.105,6.52,6.55,6.68,,,
2007/09/12,6.5,,6.49,7.055,7.075,7.095,6.515,6.545,6.62,,,
2007/09/13,6.5,,6.49,7,7.035,7.07,6.515,6.545,6.63,,,
2007/09/14,6.5,,6.49,6.935,6.975,7,6.515,6.55,6.63,,,
2007/09/17,6.5,,6.5,6.935,6.955,6.975,6.515,6.55,6.615,,,
2007/09/18,6.5,,6.49,6.91,6.94,6.98,6.509,6.5555,6.623,,,
2007/09/19,6.5,,6.5,6.8,6.84,6.915,6.52,6.555,6.6,,,
2007/09/20,6.5,,6.5,6.745,6.84,6.92,6.51,6.56,6.63,,,
2007/09/21,6.5,,6.5,6.765,6.875,6.925,6.5075,6.5625,6.648,,,
2007/09/24,6.5,,6.5,6.775,6.875,6.955,6.5125,6.5775,6.665,,,
2007/09/25,6.5,,6.5,6.8,6.905,6.985,6.5125,6.5805,6.67,,,
2007/09/26,6.5,,6.5,6.815,6.92,7,6.5175,6.5825,6.675,,,
2007/09/27,6.5,,6.5,6.795,6.9,6.98,6.514,6.5815,6.675,,,
2007/09/28,6.5,,6.5,6.77,6.875,6.97,6.515,6.5875,6.683,,,
2007/10/01,6.5,,6.5,,,,,,,,,
2007/10/02,6.5,,6.5,6.74,6.87,6.975,6.5215,6.605,6.71,,,
2007/10/03,6.5,,6.5,6.74,6.88,7,6.524,6.6225,6.735,,,
2007/10/04,6.5,,6.5,6.74,6.9,7.025,6.515,6.63,6.748,,,
2007/10/05,6.5,,6.5,6.72,6.91,7.02,6.52,6.6365,6.7505,,,
2007/10/08,6.5,,6.5,6.73,6.92,7.05,6.53,6.6575,6.79,,,
2007/10/09,6.5,,6.5,6.73,6.91,7.045,6.53,6.65,6.795,,,
2007/10/10,6.5,,6.5,6.73,6.89,7.04,6.535,6.654,6.785,,,
2007/10/11,6.5,,6.5,6.72,6.895,7.035,6.544,6.65,6.82,,,
2007/10/12,6.5,,6.5,6.705,6.885,7.005,6.548,6.6525,6.7825,,,
2007/10/15,6.5,,6.5,6.71,6.91,7.04,6.565,6.6525,6.795,,,
2007/10/16,6.5,,6.5,6.725,6.915,7.035,6.57,6.6615,6.805,,,
2007/10/17,6.5,,6.5,6.705,6.88,7.025,6.56,6.655,6.78,,,
2007/10/18,6.5,,6.5,6.715,6.88,7.02,6.5675,6.655,6.79,,,
2007/10/19,6.5,,6.5,6.66,6.82,6.98,6.565,6.6475,6.7675,,,
2007/10/22,6.5,,6.5,6.675,6.85,7.015,6.58,6.67,6.795,,,
2007/10/23,6.5,,6.5,6.69,6.87,7.035,6.6,6.688,6.815,,,
2007/10/24,6.5,,6.5,6.785,6.95,7.11,6.64,6.758,6.898,,,
2007/10/25,6.5,,6.5,6.8,6.985,7.125,6.6525,6.7725,6.903,,,
2007/10/26,6.5,,6.5,6.795,6.975,7.125,6.675,6.778,6.923,,,
2007/10/29,6.5,,6.5,6.795,6.985,7.14,6.684,6.779,6.93,,,
2007/10/30,6.5,,6.5,6.78,6.985,7.14,6.6875,6.79,6.93,,,
2007/10/31,6.5,,6.5,6.795,7.01,7.16,6.708,6.813,6.958,,,
2007/11/01,6.5,,6.5,6.82,7.04,7.2,6.7215,6.845,7,,,
2007/11/02,6.5,,6.5,6.81,7.04,7.205,6.7325,6.838,6.979,,,
2007/11/05,6.5,,6.5,6.87,7.095,7.26,6.748,6.875,7.028,,,
2007/11/06,6.5,,6.5,6.9,7.12,7.285,6.7575,6.868,7.03,,,
2007/11/07,6.75,0.25,6.75,6.9,7.11,7.29,6.7825,6.875,7.013,,,
2007/11/08,6.75,,6.75,6.9,7.11,7.305,6.7815,6.8615,6.99,,,
2007/11/09,6.75,,6.75,6.885,7.1,7.29,6.785,6.868,6.998,,,
2007/11/12,6.75,,6.75,6.88,7.09,7.25,6.7775,6.85,6.97,,,
2007/11/13,6.75,,6.75,6.89,7.12,7.26,6.78,6.853,6.985,,,
2007/11/14,6.75,,6.75,6.88,7.14,7.29,6.78,6.8525,6.995,,,
2007/11/15,6.75,,6.75,6.89,7.13,7.3,6.785,6.8575,7.0075,,,
2007/11/16,6.75,,6.75,6.925,7.19,7.335,6.775,6.843,6.973,,,
2007/11/19,6.75,,6.75,6.92,7.185,7.36,6.78,6.853,6.99,,,
2007/11/20,6.75,,6.75,6.925,7.185,7.34,6.7775,6.84,6.96,,,
2007/11/21,6.75,,6.75,6.92,7.17,7.34,6.77,6.8365,6.9515,,,
2007/11/22,6.75,,6.75,6.91,7.165,7.29,6.77,6.83,6.928,,,
2007/11/23,6.75,,6.75,6.9,7.16,7.285,6.77,6.828,6.928,,,
2007/11/26,6.75,,6.75,6.91,7.175,7.315,6.77,6.843,6.968,,,
2007/11/27,6.75,,6.75,6.905,7.185,7.315,6.77,6.84,6.955,,,
2007/11/28,6.75,,6.75,6.925,7.21,7.36,6.77,6.845,6.9675,,,
2007/11/29,6.75,,6.75,6.935,7.24,7.385,6.7765,6.8565,6.98,,,
2007/11/30,6.75,,6.74,6.94,7.24,7.36,6.78,6.86,6.9875,,,
2007/12/03,6.75,,6.75,6.975,7.24,7.38,6.7775,6.855,6.985,,,
2007/12/04,6.75,,6.75,6.975,7.265,7.39,6.775,6.855,6.98,,,
2007/12/05,6.75,,6.75,6.98,7.265,7.355,6.7675,6.835,6.95,,,
2007/12/06,6.75,,6.75,6.985,7.265,7.34,6.765,6.84,6.955,,,
2007/12/07,6.75,,6.75,6.98,7.25,7.32,6.765,6.84,6.94,,,
2007/12/10,6.75,,6.75,7.01,7.25,7.35,6.768,6.853,6.963,,,
2007/12/11,6.75,,6.75,7.05,7.285,7.4,6.7715,6.8565,6.985,,,
2007/12/12,6.75,,6.75,7.19,7.335,7.425,6.77,6.855,6.98,,,
2007/12/13,6.75,,6.75,7.19,7.38,7.43,6.77,6.86,6.9825,,,
2007/12/14,6.75,,6.75,7.28,7.43,7.46,6.77,6.865,7,,,
2007/12/17,6.75,,6.75,7.27,7.355,7.46,6.77,6.8625,6.9675,,,
2007/12/18,6.75,,6.75,7.18,7.36,7.44,6.77,6.858,6.975,,,
2007/12/19,6.75,,6.75,7.185,7.33,7.445,6.77,6.864,6.9775,,,
2007/12/20,6.75,,6.75,7.16,7.295,7.43,6.77,6.8675,6.9775,,,
2007/12/21,6.75,,6.75,7.125,7.245,7.405,6.77,6.87,6.985,,,
2007/12/24,6.75,,6.75,7.11,7.24,7.435,6.77,6.88,7,,,
2007/12/27,6.75,,6.75,7.13,7.245,7.47,6.77,6.888,7.02,,,
2007/12/28,6.75,,6.75,7.125,7.26,7.435,6.77,6.8825,7.01,,,
2007/12/31,6.75,,6.74,7.045,7.195,7.355,6.77,6.883,6.998,,,
2008/01/02,6.75,,6.75,6.99,7.185,7.31,6.77,6.88,6.998,,,
2008/01/03,6.75,,6.75,6.96,7.15,7.265,6.77,6.865,6.97,,,
2008/01/04,6.75,,6.75,6.95,7.14,7.26,6.765,6.8625,6.958,,,
2008/01/07,6.75,,6.75,6.95,7.13,7.24,6.7725,6.855,6.95,,,
2008/01/08,6.75,,6.75,6.95,7.15,7.27,6.78,6.87,6.978,,,
2008/01/09,6.75,,6.75,6.96,7.16,7.32,6.785,6.875,7,,,
2008/01/10,6.75,,6.75,6.97,7.18,7.345,6.79,6.9,7.013,,,
2008/01/11,6.75,,6.75,6.96,7.17,7.335,6.815,6.8925,7.095,,,
2008/01/14,6.75,,6.75,6.93,7.145,7.31,6.795,6.88,7.06,,,
2008/01/15,6.75,,6.75,6.95,7.15,7.3,6.8,6.885,6.975,,,
2008/01/16,6.75,,6.75,6.98,7.16,7.29,6.8,6.885,6.96,,,
2008/01/17,6.75,,6.75,6.97,7.14,7.28,6.805,6.8865,6.975,,,
2008/01/18,6.75,,6.75,6.97,7.1,7.225,6.805,6.875,6.9675,,,
2008/01/21,6.75,,6.75,7.01,7.18,7.305,6.82,6.905,6.985,,,
2008/01/22,6.75,,6.75,6.965,7.085,7.195,6.7965,6.85,6.93,,,
2008/01/23,6.75,,6.75,7.01,7.155,7.265,6.838,6.918,6.99,,,
2008/01/24,6.75,,6.75,7.07,7.225,7.34,6.863,6.953,7.028,,,
2008/01/25,6.75,,6.75,7.125,7.28,7.385,6.9,6.978,7.075,,,
2008/01/29,6.75,,6.75,7.14,7.31,7.42,6.925,7,7.095,,,
2008/01/30,6.75,,6.75,7.15,7.31,7.425,6.9175,7,7.09,,,
2008/01/31,6.75,,6.75,7.175,7.345,7.455,6.9315,7.005,7.103,,,
2008/02/01,6.75,,6.75,7.21,7.395,7.475,6.964,7.0425,7.14,,,
2008/02/04,6.75,,6.75,7.265,7.475,7.59,7,7.088,7.184,,,
2008/02/05,6.75,,6.75,7.22,7.445,7.545,7.0175,7.095,7.195,,,
2008/02/06,7,0.25,7,7.23,7.435,7.535,7.0225,7.095,7.198,,,
2008/02/07,7,,7,7.25,7.46,7.575,7.03,7.11,7.22,,,
2008/02/08,7,,7,7.26,7.49,7.605,7.0315,7.128,7.248,,,
2008/02/11,7,,7,7.31,7.6,7.74,7.0675,7.199,7.34,,,
2008/02/12,7,,7,7.355,7.645,7.82,7.069,7.2165,7.368,,,
2008/02/13,7,,7,7.35,7.655,7.825,7.0765,7.2215,7.373,,,
2008/02/14,7,,7,7.38,7.735,7.895,7.107,7.258,7.43,,,
2008/02/15,7,,7,7.385,7.77,7.945,7.118,7.28,7.443,,,
2008/02/18,7,,7,7.405,7.78,7.93,7.124,7.28,7.443,,,
2008/02/19,7,,7,7.425,7.84,8,7.145,7.3165,7.488,,,
2008/02/20,7,,7,7.405,7.79,7.945,7.1625,7.3175,7.4725,,,
2008/02/21,7,,7,7.415,7.775,7.94,7.164,7.32,7.48,,,
2008/02/22,7,,7,7.425,7.775,7.95,7.1725,7.32,7.458,,,
2008/02/25,7,,7,7.44,7.81,8,7.185,7.34,7.505,,,
2008/02/26,7,,7,7.455,7.84,8.03,7.1915,7.335,7.483,,,
2008/02/27,7,,7,7.455,7.86,8.035,7.199,7.3315,7.484,,,
2008/02/28,7,,7,7.51,8.01,8.19,7.215,7.33,7.5075,,,
2008/02/29,7,,7,7.505,7.96,8.135,7.215,7.323,7.44,,,
2008/03/03,7,,7,7.595,7.975,8.145,7.235,7.32,7.42,,,
2008/03/04,7,,7,7.58,7.96,8.145,7.27,7.334,7.405,,,
2008/03/05,7.25,0.25,7.25,7.605,7.975,8.125,7.27,7.33,7.4225,,,
2008/03/06,7.25,,7.25,7.625,8.04,8.21,7.27,7.34,7.425,,,
2008/03/07,7.25,,7.25,7.63,7.99,8.12,7.27,7.33,7.403,,,
2008/03/10,7.25,,7.25,7.685,8.115,8.245,7.27,7.325,7.399,,,
2008/03/11,7.25,,7.25,7.72,8.08,8.14,7.27,7.33,7.395,,,
2008/03/12,7.25,,7.25,7.77,8.115,8.135,7.27,7.338,7.398,,,
2008/03/13,7.25,,7.25,7.68,7.9,7.995,7.27,7.3375,7.415,,,
2008/03/14,7.25,,7.25,7.635,7.855,8,7.27,7.345,7.42,,,
2008/03/17,7.25,,7.25,7.555,7.77,7.905,7.265,7.32,7.363,,,
2008/03/18,7.25,,7.25,7.605,7.77,7.925,7.27,7.32,7.36,,,
2008/03/19,7.25,,7.25,7.585,7.775,7.935,7.27,7.325,7.38,,,
2008/03/20,7.25,,7.25,7.585,7.765,7.925,7.27,7.32,7.36,,,
2008/03/25,7.25,,7.25,7.585,7.77,7.985,7.27,7.325,7.395,,,
2008/03/26,7.25,,7.25,7.61,7.755,7.905,7.27,7.325,7.37,,,
2008/03/27,7.25,,7.25,7.625,7.755,7.915,7.27,7.325,7.37,,,
2008/03/28,7.25,,7.25,7.635,7.83,7.98,7.265,7.33,7.375,,,
2008/03/31,7.25,,7.25,7.64,7.835,7.965,7.263,7.325,7.375,,,
2008/04/01,7.25,,7.25,7.57,7.785,7.905,7.26,7.315,7.35,,,
2008/04/02,7.25,,7.25,7.605,7.81,7.92,7.265,7.318,7.37,,,
2008/04/03,7.25,,7.25,7.63,7.835,7.965,7.265,7.328,7.383,,,
2008/04/04,7.25,,7.25,7.68,7.845,7.955,7.2675,7.33,7.395,,,
2008/04/07,7.25,,7.25,7.7,7.86,7.99,7.269,7.325,7.3875,,,
2008/04/08,7.25,,7.25,7.715,7.89,8.035,7.2655,7.325,7.388,,,
2008/04/09,7.25,,7.25,7.71,7.905,8.055,7.268,7.3275,7.385,,,
2008/04/10,7.25,,7.25,7.685,7.875,8.02,7.275,7.3305,7.3905,,,
2008/04/11,7.25,,7.25,7.66,7.85,8.015,7.274,7.32,7.383,,,
2008/04/14,7.25,,7.25,7.62,7.84,7.985,7.274,7.323,7.378,,,
2008/04/15,7.25,,7.25,7.625,7.845,8.015,7.27,7.32,7.375,,,
2008/04/16,7.25,,7.25,7.63,7.845,8,7.27,7.32,7.375,,,
2008/04/17,7.25,,7.25,7.635,7.87,8.03,7.27,7.318,7.378,,,
2008/04/18,7.25,,7.25,7.625,7.845,7.99,7.27,7.32,7.38,,,
2008/04/21,7.25,,7.25,7.63,7.86,8.025,7.283,7.34,7.413,,,
2008/04/22,7.25,,7.25,7.585,7.815,7.98,7.28,7.34,7.413,,,
2008/04/23,7.25,,7.25,7.635,7.86,8.06,7.313,7.38,7.49,,,
2008/04/24,7.25,,7.25,7.585,7.82,7.99,7.315,7.365,7.47,,,
2008/04/28,7.25,,7.25,7.555,7.785,7.945,7.285,7.345,7.46,,,
2008/04/29,7.25,,7.25,7.545,7.795,7.96,7.2865,7.3375,7.448,,,
2008/04/30,7.25,,7.25,7.575,7.8,7.94,7.29,7.3475,7.448,,,
2008/05/01,7.25,,7.25,7.595,7.795,7.93,7.29,7.343,7.433,,,
2008/05/02,7.25,,7.25,7.565,7.785,7.925,7.29,7.35,7.44,,,
2008/05/05,7.25,,7.25,7.57,7.81,7.945,7.29,7.355,7.46,,,
2008/05/06,7.25,,7.25,7.565,7.785,7.925,7.27,7.338,7.45,,,
2008/05/07,7.25,,7.25,7.59,7.795,7.93,7.275,7.333,7.448,,,
2008/05/08,7.25,,7.25,7.58,7.795,7.905,7.27,7.333,7.42,,,
2008/05/09,7.25,,7.25,7.58,7.765,7.855,7.27,7.33,7.393,,,
2008/05/12,7.25,,7.25,7.56,7.775,7.87,7.275,7.32,7.403,,,
2008/05/13,7.25,,7.25,7.575,7.775,7.885,7.27,7.33,7.42,,,
2008/05/14,7.25,,7.25,7.58,7.78,7.91,7.27,7.33,7.435,,,
2008/05/15,7.25,,7.25,7.57,7.785,7.915,7.27,7.3355,7.435,,,
2008/05/16,7.25,,7.25,7.545,7.775,7.89,7.27,7.333,7.438,,,
2008/05/19,7.25,,7.25,7.535,7.745,7.855,7.2705,7.335,7.435,,,
2008/05/20,7.25,,7.25,7.525,7.735,7.88,7.28,7.353,7.478,,,
2008/05/21,7.25,,7.25,7.53,7.675,7.845,7.275,7.355,7.475,,,
2008/05/22,7.25,,7.25,7.51,7.67,7.85,7.275,7.355,7.483,,,
2008/05/23,7.25,,7.25,7.475,7.685,7.865,7.275,7.363,7.503,,,
2008/05/26,7.25,,7.25,7.465,7.69,7.855,7.2775,7.3605,7.493,,,
2008/05/27,7.25,,7.25,7.45,7.71,7.895,7.28,7.375,7.51,,,
2008/05/28,7.25,,7.25,7.445,7.725,7.96,7.28,7.38,7.53,,,
2008/05/29,7.25,,7.25,7.48,7.755,7.985,7.278,7.37,7.53,,,
2008/05/30,7.25,,7.25,7.48,7.73,7.935,7.275,7.3575,7.494,,,
2008/06/02,7.25,,7.25,7.5,7.71,7.91,7.27,7.35,7.475,,,
2008/06/03,7.25,,7.25,7.51,7.725,7.915,7.27,7.344,7.46,,,
2008/06/04,7.25,,7.25,7.565,7.765,7.975,7.27,7.373,7.51,,,
2008/06/05,7.25,,7.25,7.625,7.8,8.05,7.275,7.38,7.51,,,
2008/06/06,7.25,,7.25,7.68,7.835,8.06,7.273,7.379,7.525,,,
2008/06/10,7.25,,7.25,7.75,7.95,8.19,7.28,7.4,7.565,,,
2008/06/11,7.25,,7.25,7.75,7.83,8.105,7.275,7.39,7.55,,,
2008/06/12,7.25,,7.25,7.74,7.83,8.055,7.27,7.365,7.49,,,
2008/06/13,7.25,,7.25,7.695,7.835,8.065,7.275,7.385,7.54,,,
2008/06/16,7.25,,7.25,7.65,7.815,8.065,7.275,7.375,7.51,,,
2008/06/17,7.25,,7.25,7.645,7.775,8.015,7.27,7.35,7.465,,,
2008/06/18,7.25,,7.25,7.635,7.765,7.985,7.27,7.349,7.465,,,
2008/06/19,7.25,,7.25,7.635,7.775,8.01,7.27,7.355,7.48,,,
2008/06/20,7.25,,7.25,7.635,7.825,8.055,7.27,7.365,7.498,,,
2008/06/23,7.25,,7.25,7.65,7.84,8.075,7.27,7.365,7.5,,,
2008/06/24,7.25,,7.25,7.65,7.85,8.085,7.27,7.363,7.505,,,
2008/06/25,7.25,,7.25,7.63,7.83,8.055,7.27,7.36,7.48,,,
2008/06/26,7.25,,7.25,7.625,7.78,8.035,7.27,7.364,7.485,,,
2008/06/27,7.25,,7.25,7.61,7.82,8.025,7.27,7.36,7.478,,,
2008/06/30,7.25,,7.25,7.59,7.8,7.97,7.27,7.355,7.47,,,
2008/07/01,7.25,,7.25,7.58,7.76,7.945,7.27,7.35,7.455,,,
2008/07/02,7.25,,7.25,7.58,7.77,7.945,7.27,7.35,7.455,,,
2008/07/03,7.25,,7.25,7.56,7.78,7.945,7.27,7.3425,7.445,,,
2008/07/04,7.25,,7.25,7.555,7.77,7.935,7.27,7.34,7.443,,,
2008/07/07,7.25,,7.25,7.55,7.755,7.94,7.273,7.3415,7.435,,,
2008/07/08,7.25,,7.25,7.55,7.745,7.92,7.275,7.344,7.43,,,
2008/07/09,7.25,,7.25,7.55,7.75,7.92,7.275,7.34,7.433,,,
2008/07/10,7.25,,7.25,7.535,7.74,7.905,7.275,7.345,7.43,,,
2008/07/11,7.25,,7.25,7.52,7.75,7.92,7.278,7.34,7.425,,,
2008/07/14,7.25,,7.25,7.52,7.785,7.965,7.273,7.33,7.413,,,
2008/07/15,7.25,,7.25,7.53,7.79,7.95,7.27,7.33,7.403,,,
2008/07/16,7.25,,7.25,7.525,7.765,7.895,7.27,7.315,7.385,,,
2008/07/17,7.25,,7.25,7.535,7.775,7.91,7.27,7.318,7.39,,,
2008/07/18,7.25,,7.25,7.52,7.75,7.9,7.27,7.318,7.39,,,
2008/07/21,7.25,,7.25,7.53,7.75,7.895,7.27,7.3175,7.384,,,
2008/07/22,7.25,,7.25,7.52,7.74,7.895,7.27,7.319,7.385,,,
2008/07/23,7.25,,7.25,7.515,7.735,7.885,7.27,7.315,7.39,,,
2008/07/24,7.25,,7.25,7.51,7.72,7.835,7.2675,7.3075,7.37,,,
2008/07/25,7.25,,7.25,7.51,7.72,7.815,7.268,7.295,7.34,,,
2008/07/28,7.25,,7.25,7.53,7.75,7.88,7.265,7.29,7.335,,,
2008/07/29,7.25,,7.25,7.54,7.78,7.91,7.265,7.285,7.325,,,
2008/07/30,7.25,,7.25,7.535,7.755,7.845,7.26,7.265,7.27,,,
2008/07/31,7.25,,7.25,7.505,7.69,7.77,7.255,7.25,7.225,,,
2008/08/01,7.25,,7.25,7.465,7.57,7.605,7.19,7.145,7.09,,,
2008/08/04,7.25,,7.25,,,,,,,,,
2008/08/05,7.25,,7.25,7.4,7.435,7.4,7.235,7.075,6.93,,,
2008/08/06,7.25,,7.25,7.375,7.37,7.355,7.22,7.035,6.955,,,
2008/08/07,7.25,,7.25,7.36,7.36,7.34,7.2125,7.0025,6.89,,,
2008/08/08,7.25,,7.25,7.345,7.34,7.3,7.18,6.99,6.895,,,
2008/08/11,7.25,,7.25,7.345,7.34,7.335,7.178,7,6.895,,,
2008/08/12,7.25,,7.25,7.33,7.32,7.31,7.16,6.9875,6.885,,,
2008/08/13,7.25,,7.25,7.32,7.3,7.285,7.145,6.98,6.8675,,,
2008/08/14,7.25,,7.25,7.325,7.305,7.29,7.145,6.96,6.835,,,
2008/08/15,7.25,,7.25,7.31,7.29,7.275,7.1075,6.95,6.8,,,
2008/08/18,7.25,,7.25,7.31,7.305,7.28,7.109,6.9425,6.815,,,
2008/08/19,7.25,,7.25,7.325,7.31,7.3,7.095,6.9425,6.8075,,,
2008/08/20,7.25,,7.25,7.31,7.3,7.305,7.095,6.94,6.8175,,,
2008/08/21,7.25,,7.25,7.31,7.28,7.27,7.08,6.925,6.76,,,
2008/08/22,7.25,,7.25,7.295,7.28,7.26,7.05,6.8975,6.775,,,
2008/08/25,7.25,,7.25,7.27,7.27,7.24,7.035,6.8825,6.75,,,
2008/08/26,7.25,,7.25,7.21,7.205,7.185,7.015,6.865,6.75,,,
2008/08/27,7.25,,7.25,7.21,7.2,7.18,7.015,6.865,6.75,,,
2008/08/28,7.25,,7.25,7.225,7.25,7.245,7.03,6.9,6.8,,,
2008/08/29,7.25,,7.25,7.23,7.23,7.225,7,6.8765,6.775,,,
2008/09/01,7.25,,7.25,7.225,7.21,7.19,6.9925,6.8625,6.755,,,
2008/09/02,7.25,,7.25,7.205,7.2,7.17,7.025,6.905,6.78,,,
2008/09/03,7,-0.25,7,7.18,7.18,7.155,7.025,6.889,6.775,,,
2008/09/04,7,,7,7.175,7.19,7.185,7.025,6.895,6.78,,,
2008/09/05,7,,7,7.165,7.2,7.16,7.025,6.85,6.71,,,
2008/09/08,7,,7,7.19,7.23,7.2,7.02,6.86,6.715,,,
2008/09/09,7,,7,7.19,7.215,7.17,7.01,6.85,6.705,,,
2008/09/10,7,,7,7.195,7.245,7.19,6.995,6.845,6.7,,,
2008/09/11,7,,7,7.2,7.225,7.165,6.995,6.8415,6.695,,,
2008/09/12,7,,7,7.235,7.275,7.215,6.985,6.845,6.705,,,
2008/09/15,7,,7,7.2,7.195,7.125,6.935,6.72,6.56,,,
2008/09/16,7,,7,7.19,7.185,7.07,6.875,6.615,6.455,,,
2008/09/17,7,,7,7.265,7.26,7.185,6.9,6.67,6.53,,,
2008/09/18,7,,7,7.375,7.395,7.305,6.84,6.565,6.415,,,
2008/09/19,7,,7,7.36,7.39,7.275,6.85,6.585,6.41,,,
2008/09/22,7,,7,7.365,7.4,7.34,6.88,6.645,6.43,,,
2008/09/23,7,,7,7.395,7.43,7.34,6.82,6.61,6.43,,,
2008/09/24,7,,7,7.4,7.41,7.31,7.285,6.545,6.37,,,
2008/09/25,7,,7,7.405,7.4,7.285,6.76,6.4975,6.32,,,
2008/09/26,7,,7,7.37,7.35,7.15,6.74,6.47,6.275,,,
2008/09/29,7,,7,7.37,7.3,7.1,6.715,6.4425,6.235,,,
2008/09/30,7,,7,7.1,7.01,6.825,6.645,6.34,6.08,,,
2008/10/01,7,,7,7.085,6.98,6.815,6.62,6.325,6.095,,,
2008/10/02,7,,7,7.085,6.96,6.79,6.605,6.3,6.055,,,
2008/10/03,7,,7,7.065,6.97,6.775,6.53,6.2375,6,,,
2008/10/06,7,,7,,,,,,,,,
2008/10/07,7,,7,6.415,6.34,5.945,5.94,5.49,5.14,,,
2008/10/08,6,-1,6,6.36,6.24,5.75,5.9,5.375,4.9,,,
2008/10/09,6,,6,6.33,6.23,5.7,5.885,5.345,4.9,,,
2008/10/10,6,,6,6.08,5.91,5.32,5.705,5.08,4.61,,,
2008/10/13,6,,6,6.055,5.925,5.325,5.65,5,4.47,,,
2008/10/14,6,,6,6.055,5.94,5.4,5.7,5.165,4.72,,,
2008/10/15,6,,6,6.035,5.865,5.35,5.675,5.125,4.64,,,
2008/10/16,6,,6,5.91,5.665,5.1,5.605,4.9125,4.465,,,
2008/10/17,6,,6,5.89,5.64,5.1,5.5,4.9,4.425,,,
2008/10/20,6,,6,5.915,5.7,5.23,5.645,5.115,4.655,,,
2008/10/21,6,,6,5.98,5.82,5.395,5.69,5.255,4.79,,,
2008/10/22,6,,6,6,5.8,5.34,5.645,5.195,4.76,,,
2008/10/23,6,,6,6.05,5.835,5.335,5.555,5.115,4.7,,,
2008/10/24,6,,6,6.06,5.775,5.3,5.5,5.025,4.645,,,
2008/10/27,6,,6,6.075,5.78,5.26,5.43,4.965,4.52,,,
2008/10/28,6,,6,6.05,5.8,5.275,5.435,4.95,4.545,,,
2008/10/29,6,,6,6.05,5.82,5.295,5.4575,4.9675,4.535,,,
2008/10/30,6,,6,6.045,5.905,5.4,5.53,5.11,4.695,,,
2008/10/31,6,,6,5.915,5.75,5.3,5.455,5.05,4.62,,,
2008/11/03,6,,6,5.75,5.615,5.205,5.35,5.005,4.655,,,
2008/11/04,6,,6,5.33,5.165,4.735,5.175,4.685,4.23,,,
2008/11/05,5.25,-0.75,5.25,5.33,5.135,4.7,5.1025,4.65,4.165,,,
2008/11/06,5.25,,5.25,5.325,5.065,4.595,5.085,4.575,4.115,,,
2008/11/07,5.25,,5.25,5.3,4.935,4.48,5,4.48,4.005,,,
2008/11/10,5.25,,5.25,5.325,4.92,4.465,4.985,4.485,4.025,,,
2008/11/11,5.25,,5.25,5.32,4.865,4.38,4.94,4.43,3.88,,,
2008/11/12,5.25,,5.25,5.305,4.825,4.325,4.87,4.405,3.795,,,
2008/11/13,5.25,,5.25,5.275,4.715,4.24,4.845,4.325,3.795,,,
2008/11/14,5.25,,5.25,5.275,4.715,4.31,4.78,4.32,3.8,,,
2008/11/17,5.25,,5.25,4.99,4.625,4.2,4.735,4.28,3.765,,,
2008/11/18,5.25,,5.25,4.99,4.645,4.235,4.74,4.305,3.795,,,
2008/11/19,5.25,,5.25,4.97,4.59,4.21,4.675,4.245,3.735,,,
2008/11/20,5.25,,5.25,4.825,4.515,4.12,4.625,4.135,3.63,,,
2008/11/21,5.25,,5.25,4.645,4.39,3.89,4.355,3.8975,3.36,,,
2008/11/24,5.25,,5.25,4.625,4.44,3.955,4.3,3.89,3.35,,,
2008/11/25,5.25,,5.25,4.635,4.45,3.95,4.325,3.905,3.36,,,
2008/11/26,5.25,,5.25,4.63,4.49,3.995,4.37,3.95,3.41,,,
2008/11/27,5.25,,5.25,4.645,4.585,4.14,4.375,3.99,3.45,,,
2008/11/28,5.25,,5.25,4.615,4.51,4.095,4.26,3.895,3.385,,,
2008/12/01,5.25,,5.25,4.575,4.495,4.005,4.25,3.89,3.375,,,
2008/12/02,5.25,,5.25,4.55,4.45,3.96,4.22,3.91,3.375,,,
2008/12/03,4.25,-1,4.25,4.595,4.525,4.015,4.22,3.93,3.4,,,
2008/12/04,4.25,,4.25,4.58,4.565,4.06,4.22,3.93,3.38,,,
2008/12/05,4.25,,4.25,4.62,4.645,4.125,4.21,3.86,3.36,,,
2008/12/08,4.25,,4.25,4.64,4.68,4.095,4.2,3.86,3.38,,,
2008/12/09,4.25,,4.25,4.585,4.635,4.085,4.19,3.82,3.34,,,
2008/12/10,4.25,,4.25,4.55,4.5,3.99,4.18,3.77,3.3,,,
2008/12/11,4.25,,4.25,4.535,4.5,3.995,4.17,3.72,3.22,,,
2008/12/12,4.25,,4.25,4.495,4.485,3.9,4.17,3.63,3.11,,,
2008/12/15,4.25,,4.25,4.49,4.465,3.96,4.16,3.63,3.13,,,
2008/12/16,4.25,,4.25,4.485,4.425,3.87,4.22,3.69,3.18,,,
2008/12/17,4.25,,4.25,4.49,4.38,3.84,4.2,3.67,3.15,,,
2008/12/18,4.25,,4.25,4.49,4.35,3.81,4.19,3.64,3.14,,,
2008/12/19,4.25,,4.25,4.485,4.295,3.81,4.16,3.57,3.1,,,
2008/12/22,4.25,,4.25,4.44,4.245,3.785,4.17,3.56,3.08,,,
2008/12/23,4.25,,4.25,4.3,4.135,3.735,4.16,3.55,3.1,,,
2008/12/24,4.25,,4.25,4.3,4.12,3.705,4.13,3.48,3.045,,,
2008/12/29,4.25,,4.25,4.3,4.035,3.685,4.12,3.48,3,,,
2008/12/30,4.25,,4.25,4.325,4.115,3.71,4.12,3.47,3.02,,,
2008/12/31,4.25,,4.25,4.31,4.075,3.695,4.11,3.43,2.99,,,
2009/01/02,4.25,,4.25,4.28,3.91,3.615,4.12,3.4,3.015,,,
2009/01/05,4.25,,4.25,4.3,3.97,3.635,4.14,3.48,3.12,,,
2009/01/06,4.25,,4.25,4.3,3.975,3.675,4.08,3.49,3.1,,,
2009/01/07,4.25,,4.25,4.31,3.98,3.7,4.09,3.48,3.12,,,
2009/01/08,4.25,,4.25,4.31,3.96,3.68,4.09,3.47,3.08,,,
2009/01/09,4.25,,4.25,4.305,3.975,3.665,4.02,3.42,3.06,,,
2009/01/12,4.25,,4.25,4.3,3.93,3.61,3.97,3.38,2.99,,,
2009/01/13,4.25,,4.25,4.31,3.9,3.565,3.91,3.33,2.92,,,
2009/01/14,4.25,,4.25,4.32,3.895,3.54,3.88,3.29,2.9,,,
2009/01/15,4.25,,4.25,4.305,3.885,3.44,3.87,3.24,2.85,,,
2009/01/16,4.25,,4.25,4.22,3.755,3.45,3.81,3.22,2.84,,,
2009/01/19,4.25,,4.25,4.205,3.725,3.455,3.79,3.24,2.87,,,
2009/01/20,4.25,,4.25,4.14,3.62,3.435,3.72,3.16,2.81,,,
2009/01/21,4.25,,4.25,4.12,3.605,3.335,3.69,3.07,2.7,,,
2009/01/22,4.25,,4.25,4.1,3.59,3.35,3.7,3.07,2.73,,,
2009/01/23,4.25,,4.25,4.06,3.555,3.305,3.56,2.95,2.61,,,
2009/01/27,4.25,,4.25,3.885,3.45,3.24,3.5,2.9,2.56,,,
2009/01/28,4.25,,4.25,3.85,3.44,3.24,3.49,2.87,2.54,,,
2009/01/29,4.25,,4.25,3.805,3.385,3.18,3.43,2.77,2.44,,,
2009/01/30,4.25,,4.25,3.76,3.335,3.04,3.2725,2.62,2.3,,,
2009/02/02,4.25,,4.25,3.525,3.07,2.845,3.21,2.52,2.2,,,
2009/02/03,4.25,,4.25,3.435,3.18,2.925,3.26,2.65,2.34,,,
2009/02/04,3.25,-1,3.25,3.39,3.235,3.03,3.22,2.69,2.425,,,
2009/02/05,3.25,,3.25,3.355,3.24,3.06,3.21,2.7,2.48,,,
2009/02/06,3.25,,3.25,3.37,3.32,3.145,3.19,2.79,2.61,,,
2009/02/09,3.25,,3.25,3.345,3.315,3.175,3.17,2.8,2.6,,,
2009/02/10,3.25,,3.25,3.335,3.26,3.13,3.12,2.73,2.51,,,
2009/02/11,3.25,,3.25,3.315,3.165,3.015,3.075,2.625,2.38,,,
2009/02/12,3.25,,3.25,3.29,3.155,2.985,3.06,2.62,2.36,,,
2009/02/13,3.25,,3.25,3.285,3.145,3.01,3.025,2.61,2.41,,,
2009/02/16,3.25,,3.25,3.24,3.11,3.01,3.015,2.62,2.44,,,
2009/02/17,3.25,,3.25,3.215,3.06,2.94,2.95,2.54,2.335,,,
2009/02/18,3.25,,3.25,3.18,3.07,2.905,2.91,2.52,2.32,,,
2009/02/19,3.25,,3.25,3.215,3.09,2.95,2.92,2.55,2.36,,,
2009/02/20,3.25,,3.25,3.175,3.06,2.975,2.91,2.54,2.36,,,
2009/02/23,3.25,,3.25,3.2,3.105,2.98,2.92,2.57,2.38,,,
2009/02/24,3.25,,3.25,3.21,3.135,3.015,2.94,2.6,2.41,,,
2009/02/25,3.25,,3.25,3.215,3.18,3.045,2.97,2.65,2.44,,,
2009/02/26,3.25,,3.25,3.165,3.16,2.995,2.95,2.64,2.45,,,
2009/02/27,3.25,,3.25,3.165,3.135,3.04,2.88,2.6,2.43,,,
2009/03/02,3.25,,3.25,3.26,3.25,3.135,3.03,2.6975,2.53,,,
2009/03/03,3.25,,3.25,3.39,3.375,3.255,3.24,2.94,2.73,,,
2009/03/04,3.25,,3.25,3.375,3.33,3.155,3.2425,2.855,2.61,,,
2009/03/05,3.25,,3.25,3.37,3.33,3.14,3.24,2.81,2.57,3.165,3.065,2.935
2009/03/06,3.25,,3.25,3.36,3.285,3.1,3.21,2.765,2.49,3.145,3.01,2.875
2009/03/09,3.25,,3.25,3.325,3.205,3.005,3.1525,2.725,2.43,3.09,2.945,2.76
2009/03/10,3.25,,3.25,3.27,3.18,3.005,3.1325,2.7275,2.48,3.06,2.885,2.73
2009/03/11,3.25,,3.25,3.235,3.13,2.99,3.13,2.7375,2.48,3,2.865,2.72
2009/03/12,3.25,,3.25,3.215,3.145,2.995,3.135,2.73,2.51,2.975,2.77,2.665
2009/03/13,3.25,,3.25,3.21,3.145,3.045,3.11,2.75,2.5,2.95,2.82,2.71
2009/03/16,3.25,,3.25,3.16,3.09,2.97,3.16,2.81,2.56,3.025,2.815,2.7
2009/03/17,3.25,,3.25,3.155,3.055,2.985,3.12,2.8,2.54,2.995,2.82,2.71
2009/03/18,3.25,,3.25,3.15,3.05,2.98,3.09,2.77,2.54,2.98,2.8,2.68
2009/03/19,3.25,,3.25,3.155,3,2.895,3.09,2.76,2.51,3.015,2.685,2.605
2009/03/20,3.25,,3.25,3.15,3.02,2.93,3.05,2.735,2.53,2.975,2.685,2.615
2009/03/23,3.25,,3.25,3.15,3.07,2.995,3.06,2.755,2.56,3.045,2.735,2.665
2009/03/24,3.25,,3.25,3.155,3.115,3.05,3.07,2.8125,2.63,3.045,2.785,2.695
2009/03/25,3.25,,3.25,3.175,3.135,3.095,3.0825,2.83,2.63,3.07,2.78,2.7
2009/03/26,3.25,,3.25,3.15,3.165,3.115,3.1,2.855,2.67,3.09,2.82,2.755
2009/03/27,3.25,,3.25,3.165,3.155,3.075,3.03,2.81,2.62,3.075,2.81,2.74
2009/03/30,3.25,,3.25,3.16,3.145,3.065,3,2.7675,2.54,3.09,2.78,2.68
2009/03/31,3.25,,3.25,3.17,3.12,3.005,3.04,2.79,2.57,3.07,2.765,2.68
2009/04/01,3.25,,3.25,3.18,3.12,3.05,3.0775,2.805,2.6,3.045,2.805,2.705
2009/04/02,3.25,,3.25,3.19,3.12,3.035,3.085,2.83,2.59,,2.785,2.715
2009/04/03,3.25,,3.25,3.19,3.16,3.07,3.055,2.82,2.61,,2.825,2.77
2009/04/06,3.25,,3.25,3.18,3.12,3.015,2.93,2.72,2.55,,2.795,2.7
2009/04/07,3.25,,3.25,3.15,3.11,3.025,2.975,2.7825,2.59,,2.77,2.695
2009/04/08,3,-0.25,3,3.16,3.12,3.06,2.875,2.795,2.62,,2.79,2.76
2009/04/09,3,,3,3.145,3.115,3.035,2.93,2.74,2.56,,2.77,2.705
2009/04/14,3,,3,3.16,3.145,3.02,2.94,2.76,2.6,,2.805,2.695
2009/04/15,3,,3,3.165,3.14,3.055,2.92,2.75,2.59,,2.805,2.78
2009/04/16,3,,3,3.145,3.095,2.98,2.93,2.735,2.58,,2.74,2.695
2009/04/17,3,,3,3.135,3.105,3.03,2.92,2.74,2.6,,2.76,2.72
2009/04/20,3,,3,3.14,3.09,3.02,2.91,2.75,2.61,2.87,2.775,2.745
2009/04/21,3,,3,3.14,3.085,3.01,2.91,2.74,2.58,2.835,2.78,2.715
2009/04/22,3,,3,3.125,3.07,3,2.93,2.77,2.61,2.86,2.745,2.715
2009/04/23,3,,3,3.11,3.08,3.03,2.94,2.795,2.62,2.9,2.765,2.75
2009/04/24,3,,3,3.135,3.08,3.03,2.94,2.78,2.62,2.905,2.77,2.735
2009/04/27,3,,3,3.1,3.08,3.005,2.93,2.77,2.59,2.86,2.76,2.73
2009/04/28,3,,3,3.075,3.04,2.965,2.92,2.7365,2.57,2.84,2.745,2.695
2009/04/29,3,,3,3.09,3.075,3.04,2.935,2.76,2.61,2.865,2.755,2.715
2009/04/30,3,,3,3.08,3.055,2.995,2.92,2.73,2.56,2.86,2.755,2.74
2009/05/01,3,,3,3.085,3.06,3,2.92,2.74,2.57,2.86,2.755,2.73
2009/05/04,3,,3,3.105,3.09,3.04,2.945,2.79,2.62,2.88,2.785,2.755
2009/05/05,3,,3,3.155,3.15,3.09,2.9725,2.8575,2.695,2.915,2.825,2.815
2009/05/06,3,,3,3.11,3.13,3.08,2.9725,2.875,2.68,2.93,2.84,2.825
2009/05/07,3,,3,3.155,3.18,3.18,2.99,2.93,2.81,2.945,2.885,2.97
2009/05/08,3,,3,3.15,3.15,3.16,2.99,2.93,2.82,2.93,2.885,2.965
2009/05/11,3,,3,3.105,3.14,3.14,2.98,2.9065,2.78,2.955,2.875,2.94
2009/05/12,3,,3,3.085,3.125,3.12,2.98,2.9025,2.81,2.925,2.865,2.93
2009/05/13,3,,3,3.09,3.115,3.125,2.98,2.899,2.7925,2.925,2.88,2.91
2009/05/14,3,,3,3.1,3.12,3.13,2.965,2.885,2.775,2.985,2.965,3
2009/05/15,3,,3,3.11,3.125,3.12,2.97,2.88,2.76,2.995,2.975,3.005
2009/05/18,3,,3,3.11,3.11,3.09,2.97,2.88,2.75,2.99,2.985,3.005
2009/05/19,3,,3,3.12,3.14,3.145,2.97,2.91,2.82,2.995,2.99,3.035
2009/05/20,3,,3,3.12,3.15,3.15,2.98,2.92,2.85,3.005,2.99,3.04
2009/05/21,3,,3,3.11,3.13,3.15,2.97,2.915,2.84,3.005,3.01,3.025
2009/05/22,3,,3,3.12,3.15,3.165,2.97,2.92,2.86,3.02,3.04,3.05
2009/05/25,3,,3,3.12,3.14,3.15,2.965,2.9025,2.84,3.025,3.03,3.035
2009/05/26,3,,3,3.12,3.135,3.15,2.96,2.905,2.81,3.025,3.025,3.025
2009/05/27,3,,3,3.13,3.16,3.19,2.96,2.905,2.82,3.02,3.03,3.035
2009/05/28,3,,3,3.13,3.17,3.19,2.97,2.91,2.8,3.035,3.05,3.06
2009/05/29,3,,3,3.15,3.15,3.18,2.97,2.9,2.79,3.045,3.045,3.05
2009/06/01,3,,3,3.17,3.17,3.16,2.99,2.915,2.83,3.045,3.02,3.04
2009/06/02,3,,3,3.17,3.19,3.22,2.9975,2.94,2.87,3.05,3.065,3.075
2009/06/03,3,,3,3.23,3.23,3.245,2.99,2.935,2.89,3.065,3.08,3.09
2009/06/04,3,,3,3.23,3.25,3.25,3,2.9275,2.86,3.06,3.07,3.095
2009/06/05,3,,3,3.255,3.25,3.265,3,2.935,2.9,3.06,3.075,3.11
2009/06/09,3,,3,3.26,3.265,3.325,2.99,2.97,2.97,3.06,3.085,3.135
2009/06/10,3,,3,3.25,3.255,3.29,2.99,2.965,2.96,3.055,3.1,3.125
2009/06/11,3,,3,3.265,3.27,3.345,3,2.99,2.99,3.06,3.11,3.155
2009/06/12,3,,3,3.27,3.29,3.33,2.99,2.9655,2.97,3.065,3.1,3.16
2009/06/15,3,,3,3.25,3.26,3.305,2.99,2.96,2.92,3.05,3.09,3.135
2009/06/16,3,,3,3.225,3.25,3.3,2.99,2.9325,2.89,3.03,3.035,3.145
2009/06/17,3,,3,3.23,3.25,3.29,2.99,2.935,2.9,3.035,3.02,3.15
2009/06/18,3,,3,3.255,3.27,3.32,2.99,2.95,2.935,3.04,3.085,3.145
2009/06/19,3,,3,3.275,3.29,3.37,2.995,2.9715,2.99,3.055,3.08,3.17
2009/06/22,3,,3,3.23,3.25,3.305,2.985,2.95,2.94,3.06,3.075,
2009/06/23,3,,3,3.21,3.23,3.29,2.98,2.95,2.93,3.05,3.095,
2009/06/24,3,,3,3.185,3.24,3.305,2.99,2.9425,2.95,3.045,3.065,
2009/06/25,3,,3,3.185,3.24,3.34,2.99,2.98,2.98,3.02,3.055,
2009/06/26,3,,3,3.18,3.245,3.34,2.99,2.96,2.98,3.015,3.055,
2009/06/29,3,,3,3.17,3.27,3.325,2.99,2.96,2.96,3.02,3.05,
2009/06/30,3,,3,3.155,3.2,3.3,2.99,2.97,2.96,3.015,3.045,
2009/07/01,3,,3,3.15,3.165,3.26,2.99,2.96,2.92,3.005,3.03,
2009/07/02,3,,3,3.14,3.145,3.24,2.99,2.95,2.915,3.015,3.045,3.125
2009/07/03,3,,3,3.12,3.13,3.215,2.98,2.93,2.885,3.015,3.035,3.125
2009/07/06,3,,3,3.125,3.135,3.23,2.98,2.93,2.89,3.015,3.03,3.125
2009/07/07,3,,3,3.125,3.13,3.23,2.99,2.935,2.9,3.025,3.035,3.12
2009/07/08,3,,3,3.11,3.11,3.2,2.984,2.93,2.88,3.02,3.025,3.105
2009/07/09,3,,3,3.115,3.12,3.19,2.99,2.94,2.88,3.02,3.025,3.095
2009/07/10,3,,3,3.11,3.13,3.2,2.99,2.9375,2.895,3.02,3.03,3.095
2009/07/13,3,,3,3.11,3.125,3.21,2.98,2.94,2.89,3.02,3.03,3.09
2009/07/14,3,,3,3.125,3.16,3.24,2.99,2.9475,2.95,3.03,3.05,3.105
2009/07/15,3,,3,3.12,3.16,3.25,2.99,2.96,2.98,3.035,3.07,3.12
2009/07/16,3,,3,3.11,3.14,3.275,2.98,2.97,2.97,3.035,3.07,3.145
2009/07/17,3,,3,3.1,3.11,3.26,2.98,2.97,2.97,3.03,3.06,3.145
2009/07/20,3,,3,3.095,3.11,3.255,2.98,2.97,2.98,3.035,3.06,3.155
2009/07/21,3,,3,3.1,3.125,3.25,2.98,2.97,2.98,3.035,3.055,3.165
2009/07/22,3,,3,3.11,3.14,3.265,2.98,2.97,2.98,3.04,3.065,3.18
2009/07/23,3,,3,3.1,3.135,3.28,2.99,2.99,2.99,3.04,3.065,3.185
2009/07/24,3,,3,3.1,3.12,3.315,2.99,2.99,3.01,3.04,3.055,3.22
2009/07/27,3,,3,3.085,3.12,3.315,2.99,2.99,3.02,3.035,3.055,3.2
2009/07/28,3,,3,3.1,3.15,3.345,3,3.015,3.08,3.055,3.085,3.225
2009/07/29,3,,3,3.09,3.17,3.34,3,3.02,3.08,3.055,3.095,3.245
2009/07/30,3,,3,3.1,3.175,3.35,3,3.02,3.1025,3.055,3.09,3.245
2009/07/31,3,,3,3.11,3.16,3.32,3,3.02,3.12,3.06,3.095,3.25
2009/08/03,3,,3,,,,,,,,,
2009/08/04,3,,3,3.14,3.21,3.45,3,3.04,3.18,3.05,3.115,3.35
2009/08/05,3,,3,3.145,3.24,3.49,3.0075,3.0475,3.1925,3.06,3.13,3.385
2009/08/06,3,,3,3.165,3.31,3.54,3.01,3.09,3.275,3.08,3.165,3.395
2009/08/07,3,,3,3.165,3.27,3.53,3.01,3.065,3.235,3.09,3.155,3.4
2009/08/10,3,,3,3.185,3.35,3.66,3.01,3.1015,3.3,3.1,3.2,3.47
2009/08/11,3,,3,3.18,3.31,3.65,3.01,3.084,3.29,3.095,3.195,3.55
2009/08/12,3,,3,3.15,3.28,3.59,3.01,3.0625,3.2325,3.075,3.165,3.48
2009/08/13,3,,3,3.17,3.285,3.61,3.01,3.08,3.26,3.075,3.16,3.47
2009/08/14,3,,3,3.17,3.285,3.605,3.02,3.11,3.32,3.08,3.175,3.455
2009/08/17,3,,3,3.17,3.285,3.595,3.02,3.1,3.29,3.08,3.165,3.395
2009/08/18,3,,3,3.15,3.28,3.56,3.01,3.073,3.27,3.08,3.17,3.415
2009/08/19,3,,3,3.145,3.26,3.545,3.01,3.0775,3.26,3.075,3.16,3.41
2009/08/20,3,,3,3.15,3.27,3.57,3.01,3.078,3.27,3.075,3.15,3.41
2009/08/21,3,,3,3.14,3.26,3.56,3.01,3.0675,3.25,3.075,3.15,3.4
2009/08/24,3,,3,3.16,3.32,3.63,3.01,3.1,3.31,3.09,3.18,3.425
2009/08/25,3,,3,3.15,3.3,3.61,3.01,3.08,3.24,3.08,3.17,3.41
2009/08/26,3,,3,3.16,3.33,3.59,3.01,3.09,3.3,3.085,3.18,3.41
2009/08/27,3,,3,3.16,3.34,3.59,3.01,3.085,3.27,3.085,3.175,3.41
2009/08/28,3,,3,3.19,3.44,3.73,3.04,3.19,3.42,3.105,3.24,3.495
2009/08/31,3,,3,3.19,3.4,3.735,3.03,3.2,3.46,3.115,3.275,3.635
2009/09/01,3,,3,3.16,3.36,3.665,3,3.115,3.35,3.085,3.21,3.53
2009/09/02,3,,3,3.19,3.41,3.72,3,3.15,3.39,3.095,3.27,3.63
2009/09/03,3,,3,3.18,3.395,3.7,3,3.14,3.38,3.09,3.255,3.6
2009/09/04,3,,3,3.19,3.42,3.74,3.01,3.16,3.41,3.09,3.26,3.62
2009/09/07,3,,3,3.18,3.45,3.8,3.01,3.18,3.44,3.09,3.255,3.605
2009/09/08,3,,3,3.17,3.42,3.785,3.01,3.18,3.43,3.11,3.265,3.575
2009/09/09,3,,3,3.17,3.41,3.76,3.02,3.16,3.38,3.1,3.25,3.54
2009/09/10,3,,3,3.17,3.41,3.68,3.01,3.1025,3.31,3.085,3.23,3.48
2009/09/11,3,,3,3.17,3.39,3.66,3.01,3.12,3.3,3.075,3.205,3.465
2009/09/14,3,,3,3.2,3.44,3.66,3.01,3.12,3.29,3.085,3.205,3.46
2009/09/15,3,,3,3.19,3.38,3.62,3.02,3.12,3.3,3.08,3.19,3.445
2009/09/16,3,,3,3.19,3.39,3.64,3.02,3.14,3.33,3.07,3.18,3.455
2009/09/17,3,,3,3.18,3.385,3.665,3.02,3.15,3.35,3.055,3.19,3.45
2009/09/18,3,,3,3.17,3.35,3.645,3.03,3.15,3.36,3.045,3.185,3.46
2009/09/21,3,,3,3.17,3.32,3.655,3.02,3.15,3.35,3.045,,
2009/09/22,3,,3,3.195,3.28,3.635,3.03,3.15,3.34,3.045,,
2009/09/23,3,,3,3.21,3.3,3.63,3.03,3.16,3.35,3.05,,
2009/09/24,3,,3,3.21,3.3,3.61,3.04,3.16,3.24,3.05,,
2009/09/25,3,,3,3.175,3.265,3.585,3.03,3.16,3.3,3.04,,
2009/09/28,3,,3,3.19,3.29,3.62,3.05,3.18,3.38,3.05,,
2009/09/29,3,,3,3.2,3.36,3.72,3.0475,3.215,3.48,3.045,,
2009/09/30,3,,3,3.245,3.365,3.75,3.065,3.2625,3.53,3.06,,
2009/10/01,3,,3,3.21,3.36,3.77,3.0675,3.27,3.55,3.055,3.235,3.62
2009/10/02,3,,3,3.195,3.42,3.78,3.0665,3.26,3.52,3.06,3.24,3.59
2009/10/05,3,,3,,,,,,,,,
2009/10/06,3,,3,3.37,3.61,3.9,3.285,3.46,3.7,3.24,3.395,3.685
2009/10/07,3.25,0.25,3.25,3.36,3.66,3.965,3.29,3.46,3.72,3.245,3.42,3.695
2009/10/08,3.25,,3.25,3.395,3.755,4.06,3.305,3.535,3.8,3.25,3.49,3.77
2009/10/09,3.25,,3.25,3.385,3.755,4.105,3.33,3.565,3.86,3.245,3.485,3.745
2009/10/12,3.25,,3.25,3.415,3.8,4.12,3.35,3.59,3.88,3.285,3.535,3.8
2009/10/13,3.25,,3.25,3.41,3.79,4.095,3.36,3.59,3.86,3.29,3.555,3.79
2009/10/14,3.25,,3.25,3.43,3.82,4.165,3.37,3.59,3.88,3.285,3.57,3.8
2009/10/15,3.25,,3.25,3.475,3.86,4.235,3.4,3.68,4.01,3.315,3.625,3.885
2009/10/16,3.25,,3.25,3.57,3.905,4.325,3.45,3.72,4.07,3.335,3.635,3.93
2009/10/19,3.25,,3.25,3.52,3.87,4.315,3.435,3.71,4.06,3.37,3.63,3.9
2009/10/20,3.25,,3.25,3.52,3.85,4.31,3.45,3.7,4.05,3.37,3.655,3.9
2009/10/21,3.25,,3.25,3.53,3.87,4.315,3.45,3.69,4.04,3.365,3.635,3.885
2009/10/22,3.25,,3.25,3.53,3.865,4.33,3.45,3.705,4.06,3.35,3.61,4.09
2009/10/23,3.25,,3.25,3.54,3.86,4.34,3.49,3.75,4.09,3.375,3.6,4.105
2009/10/26,3.25,,3.25,3.53,3.855,4.35,3.49,3.74,4.105,3.38,3.6,4.03
2009/10/27,3.25,,3.25,3.54,3.885,4.375,3.5,3.73,4.085,3.365,3.605,3.99
2009/10/28,3.25,,3.25,3.54,3.89,4.355,3.505,3.715,4.08,3.35,3.62,3.975
2009/10/29,3.25,,3.25,3.54,3.91,4.345,3.5,3.67,3.98,3.37,3.62,3.945
2009/10/30,3.25,,3.25,3.61,3.88,4.265,3.51,3.68,3.97,3.415,3.62,3.92
2009/11/02,3.25,,3.25,3.67,3.91,4.32,3.55,3.72,3.99,3.445,3.61,3.925
2009/11/03,3.25,,3.25,3.6,3.86,4.22,3.52,3.6,3.86,3.405,3.64,3.825
2009/11/04,3.5,0.25,3.5,3.7,3.92,4.3,3.53,3.6,3.89,3.44,3.64,3.815
2009/11/05,3.5,,3.5,3.73,3.92,4.31,3.53,3.64,3.91,3.445,3.65,3.84
2009/11/06,3.5,,3.5,3.7,3.95,4.33,3.55,3.66,3.95,3.46,3.67,3.86
2009/11/09,3.5,,3.5,3.67,3.96,4.32,3.56,3.67,3.96,3.475,3.675,
2009/11/10,3.5,,3.5,3.68,3.97,4.33,3.56,3.69,3.97,3.52,3.705,
2009/11/11,3.5,,3.5,3.69,3.99,4.35,3.58,3.69,3.99,3.56,3.71,
2009/11/12,3.5,,3.5,3.71,4.04,4.39,3.59,3.72,4.02,3.545,3.72,
2009/11/13,3.5,,3.5,3.74,3.99,4.39,3.6,3.73,4.05,3.605,3.73,
2009/11/16,3.5,,3.5,3.81,4,4.38,3.61,3.73,4.02,3.61,3.725,
2009/11/17,3.5,,3.5,3.78,3.95,4.34,3.59,3.69,3.96,3.605,3.72,
2009/11/18,3.5,,3.5,3.77,3.94,4.34,3.61,3.71,3.97,3.575,3.725,
2009/11/19,3.5,,3.5,3.77,3.93,4.34,3.61,3.71,3.95,3.605,3.695,
2009/11/20,3.5,,3.5,3.77,3.92,4.32,3.619,3.71,3.94,3.595,3.7,
2009/11/23,3.5,,3.5,3.77,3.925,4.325,3.6325,3.725,3.95,3.595,3.7,
2009/11/24,3.5,,3.5,3.76,3.96,4.355,3.64,3.7315,3.95,3.595,3.715,
2009/11/25,3.5,,3.5,3.77,3.99,4.39,3.66,3.75,3.99,3.595,3.705,
2009/11/26,3.5,,3.5,3.78,3.98,4.41,3.64,3.73,3.96,3.61,3.745,4.035
2009/11/27,3.5,,3.5,3.76,3.94,4.33,3.61,3.68,3.874,3.58,3.705,3.935
2009/11/30,3.5,,3.5,3.875,3.995,4.355,3.66,3.72,3.93,3.625,3.705,3.95
2009/12/01,3.5,,3.5,3.875,4.02,4.35,3.75,3.799,3.95,3.63,3.745,3.955
2009/12/02,3.75,0.25,3.75,3.885,4.045,4.355,3.75,3.799,3.98,3.665,3.765,3.93
2009/12/03,3.75,,3.75,3.885,4.045,4.355,3.76,3.82,4.005,3.65,3.775,3.93
2009/12/04,3.75,,3.75,3.885,4.04,4.375,3.75,3.795,4,3.64,3.78,3.925
2009/12/07,3.75,,3.75,3.9,4.09,4.39,3.755,3.819,4,3.65,3.795,
2009/12/08,3.75,,3.75,3.95,4.11,4.4,3.75,3.81,3.99,3.665,3.795,
2009/12/09,3.75,,3.75,3.97,4.12,4.375,3.76,3.82,3.98,3.665,3.805,
2009/12/10,3.75,,3.75,3.985,4.16,4.42,3.76,3.8425,4.05,3.67,3.83,
2009/12/11,3.75,,3.75,3.96,4.15,4.47,3.76,3.88,4.12,3.66,3.83,
2009/12/14,3.75,,3.75,3.965,4.245,4.53,3.76,3.88,4.11,3.685,3.84,
2009/12/15,3.75,,3.75,3.96,4.195,4.495,3.76,3.855,4.07,3.705,3.84,
2009/12/16,3.75,,3.75,3.95,4.105,4.355,3.76,3.835,3.995,3.715,3.835,
2009/12/17,3.75,,3.75,3.96,4.1,4.375,3.76,3.83,4,3.72,3.84,
2009/12/18,3.75,,3.75,3.965,4.11,4.35,3.75,3.84,3.995,3.725,3.84,
2009/12/21,3.75,,3.75,3.985,4.05,4.345,3.76,3.84,4.01,3.715,3.825,
2009/12/22,3.75,,3.75,4,4.075,4.39,3.76,3.855,4.04,3.71,3.84,
2009/12/23,3.75,,3.75,4,4.125,4.42,3.76,3.85,4.04,3.72,3.855,
2009/12/24,3.75,,3.75,4.04,4.195,4.455,3.755,3.86,4.05,3.745,3.87,
2009/12/29,3.75,,3.75,4.07,4.26,4.51,3.75,3.88,4.09,3.76,3.875,
2009/12/30,3.75,,3.75,4.12,4.265,4.49,3.745,3.875,4.08,3.76,3.885,
2009/12/31,3.75,,3.75,4.04,4.205,4.405,3.77,3.87,4.07,3.745,3.88,
2010/01/04,3.75,,3.75,3.96,4.13,4.41,3.8,3.895,4.12,3.73,3.87,
2010/01/05,3.75,,3.75,3.975,4.12,4.39,3.77,3.89,4.095,3.73,3.87,
2010/01/06,3.75,,3.75,3.95,4.14,4.4,3.79,3.91,4.11,3.74,3.87,
2010/01/07,3.75,,3.75,3.96,4.15,4.425,3.765,3.924,4.135,3.745,3.88,
2010/01/08,3.75,,3.75,3.95,4.14,4.445,3.78,3.95,4.165,3.75,3.89,
2010/01/11,3.75,,3.75,4.01,4.17,4.515,3.8,3.96,4.21,3.77,3.905,
2010/01/12,3.75,,3.75,4.005,4.18,4.54,3.795,3.945,4.185,3.77,3.905,
2010/01/13,3.75,,3.75,4.015,4.21,4.52,3.81,3.95,4.19,3.77,3.905,
2010/01/14,3.75,,3.75,4.04,4.24,4.57,3.83,3.99,4.22,3.77,3.915,
2010/01/15,3.75,,3.75,4.02,4.22,4.56,3.8425,3.99,4.21,3.785,3.91,
2010/01/18,3.75,,3.75,4.02,4.215,4.51,3.835,3.985,4.205,3.8,3.92,
2010/01/19,3.75,,3.74,4.02,4.185,4.48,3.845,3.99,4.205,3.8,3.93,
2010/01/20,3.75,,3.74,4.02,4.195,4.52,3.86,4.005,4.225,3.81,3.93,
2010/01/21,3.75,,3.75,4.025,4.22,4.535,3.87,4.01,4.22,3.81,3.93,
2010/01/22,3.75,,3.75,4.03,4.24,4.51,3.87,3.99,4.2,3.8,3.92,
2010/01/25,3.75,,3.75,4.02,4.24,4.53,3.88,3.995,4.185,3.83,3.92,
2010/01/27,3.75,,3.75,4.06,4.275,4.55,3.91,4.0325,4.22,3.82,3.9,
2010/01/28,3.75,,3.75,4.09,4.325,4.6,3.91,4.05,4.23,3.83,3.9,
2010/01/29,3.75,,3.75,4.07,4.27,4.51,3.89,4.01,4.18,3.83,3.91,
2010/02/01,3.75,,3.75,4.09,4.24,4.46,3.94,4.0215,4.16,3.855,3.91,
2010/02/02,3.75,,3.75,3.94,4.1,4.3,3.75,3.835,3.96,3.8,3.85,
2010/02/03,3.75,,3.75,3.94,4.12,4.32,3.75,3.85,3.97,3.78,3.83,
2010/02/04,3.75,,3.75,3.93,4.115,4.31,3.755,3.8425,3.97,3.77,3.83,
2010/02/05,3.75,,3.75,3.93,4.11,4.28,3.7625,3.83,3.95,3.78,3.84,
2010/02/08,3.75,,3.75,3.97,4.185,4.31,3.765,3.835,3.945,3.775,3.83,
2010/02/09,3.75,,3.75,3.95,4.17,4.325,3.77,3.84,3.9825,3.765,3.82,
2010/02/10,3.75,,3.75,3.955,4.17,4.32,3.765,3.844,3.97,3.755,3.81,
2010/02/11,3.75,,3.75,3.99,4.22,4.41,3.79,3.9,4.07,3.76,3.835,
2010/02/12,3.75,,3.75,3.96,4.215,4.4,3.81,3.92,4.07,3.755,3.835,
2010/02/15,3.75,,3.75,3.95,4.185,4.39,3.8025,3.89,4.05,3.75,3.82,
2010/02/16,3.75,,3.75,3.95,4.145,4.35,3.79,3.88,4.03,3.77,3.815,
2010/02/17,3.75,,3.75,3.94,4.155,4.38,3.805,3.9,4.06,3.765,3.81,
2010/02/18,3.75,,3.75,3.92,4.15,4.37,3.815,3.9075,4.07,3.77,3.84,
2010/02/19,3.75,,3.75,3.91,4.15,4.385,3.83,3.92,4.08,3.77,3.835,
2010/02/22,3.75,,3.75,3.92,4.16,4.4,3.83,3.925,4.09,3.765,3.84,
2010/02/23,3.75,,3.75,3.95,4.15,4.39,3.835,3.919,4.07,3.765,3.845,
2010/02/24,3.75,,3.75,3.945,4.15,4.38,3.815,3.905,4.05,3.755,3.835,
2010/02/25,3.75,,3.75,3.965,4.165,4.41,3.85,3.94,4.07,3.775,3.845,
2010/02/26,3.75,,3.75,3.96,4.14,4.415,3.88,3.96,4.1,3.79,3.865,
2010/03/01,3.75,,3.75,4.02,4.17,4.43,3.9,3.9775,4.12,3.795,3.87,
2010/03/02,3.75,,3.75,4.1,4.25,4.505,4.0025,4.08,4.2,3.865,3.95,
2010/03/03,4,0.25,4,4.1,4.235,4.48,4,4.09,4.2,3.895,3.975,
2010/03/04,4,,4,4.075,4.21,4.47,4.0025,4.089,4.21,3.905,3.975,
2010/03/05,4,,4,4.06,4.215,4.47,4.0075,4.099,4.225,3.915,3.99,
2010/03/08,4,,4,4.06,4.245,4.53,4.015,4.115,4.27,3.925,4,
2010/03/09,4,,4,4.065,4.28,4.545,4.0165,4.1225,4.27,3.935,4,
2010/03/10,4,,4,4.07,4.32,4.6,4.0175,4.13,4.3,3.94,4.01,
2010/03/11,4,,4,4.095,4.4,4.685,4.03,4.15,4.32,3.945,4.045,
2010/03/12,4,,4,4.06,4.45,4.71,4.04,4.158,4.33,3.945,4.05,
2010/03/15,4,,4,4.08,4.37,4.625,4.0375,4.16,4.33,3.96,4.07,
2010/03/16,4,,4,4.08,4.315,4.6,4.04,4.1475,4.31,3.955,4.055,
2010/03/17,4,,4,4.08,4.295,4.59,4.05,4.15,4.31,3.97,4.07,
2010/03/18,4,,4,4.09,4.29,4.58,4.045,4.16,4.31,3.99,4.07,
2010/03/19,4,,4,4.09,4.29,4.575,4.06,4.18,4.32,3.99,4.075,
2010/03/22,4,,4,4.09,4.26,4.63,4.065,4.19,4.355,4,4.075,
2010/03/23,4,,4,4.105,4.29,4.62,4.07,4.195,4.36,4,4.08,
2010/03/24,4,,4,4.14,4.385,4.65,4.09,4.22,4.39,4,4.085,
2010/03/25,4,,4,4.15,4.4,4.68,4.095,4.2325,4.405,4.02,4.14,
2010/03/26,4,,4,4.16,4.4,4.66,4.1,4.235,4.41,4.01,4.125,
2010/03/29,4,,4,4.16,4.49,4.71,4.13,4.28,4.46,4.02,4.145,
2010/03/30,4,,4,4.17,4.52,4.81,4.14,4.31,4.49,4.06,4.18,
2010/03/31,4,,4,4.195,4.435,4.69,4.14,4.29,4.48,4.06,4.175,
2010/04/01,4,,4,4.25,4.44,4.7,4.18,4.31,4.48,4.075,4.18,
2010/04/06,4,,4,4.33,4.54,4.775,4.26,4.3775,4.55,4.13,4.265,
2010/04/07,4.25,0.25,4.25,4.35,4.535,4.775,4.27,4.38,4.54,4.14,4.28,
2010/04/08,4.25,,4.25,4.33,4.53,4.765,4.27,4.38,4.54,4.155,4.28,
2010/04/09,4.25,,4.25,4.32,4.545,4.78,4.27,4.37,4.53,4.165,4.34,
2010/04/12,4.25,,4.25,4.335,4.55,4.765,4.28,4.37,4.52,4.155,4.315,
2010/04/13,4.25,,4.25,4.355,4.58,4.77,4.27,4.36,4.51,4.195,4.315,
2010/04/14,4.25,,4.25,4.38,4.59,4.79,4.28,4.365,4.53,4.21,4.335,
2010/04/15,4.25,,4.25,4.355,4.54,4.76,4.28,4.374,4.53,4.22,4.34,
2010/04/16,4.25,,4.25,4.32,4.515,4.74,4.28,4.385,4.515,4.26,4.355,
2010/04/19,4.25,,4.25,4.33,4.5,4.725,4.29,4.3725,4.52,4.28,4.37,
2010/04/20,4.25,,4.25,4.355,4.53,4.75,4.3,4.41,4.56,4.325,4.395,
2010/04/21,4.25,,4.25,4.35,4.54,4.78,4.325,4.43,4.58,4.31,4.4,
2010/04/22,4.25,,4.25,4.36,4.52,4.8,4.31,4.42,4.57,4.305,4.395,
2010/04/23,4.25,,4.25,4.355,4.53,4.78,4.3,4.41,4.555,4.3,4.385,
2010/04/27,4.25,,4.25,4.355,4.55,4.77,4.31,4.41,4.56,4.305,4.385,
2010/04/28,4.25,,4.25,4.37,4.61,4.825,4.3275,4.425,4.59,4.315,4.4,
2010/04/29,4.25,,4.25,4.375,4.63,4.9,4.36,4.47,4.6175,4.32,4.425,
2010/04/30,4.25,,4.25,4.43,4.595,4.84,4.4,4.5,4.66,4.37,4.47,
2010/05/03,4.25,,4.25,4.54,4.65,4.91,4.44,4.53,4.7,4.435,4.505,
2010/05/04,4.25,,4.25,4.57,4.71,4.94,4.52,4.59,4.73,4.48,4.565,
2010/05/05,4.5,0.25,4.5,4.57,4.74,4.95,4.51,4.58,4.72,4.48,4.555,
2010/05/06,4.5,,4.5,4.62,4.83,4.97,4.51,4.57,4.69,4.485,4.56,
2010/05/07,4.5,,4.5,4.7,4.85,4.935,4.49,4.5,4.55,4.495,4.52,
2010/05/10,4.5,,4.5,4.67,4.84,4.94,4.505,4.54,4.63,4.495,4.525,
2010/05/11,4.5,,4.5,4.68,4.825,4.93,4.5,4.54,4.63,4.495,4.525,
2010/05/12,4.5,,4.5,4.7,4.89,4.96,4.51,4.539,4.64,4.505,4.535,
2010/05/13,4.5,,4.5,4.71,4.88,4.975,4.51,4.56,4.67,4.51,4.555,4.655
2010/05/14,4.5,,4.5,4.7,4.85,4.95,4.51,4.56,4.66,4.51,4.555,4.67
2010/05/17,4.5,,4.5,4.69,4.83,4.94,4.5,4.54,4.62,4.515,4.55,4.655
2010/05/18,4.5,,4.5,4.65,4.82,4.93,4.5,4.53,4.5975,4.525,4.555,4.655
2010/05/19,4.5,,4.5,4.63,4.79,4.89,4.5,4.52,4.57,4.525,4.55,4.625
2010/05/20,4.5,,4.5,4.62,4.72,4.82,4.49,4.5,4.53,4.52,4.535,4.595
2010/05/21,4.5,,4.5,4.625,4.675,4.735,4.47,4.46,4.47,4.51,4.515,4.58
2010/05/24,4.5,,4.5,4.63,4.805,4.82,4.485,4.4775,4.5,4.52,4.525,4.575
2010/05/25,4.5,,4.5,4.68,4.82,4.88,4.475,4.44,4.42,4.51,4.52,4.555
2010/05/26,4.5,,4.5,4.685,4.825,4.9,4.47,4.45,4.42,4.515,4.525,4.555
2010/05/27,4.5,,4.5,4.685,4.85,4.92,4.49,4.49,4.4925,4.51,4.505,4.545
2010/05/28,4.5,,4.5,4.685,4.88,4.93,4.49,4.5,4.52,4.51,4.535,4.56
2010/05/31,4.5,,4.5,4.68,4.82,4.895,4.505,4.505,4.52,4.515,4.535,4.55
2010/06/01,4.5,,4.5,4.68,4.78,4.895,4.5,4.51,4.53,4.51,4.52,4.54
2010/06/02,4.5,,4.5,4.725,4.825,4.91,4.4975,4.4975,4.52,4.505,4.52,4.54
2010/06/03,4.5,,4.5,4.72,4.82,4.93,4.4975,4.5075,4.55,4.51,4.525,4.545
2010/06/04,4.5,,4.5,4.72,4.83,4.96,4.5,4.52,4.56,4.505,4.53,4.555
2010/06/07,4.5,,4.5,4.7,4.835,4.96,4.5,4.5,4.51,4.505,4.525,4.55
2010/06/08,4.5,,4.5,4.705,4.88,4.99,4.5,4.5,4.53,4.51,4.53,4.55
2010/06/09,4.5,,4.5,4.71,4.88,5,4.5,4.51,4.53,4.525,4.54,4.565
2010/06/10,4.5,,4.5,4.71,4.9,4.99,4.5,4.53,4.58,4.53,4.545,4.625
2010/06/11,4.5,,4.5,4.71,4.89,5.02,4.5,4.53,4.59,4.53,4.545,4.625
2010/06/15,4.5,,4.5,4.695,4.87,4.975,4.5,4.53,4.59,4.53,4.555,4.625
2010/06/16,4.5,,4.5,4.71,4.88,5,4.5,4.54,4.61,4.54,4.57,4.645
2010/06/17,4.5,,4.5,4.7,4.855,4.99,4.5,4.535,4.6,4.53,4.56,4.665
2010/06/18,4.5,,4.5,4.71,4.92,5.02,4.5,4.53,4.6,4.53,4.57,4.66
2010/06/21,4.5,,4.5,4.725,4.92,5.04,4.5,4.56,4.64,4.53,4.59,4.665
2010/06/22,4.5,,4.5,4.72,4.91,5.065,4.5,4.55,4.62,4.53,4.595,4.655
2010/06/23,4.5,,4.5,4.72,4.93,5.075,4.495,4.54,4.6,4.525,4.6,4.655
2010/06/24,4.5,,4.5,4.715,4.945,5.07,4.5,4.535,4.595,4.525,4.58,4.645
2010/06/25,4.5,,4.5,4.72,4.96,5.08,4.5,4.53,4.58,4.525,4.57,4.63
2010/06/28,4.5,,4.5,4.72,4.96,5.09,4.5,4.5315,4.58,4.53,4.565,4.63
2010/06/29,4.5,,4.5,4.72,4.96,5.07,4.505,4.52,4.55,4.525,4.57,4.625
2010/06/30,4.5,,4.5,4.705,4.89,4.97,4.49,4.51,4.53,4.525,4.56,4.62
2010/07/01,4.5,,4.5,4.715,4.86,4.96,4.49,4.5,4.51,4.525,4.565,4.61
2010/07/02,4.5,,4.5,4.74,4.87,4.99,4.49,4.5,4.5,4.52,4.565,4.61
2010/07/05,4.5,,4.5,4.735,4.87,4.96,4.49,4.49,4.49,4.535,4.565,
2010/07/06,4.5,,4.5,4.72,4.83,4.93,4.5,4.5,4.5,4.535,4.56,
2010/07/07,4.5,,4.5,4.74,4.85,4.92,4.495,4.5,4.495,4.535,4.555,
2010/07/08,4.5,,4.5,4.75,4.91,5.01,4.515,4.565,4.605,4.545,4.565,
2010/07/09,4.5,,4.5,4.73,4.89,5.06,4.52,4.5725,4.62,4.55,4.585,
2010/07/12,4.5,,4.5,4.74,4.85,5.04,4.52,4.57,4.61,4.55,4.585,
2010/07/13,4.5,,4.5,4.74,4.865,5.03,4.52,4.56,4.6,4.55,4.585,
2010/07/14,4.5,,4.5,4.74,4.87,5.06,4.52,4.5725,4.63,4.555,4.59,
2010/07/15,4.5,,4.5,4.745,4.86,5.045,4.52,4.57,4.62,4.56,4.59,
2010/07/16,4.5,,4.5,4.74,4.83,4.965,4.52,4.5725,4.63,4.565,4.595,
2010/07/19,4.5,,4.5,4.74,4.83,4.94,4.52,4.5675,4.62,4.555,4.59,
2010/07/20,4.5,,4.5,4.73,4.83,4.965,4.54,4.58,4.655,4.55,4.59,
2010/07/21,4.5,,4.5,4.74,4.83,5.01,4.545,4.5915,4.6525,4.55,4.59,
2010/07/22,4.5,,4.5,4.69,4.81,5,4.5425,4.595,4.65,4.545,4.595,
2010/07/23,4.5,,4.5,4.71,4.83,5.05,4.56,4.6025,4.67,4.545,4.6,
2010/07/26,4.5,,4.5,4.72,4.83,5.06,4.56,4.61,4.68,4.545,4.6,
2010/07/27,4.5,,4.5,4.73,4.84,5.07,4.565,4.6075,4.6775,4.565,4.605,
2010/07/28,4.5,,4.5,4.68,4.79,4.98,4.504,4.5275,4.58,4.52,4.545,
2010/07/29,4.5,,4.5,4.675,4.78,4.96,4.51,4.53,4.59,4.525,4.555,
2010/07/30,4.5,,4.5,4.66,4.76,4.905,4.505,4.525,4.57,4.525,4.545,
2010/08/02,4.5,,4.5,,,,,,,,,
2010/08/03,4.5,,4.5,4.65,4.73,4.89,4.51,4.53,4.58,4.52,4.535,
2010/08/04,4.5,,4.5,4.645,4.74,4.895,4.51,4.53,4.58,4.515,4.53,
2010/08/05,4.5,,4.5,4.64,4.75,4.885,4.51,4.5275,4.59,4.51,4.535,
2010/08/06,4.5,,4.5,4.64,4.765,4.91,4.505,4.5325,4.6,4.515,4.535,
2010/08/09,4.5,,4.5,4.635,4.76,4.94,4.505,4.53,4.59,4.515,4.54,
2010/08/10,4.5,,4.5,4.62,4.77,4.95,4.505,4.53,4.59,4.515,4.54,
2010/08/11,4.5,,4.5,4.605,4.75,4.935,4.51,4.5265,4.58,4.505,4.53,
2010/08/12,4.5,,4.5,4.6,4.76,4.9,4.5065,4.5205,4.57,4.495,4.515,
2010/08/13,4.5,,4.5,4.6,4.755,4.89,4.51,4.518,4.57,4.495,4.505,
2010/08/16,4.5,,4.5,4.62,4.74,4.9,4.5,4.5125,4.55,4.47,4.49,
2010/08/17,4.5,,4.5,4.625,4.76,4.91,4.5,4.51,4.55,4.475,4.495,
2010/08/18,4.5,,4.5,4.62,4.74,4.89,4.5,4.5115,4.55,4.48,4.495,
2010/08/19,4.5,,4.5,4.62,4.73,4.855,4.5,4.5115,4.55,4.475,4.495,
2010/08/20,4.5,,4.5,4.63,4.725,4.855,4.4975,4.505,4.515,4.475,4.495,
2010/08/23,4.5,,4.5,4.62,4.73,4.885,4.5,4.5,4.53,4.48,4.495,
2010/08/24,4.5,,4.5,4.61,4.73,4.86,4.5,4.49,4.51,4.475,4.49,
2010/08/25,4.5,,4.5,4.6,4.71,4.81,4.49,4.47,4.47,4.47,4.485,
2010/08/26,4.5,,4.5,4.6,4.72,4.8,4.485,4.4815,4.48,4.48,4.495,
2010/08/27,4.5,,4.5,4.6,4.74,4.83,4.485,4.4665,4.47,4.48,4.495,
2010/08/30,4.5,,4.5,4.61,4.76,4.88,4.488,4.483,4.47,4.48,4.5,
2010/08/31,4.5,,4.5,4.635,4.735,4.845,4.485,4.4775,4.46,4.485,4.495,
2010/09/01,4.5,,4.5,4.63,4.73,4.83,4.4925,4.4925,4.5,4.49,4.495,
2010/09/02,4.5,,4.5,4.615,4.735,4.86,4.495,4.5025,4.51,4.51,4.535,
2010/09/03,4.5,,4.5,4.615,4.73,4.87,4.5,4.51,4.525,4.52,4.54,
2010/09/06,4.5,,4.5,4.615,4.75,4.885,4.5,4.53,4.555,4.53,4.55,
2010/09/07,4.5,,4.5,4.6,4.755,4.88,4.5025,4.5325,4.565,4.555,4.57,
2010/09/08,4.5,,4.5,4.6,4.75,4.89,4.51,4.535,4.56,4.545,4.565,
2010/09/09,4.5,,4.5,4.61,4.81,4.97,4.52,4.588,4.66,4.57,4.61,
2010/09/10,4.5,,4.5,4.6,4.8,4.985,4.52,4.6,4.68,4.57,4.61,
2010/09/13,4.5,,4.5,4.59,4.805,4.99,4.5275,4.6075,4.7,4.565,4.615,
2010/09/14,4.5,,4.5,4.6,4.83,5,4.5275,4.6025,4.69,4.565,4.605,
2010/09/15,4.5,,4.5,4.6,4.79,5.005,4.5325,4.6075,4.7,4.565,4.61,
2010/09/16,4.5,,4.5,4.59,4.79,4.98,4.53,4.6,4.68,4.575,4.62,
2010/09/17,4.5,,4.5,4.59,4.79,4.99,4.535,4.6075,4.71,4.585,4.63,
2010/09/20,4.5,,4.5,4.6,4.8,5.01,4.55,4.64,4.75,4.6,4.645,
2010/09/21,4.5,,4.5,4.61,4.825,5.08,4.56,4.67,4.78,4.61,4.655,
2010/09/22,4.5,,4.5,4.63,4.84,5.12,4.6,4.715,4.815,4.62,4.675,
2010/09/23,4.5,,4.5,4.645,4.84,5.12,4.605,4.715,4.8175,4.64,4.735,
2010/09/24,4.5,,4.5,4.66,4.85,5.125,4.6125,4.715,4.8075,4.64,4.745,
2010/09/27,4.5,,4.5,4.66,4.94,5.105,4.6275,4.7325,4.8325,4.645,4.77,
2010/09/28,4.5,,4.5,4.68,4.92,5.12,4.635,4.7315,4.8275,4.645,4.785,
2010/09/29,4.5,,4.5,4.685,4.97,5.16,4.6425,4.735,4.84,4.65,4.795,
2010/09/30,4.5,,4.5,4.685,4.895,5.115,4.6175,4.715,4.81,4.64,4.78,
2010/10/01,4.5,,4.5,4.71,4.925,5.13,4.655,4.75,4.86,4.65,4.805,
2010/10/04,4.5,,4.5,,,,,,,,,
2010/10/05,4.5,,4.5,4.6,4.795,5,4.52,4.6,4.69,4.605,,
2010/10/06,4.5,,4.5,4.6,4.82,5.045,4.525,4.6125,4.71,4.59,,
2010/10/07,4.5,,4.5,4.635,4.855,5.105,4.5275,4.6725,4.795,4.605,4.695,
2010/10/08,4.5,,4.5,4.64,4.83,5.08,4.54,4.66,4.77,4.585,4.695,
2010/10/11,4.5,,4.5,4.625,4.825,5.07,4.54,4.645,4.76,4.57,4.69,
2010/10/12,4.5,,4.5,4.62,4.81,5.045,4.5425,4.625,4.723,4.565,4.68,
2010/10/13,4.5,,4.5,4.62,4.795,5.03,4.54,4.61,4.71,4.565,4.665,
2010/10/14,4.5,,4.5,4.625,4.8,5,4.54,4.61,4.69,4.56,4.67,
2010/10/15,4.5,,4.5,4.63,4.785,5.005,4.55,4.62,4.71,4.56,4.68,
2010/10/18,4.5,,4.5,4.615,4.77,4.99,4.5525,4.625,4.71,4.56,4.68,
2010/10/19,4.5,,4.5,4.61,4.78,5.015,4.5675,4.6375,4.73,4.595,4.68,
2010/10/20,4.5,,4.5,4.615,4.79,5.01,4.56,4.6275,4.71,4.59,4.675,
2010/10/21,4.5,,4.5,4.62,4.765,5.01,4.565,4.634,4.725,4.595,4.65,
2010/10/22,4.5,,4.5,4.63,4.775,5.02,4.575,4.644,4.74,4.6,4.64,
2010/10/25,4.5,,4.5,4.66,4.84,5.12,4.61,4.68,4.78,4.62,4.665,
2010/10/26,4.5,,4.5,4.66,4.85,5.105,4.605,4.6675,4.765,4.605,4.66,
2010/10/27,4.5,,4.5,4.605,4.775,4.995,4.54,4.59,4.67,4.575,4.625,
2010/10/28,4.5,,4.5,4.64,4.815,4.99,4.558,4.6075,4.6925,4.58,4.625,
2010/10/29,4.5,,4.5,4.64,4.78,4.985,4.565,4.615,4.695,4.58,4.625,
2010/11/01,4.5,,4.5,4.63,4.815,5,4.58,4.63,4.71,4.595,4.63,
2010/11/02,4.5,,4.5,4.83,4.975,5.135,4.7575,4.7925,4.87,4.765,4.815,
2010/11/03,4.75,0.25,4.75,4.83,4.965,5.12,4.76,4.8,4.87,4.775,4.82,
2010/11/04,4.75,,4.75,4.82,4.96,5.12,4.755,4.795,4.87,4.775,4.825,
2010/11/05,4.75,,4.75,4.82,4.99,5.16,4.76,4.8,4.88,4.775,4.82,
2010/11/08,4.75,,4.75,4.81,5.01,5.18,4.7575,4.7975,4.88,4.775,4.825,
2010/11/09,4.75,,4.75,4.83,5.02,5.165,4.76,4.795,4.88,4.79,4.825,
2010/11/10,4.75,,4.75,4.83,5.05,5.185,4.755,4.79,4.873,4.785,4.82,
2010/11/11,4.75,,4.75,4.825,5.05,5.17,4.7565,4.795,4.8675,4.785,4.84,4.935
2010/11/12,4.75,,4.75,4.83,5.05,5.17,4.76,4.8,4.86,4.79,4.84,4.935
2010/11/15,4.75,,4.75,4.805,5.015,5.155,4.76,4.795,4.865,4.805,4.85,
2010/11/16,4.75,,4.75,4.81,5.025,5.18,4.76,4.79,4.8615,4.795,4.835,
2010/11/17,4.75,,4.75,4.82,5.035,5.18,4.76,4.79,4.87,4.795,4.83,
2010/11/18,4.75,,4.75,4.82,5.03,5.17,4.7615,4.795,4.869,4.795,4.83,
2010/11/19,4.75,,4.75,4.82,5.03,5.175,4.763,4.798,4.88,4.8,4.84,
2010/11/22,4.75,,4.75,4.81,5.02,5.2,4.7655,4.8,4.88,4.79,4.835,
2010/11/23,4.75,,4.75,4.83,5.025,5.21,4.77,4.8,4.87,4.79,4.835,
2010/11/24,4.75,,4.75,4.83,5.055,5.23,4.764,4.7955,4.87,4.79,4.83,
2010/11/25,4.75,,4.75,4.83,5.06,5.24,4.764,4.795,4.8675,4.79,4.845,
2010/11/26,4.75,,4.75,4.835,5.06,5.245,4.755,4.785,4.8525,4.785,4.84,
2010/11/29,4.75,,4.75,4.83,5.06,5.245,4.76,4.785,4.85,4.785,4.83,
2010/11/30,4.75,,4.75,4.835,5.02,5.2,4.755,4.78,4.84,4.78,4.825,
2010/12/01,4.75,,4.75,4.84,5.01,5.165,4.755,4.775,4.825,4.78,4.825,
2010/12/02,4.75,,4.75,4.82,5,5.17,4.755,4.775,4.835,,4.825,
2010/12/03,4.75,,4.75,4.83,5.005,5.175,4.755,4.7725,4.83,,4.82,
2010/12/06,4.75,,4.75,4.835,5.005,5.185,4.753,4.775,4.8275,4.8,4.82,
2010/12/07,4.75,,4.75,4.825,5,5.175,4.755,4.7765,4.83,4.805,4.825,
2010/12/08,4.75,,4.75,4.855,5.025,5.225,4.75,4.78,4.85,4.805,4.82,
2010/12/09,4.75,,4.75,4.845,5.065,5.255,4.755,4.79,4.8675,4.81,4.83,
2010/12/10,4.75,,4.75,4.84,5.1,5.235,4.75,4.79,4.87,4.81,4.845,
2010/12/13,4.75,,4.75,4.83,5.09,5.22,4.755,4.785,4.865,4.815,4.845,
2010/12/14,4.75,,4.75,4.82,5.09,5.235,4.754,4.7825,4.865,4.815,4.845,
2010/12/15,4.75,,4.75,4.835,5.075,5.215,4.753,4.7865,4.865,4.815,4.85,
2010/12/16,4.75,,4.75,4.84,5.02,5.195,4.75,4.7825,4.86,4.815,4.845,
2010/12/17,4.75,,4.75,4.83,4.98,5.18,4.75,4.79,4.86,4.815,4.845,
2010/12/20,4.75,,4.75,4.82,4.98,5.16,4.75,4.79,4.86,4.815,4.84,
2010/12/21,4.75,,4.75,4.83,4.99,5.18,4.75,4.785,4.86,4.81,4.84,
2010/12/22,4.75,,4.75,4.825,5,5.18,4.75,4.79,4.87,4.805,4.84,
2010/12/23,4.75,,4.75,4.825,5.01,5.21,4.75,4.79,4.88,4.805,4.84,
2010/12/24,4.75,,4.75,4.82,5,5.215,4.753,4.793,4.8775,4.805,4.84,
2010/12/29,4.75,,4.75,4.82,5.02,5.225,4.75,4.8,4.89,4.8,4.845,
2010/12/30,4.75,,4.75,4.825,5.03,5.23,4.748,4.795,4.87,4.8,4.84,
2010/12/31,4.75,,4.75,4.83,5.015,5.2,4.753,4.795,4.8675,4.795,4.835,
